1787222377775 taskbar:preview-shell-hook-owned
1787222377798 frame-visible
1787222377808 wallpaper:loaded
1787222377810 frame-visible
1787222377810 icon:bc7-gpu-uploaded
1787222377812 frame-visible
1787222377812 icon:bc7-gpu-uploaded
1787222377867 shell-event
1787222377880 frame-visible
1787222377880 icon:bc7-gpu-uploaded
1787222377940 frame-visible
1787222377940 icon:bc7-gpu-uploaded
1787222378037 clock:updated
1787222378040 frame-visible
1787222378040 icon:bc7-gpu-uploaded
1787222378263 status:snapshot-updated
1787222378263 frame-visible
1787222378263 icon:bc7-gpu-uploaded
1787222378383 notification:snapshot-reconciled
1787222378383 frame-visible
1787222378383 icon:bc7-gpu-uploaded
1787222378783 status:snapshot-updated
1787222378792 frame-visible
1787222378793 icon:bc7-gpu-uploaded
1787222379025 clock:updated
1787222379026 frame-visible
1787222379026 icon:bc7-gpu-uploaded
1787222379310 status:snapshot-updated
1787222379310 frame-visible
1787222379310 icon:bc7-gpu-uploaded
1787222379823 status:snapshot-updated
1787222379823 frame-visible
1787222379823 icon:bc7-gpu-uploaded
1787222380049 clock:updated
1787222380057 frame-visible
1787222380057 icon:bc7-gpu-uploaded
1787222380395 status:snapshot-updated
1787222380395 frame-visible
1787222380395 icon:bc7-gpu-uploaded
1787222380915 status:snapshot-updated
1787222380923 frame-visible
1787222380923 icon:bc7-gpu-uploaded
1787222381030 clock:updated
1787222381030 frame-visible
1787222381030 icon:bc7-gpu-uploaded
1787222381431 status:snapshot-updated
1787222381440 frame-visible
1787222381440 icon:bc7-gpu-uploaded
1787222381946 status:snapshot-updated
1787222381947 frame-visible
1787222381947 icon:bc7-gpu-uploaded
1787222382003 clock:updated
1787222382007 frame-visible
1787222382007 icon:bc7-gpu-uploaded
1787222382461 status:snapshot-updated
1787222382461 frame-visible
1787222382462 icon:bc7-gpu-uploaded
1787222383041 clock:updated
1787222383041 status:snapshot-updated
1787222383041 frame-visible
1787222383041 icon:bc7-gpu-uploaded
1787222383558 status:snapshot-updated
1787222383558 frame-visible
1787222383558 icon:bc7-gpu-uploaded
1787222384009 clock:updated
1787222384009 frame-visible
1787222384009 icon:bc7-gpu-uploaded
1787222384066 status:snapshot-updated
1787222384073 frame-visible
1787222384074 icon:bc7-gpu-uploaded
1787222384582 status:snapshot-updated
1787222384591 frame-visible
1787222384591 icon:bc7-gpu-uploaded
1787222408698 taskbar:preview-shell-hook-owned
1787222408722 frame-visible
1787222408732 wallpaper:loaded
1787222408735 frame-visible
1787222408735 icon:bc7-gpu-uploaded
1787222408737 frame-visible
1787222408737 icon:bc7-gpu-uploaded
1787222408789 shell-event
1787222408790 frame-visible
1787222408790 icon:bc7-gpu-uploaded
1787222409015 clock:updated
1787222409023 frame-visible
1787222409024 icon:bc7-gpu-uploaded
1787222409185 status:snapshot-updated
1787222409190 frame-visible
1787222409190 icon:bc7-gpu-uploaded
1787222409304 notification:snapshot-reconciled
1787222409306 frame-visible
1787222409307 icon:bc7-gpu-uploaded
1787222409701 status:snapshot-updated
1787222409707 frame-visible
1787222409707 icon:bc7-gpu-uploaded
1787222410048 clock:updated
1787222410057 frame-visible
1787222410057 icon:bc7-gpu-uploaded
1787222410219 status:snapshot-updated
1787222410223 frame-visible
1787222410223 icon:bc7-gpu-uploaded
1787222410490 frame-visible
1787222410490 icon:bc7-gpu-uploaded
1787222410736 status:snapshot-updated
1787222410740 frame-visible
1787222410740 icon:bc7-gpu-uploaded
1787222411025 clock:updated
1787222411026 frame-visible
1787222411026 icon:bc7-gpu-uploaded
1787222411309 status:snapshot-updated
1787222411309 frame-visible
1787222411309 icon:bc7-gpu-uploaded
1787222411826 status:snapshot-updated
1787222411826 frame-visible
1787222411827 icon:bc7-gpu-uploaded
1787222412053 clock:updated
1787222412056 frame-visible
1787222412056 icon:bc7-gpu-uploaded
1787222412342 status:snapshot-updated
1787222412343 frame-visible
1787222412343 icon:bc7-gpu-uploaded
1787222412856 status:snapshot-updated
1787222412857 frame-visible
1787222412857 icon:bc7-gpu-uploaded
1787222413026 clock:updated
1787222413026 frame-visible
1787222413026 icon:bc7-gpu-uploaded
1787222413373 status:snapshot-updated
1787222413373 frame-visible
1787222413373 icon:bc7-gpu-uploaded
1787222413953 status:snapshot-updated
1787222413957 frame-visible
1787222413957 icon:bc7-gpu-uploaded
1787222414010 clock:updated
1787222414010 frame-visible
1787222414010 icon:bc7-gpu-uploaded
1787222414470 status:snapshot-updated
1787222414473 frame-visible
1787222414474 icon:bc7-gpu-uploaded
1787222414979 status:snapshot-updated
1787222414979 frame-visible
1787222414980 icon:bc7-gpu-uploaded
1787222415043 clock:updated
1787222415046 frame-visible
1787222415046 icon:bc7-gpu-uploaded
1787222415501 status:snapshot-updated
1787222415507 frame-visible
1787222415507 icon:bc7-gpu-uploaded
1787222416020 clock:updated
1787222416020 status:snapshot-updated
1787222416023 frame-visible
1787222416023 icon:bc7-gpu-uploaded
1787222416593 status:snapshot-updated
1787222416593 frame-visible
1787222416593 icon:bc7-gpu-uploaded
1787222417053 clock:updated
1787222417057 frame-visible
1787222417057 icon:bc7-gpu-uploaded
1787222417109 status:snapshot-updated
1787222417110 frame-visible
1787222417110 icon:bc7-gpu-uploaded
1787222461778 taskbar:preview-shell-hook-owned
1787222461802 frame-visible
1787222461812 wallpaper:loaded
1787222461814 frame-visible
1787222461814 icon:bc7-gpu-uploaded
1787222461815 frame-visible
1787222461815 icon:bc7-gpu-uploaded
1787222461870 shell-event
1787222461874 frame-visible
1787222461874 icon:bc7-gpu-uploaded
1787222462041 clock:updated
1787222462041 frame-visible
1787222462041 icon:bc7-gpu-uploaded
1787222462267 status:snapshot-updated
1787222462273 frame-visible
1787222462273 icon:bc7-gpu-uploaded
1787222462388 notification:snapshot-reconciled
1787222462389 frame-visible
1787222462390 icon:bc7-gpu-uploaded
1787222462784 status:snapshot-updated
1787222462790 frame-visible
1787222462790 icon:bc7-gpu-uploaded
1787222463019 clock:updated
1787222463023 frame-visible
1787222463023 icon:bc7-gpu-uploaded
1787222463306 status:snapshot-updated
1787222463306 frame-visible
1787222463306 icon:bc7-gpu-uploaded
1787222463820 status:snapshot-updated
1787222463823 frame-visible
1787222463823 icon:bc7-gpu-uploaded
1787222464047 clock:updated
1787222464057 frame-visible
1787222464057 icon:bc7-gpu-uploaded
1787222464391 status:snapshot-updated
1787222464391 frame-visible
1787222464391 icon:bc7-gpu-uploaded
1787222464505 shell-event
1787222464507 frame-visible
1787222464507 icon:bc7-gpu-uploaded
1787222464908 status:snapshot-updated
1787222464908 frame-visible
1787222464908 icon:bc7-gpu-uploaded
1787222465023 clock:updated
1787222465024 frame-visible
1787222465024 icon:bc7-gpu-uploaded
1787222465422 status:snapshot-updated
1787222465423 frame-visible
1787222465423 icon:bc7-gpu-uploaded
1787222465938 status:snapshot-updated
1787222465939 frame-visible
1787222465940 icon:bc7-gpu-uploaded
1787222466052 clock:updated
1787222466056 frame-visible
1787222466057 icon:bc7-gpu-uploaded
1787222466455 status:snapshot-updated
1787222466456 frame-visible
1787222466456 icon:bc7-gpu-uploaded
1787222466978 status:snapshot-updated
1787222466978 frame-visible
1787222466978 icon:bc7-gpu-uploaded
1787222467036 clock:updated
1787222467040 frame-visible
1787222467040 icon:bc7-gpu-uploaded
1787222467553 status:snapshot-updated
1787222467556 frame-visible
1787222467556 icon:bc7-gpu-uploaded
1787222514384 taskbar:preview-shell-hook-owned
1787222514409 frame-visible
1787222514421 wallpaper:loaded
1787222514423 frame-visible
1787222514424 icon:bc7-gpu-uploaded
1787222514425 frame-visible
1787222514426 icon:bc7-gpu-uploaded
1787222514481 shell-event
1787222514489 frame-visible
1787222514489 icon:bc7-gpu-uploaded
1787222514824 status:snapshot-updated
1787222514824 frame-visible
1787222514824 icon:bc7-gpu-uploaded
1787222514956 frame-visible
1787222514956 icon:bc7-gpu-uploaded
1787222515007 clock:updated
1787222515008 notification:snapshot-reconciled
1787222515008 frame-visible
1787222515008 icon:bc7-gpu-uploaded
1787222515403 status:snapshot-updated
1787222515406 frame-visible
1787222515406 icon:bc7-gpu-uploaded
1787222515586 notification:snapshot-reconciled
1787222515586 frame-visible
1787222515586 icon:bc7-gpu-uploaded
1787222515927 status:snapshot-updated
1787222515927 frame-visible
1787222515927 icon:bc7-gpu-uploaded
1787222516041 clock:updated
1787222516042 frame-visible
1787222516042 icon:bc7-gpu-uploaded
1787222516168 notification:snapshot-reconciled
1787222516168 frame-visible
1787222516168 icon:bc7-gpu-uploaded
1787222516454 status:snapshot-updated
1787222516458 frame-visible
1787222516458 icon:bc7-gpu-uploaded
1787222516752 notification:snapshot-reconciled
1787222516752 frame-visible
1787222516752 icon:bc7-gpu-uploaded
1787222516982 status:snapshot-updated
1787222516989 frame-visible
1787222516989 icon:bc7-gpu-uploaded
1787222517040 clock:updated
1787222517040 frame-visible
1787222517040 icon:bc7-gpu-uploaded
1787222517335 notification:snapshot-reconciled
1787222517335 frame-visible
1787222517336 icon:bc7-gpu-uploaded
1787222517506 status:snapshot-updated
1787222517506 frame-visible
1787222517507 icon:bc7-gpu-uploaded
1787222518029 clock:updated
1787222518029 status:snapshot-updated
1787222518029 frame-visible
1787222518029 icon:bc7-gpu-uploaded
1787222518551 status:snapshot-updated
1787222518556 frame-visible
1787222518556 icon:bc7-gpu-uploaded
1787222519006 clock:updated
1787222519006 frame-visible
1787222519006 icon:bc7-gpu-uploaded
1787222519073 status:snapshot-updated
1787222519073 frame-visible
1787222519073 icon:bc7-gpu-uploaded
1787222519584 status:snapshot-updated
1787222519589 frame-visible
1787222519589 icon:bc7-gpu-uploaded
1787222520001 clock:updated
1787222520006 frame-visible
1787222520006 icon:bc7-gpu-uploaded
1787222520114 status:snapshot-updated
1787222520124 frame-visible
1787222520124 icon:bc7-gpu-uploaded
1787222520694 status:snapshot-updated
1787222520695 frame-visible
1787222520695 icon:bc7-gpu-uploaded
1787222521047 clock:updated
1787222521056 frame-visible
1787222521056 icon:bc7-gpu-uploaded
1787222521218 status:snapshot-updated
1787222521223 frame-visible
1787222521223 icon:bc7-gpu-uploaded
1787222521741 status:snapshot-updated
1787222521741 frame-visible
1787222521741 icon:bc7-gpu-uploaded
1787222563838 taskbar:preview-shell-hook-owned
1787222563863 frame-visible
1787222563874 wallpaper:loaded
1787222563876 frame-visible
1787222563876 icon:bc7-gpu-uploaded
1787222563877 frame-visible
1787222563877 icon:bc7-gpu-uploaded
1787222563933 shell-event
1787222563939 frame-visible
1787222563939 icon:bc7-gpu-uploaded
1787222564046 clock:updated
1787222564056 frame-visible
1787222564056 icon:bc7-gpu-uploaded
1787222564329 status:snapshot-updated
1787222564329 frame-visible
1787222564329 icon:bc7-gpu-uploaded
1787222564406 frame-visible
1787222564406 icon:bc7-gpu-uploaded
1787222564451 notification:snapshot-reconciled
1787222564451 frame-visible
1787222564451 icon:bc7-gpu-uploaded
1787222564570 notification:owned-overflow-opened
1787222564580 frame-visible
1787222564580 icon:bc7-gpu-uploaded
1787222604068 taskbar:preview-shell-hook-owned
1787222604095 frame-visible
1787222604105 wallpaper:loaded
1787222604107 frame-visible
1787222604107 icon:bc7-gpu-uploaded
1787222604109 frame-visible
1787222604109 icon:bc7-gpu-uploaded
1787222604164 shell-event
1787222604172 frame-visible
1787222604172 icon:bc7-gpu-uploaded
1787222604505 status:snapshot-updated
1787222604506 frame-visible
1787222604506 icon:bc7-gpu-uploaded
1787222604639 frame-visible
1787222604639 icon:bc7-gpu-uploaded
1787222604684 notification:snapshot-reconciled
1787222604684 frame-visible
1787222604684 icon:bc7-gpu-uploaded
1787222604812 notification:owned-overflow-opened
1787222604815 frame-visible
1787222604816 icon:bc7-gpu-uploaded
1787222605028 clock:updated
1787222605029 frame-visible
1787222605029 icon:bc7-gpu-uploaded
1787222605033 notification:overflow-dismissed
1787222605037 notification:event-completed
1787222605037 frame-visible
1787222605037 icon:bc7-gpu-uploaded
1787222605084 status:snapshot-updated
1787222605089 frame-visible
1787222605089 icon:bc7-gpu-uploaded
1787222605191 notification:event-completed
17872226052061787222639610 taskbar:preview-shell-hook-owned
1787222639638 frame-visible
1787222639650 wallpaper:loaded
1787222639652 frame-visible
1787222639652 icon:bc7-gpu-uploaded
1787222639653 frame-visible
1787222639654 icon:bc7-gpu-uploaded
1787222639708 shell-event
1787222639709 frame-visible
1787222639709 icon:bc7-gpu-uploaded
1787222640049 clock:updated
1787222640049 status:snapshot-updated
1787222640055 frame-visible
1787222640056 icon:bc7-gpu-uploaded
1787222640232 notification:snapshot-reconciled
1787222640233 frame-visible
1787222640233 icon:bc7-gpu-uploaded
1787222640256 frame-visible
1787222640256 icon:bc7-gpu-uploaded
1787222640422 notification:owned-overflow-opened
1787222640428 frame-visible
1787222640428 icon:bc7-gpu-uploaded
1787222640575 status:snapshot-updated
1787222640575 frame-visible
1787222640576 icon:bc7-gpu-uploaded
1787222640637 notification:overflow-closed
1787222640640 frame-visible
1787222640640 icon:bc7-gpu-uploaded
1787222640814 notification:snapshot-reconciled
1787222640814 frame-visible
1787222640814 icon:bc7-gpu-uploaded
1787222640927 frame-visible
1787222640927 icon:bc7-gpu-uploaded
1787222641044 clock:updated
1787222641044 frame-visible
1787222641044 icon:bc7-gpu-uploaded
1787222641158 status:snapshot-updated
1787222641159 frame-visible
1787222641159 icon:bc7-gpu-uploaded
1787222641399 notification:snapshot-reconciled
1787222641399 frame-visible
1787222641400 icon:bc7-gpu-uploaded
1787222641684 status:snapshot-updated
1787222641689 frame-visible
1787222641689 icon:bc7-gpu-uploaded
1787222641984 notification:snapshot-reconciled
1787222641984 frame-visible
1787222641984 icon:bc7-gpu-uploaded
1787222642040 clock:updated
1787222642041 frame-visible
1787222642041 icon:bc7-gpu-uploaded
1787222642214 status:snapshot-updated
1787222642223 frame-visible
1787222642224 icon:bc7-gpu-uploaded
1787222642745 status:snapshot-updated
1787222642745 frame-visible
1787222642746 icon:bc7-gpu-uploaded
1787222643030 clock:updated
1787222643039 frame-visible
1787222643039 icon:bc7-gpu-uploaded
1787222643270 status:snapshot-updated
1787222643272 frame-visible
1787222643272 icon:bc7-gpu-uploaded
1787222643794 status:snapshot-updated
1787222643794 frame-visible
1787222643794 icon:bc7-gpu-uploaded
1787222644024 clock:updated
1787222644024 frame-visible
1787222644024 icon:bc7-gpu-uploaded
1787222644320 status:snapshot-updated
1787222644320 frame-visible
1787222644320 icon:bc7-gpu-uploaded
1787222644605 shell-event
1787222644605 frame-visible
1787222644606 icon:bc7-gpu-uploaded
1787222644835 status:snapshot-updated
1787222644839 frame-visible
1787222644839 icon:bc7-gpu-uploaded
1787222645033 clock:updated
1787222645039 frame-visible
1787222645039 icon:bc7-gpu-uploaded
1787222645373 status:snapshot-updated
1787222645374 frame-visible
1787222645374 icon:bc7-gpu-uploaded
1787222645901 status:snapshot-updated
1787222645906 frame-visible
1787222645906 icon:bc7-gpu-uploaded
1787222646015 clock:updated
1787222646022 frame-visible
1787222646022 icon:bc7-gpu-uploaded
1787222646428 status:snapshot-updated
1787222646428 frame-visible
1787222646428 icon:bc7-gpu-uploaded
1787222646956 status:snapshot-updated
1787222646956 frame-visible
1787222646957 icon:bc7-gpu-uploaded
1787222647013 clock:updated
1787222647022 frame-visible
1787222647022 icon:bc7-gpu-uploaded
1787222647539 status:snapshot-updated
1787222647541 frame-visible
1787222647541 icon:bc7-gpu-uploaded
1787222697825 taskbar:preview-shell-hook-owned
1787222697850 frame-visible
1787222697860 wallpaper:loaded
1787222697862 frame-visible
1787222697862 icon:bc7-gpu-uploaded
1787222697864 frame-visible
1787222697864 icon:bc7-gpu-uploaded
1787222697919 shell-event
1787222697923 frame-visible
1787222697923 icon:bc7-gpu-uploaded
1787222698032 clock:updated
1787222698039 frame-visible
1787222698039 icon:bc7-gpu-uploaded
1787222698316 status:snapshot-updated
1787222698322 frame-visible
1787222698323 icon:bc7-gpu-uploaded
1787222698374 frame-visible
1787222698374 icon:bc7-gpu-uploaded
1787222698439 notification:snapshot-reconciled
1787222698440 frame-visible
1787222698440 icon:bc7-gpu-uploaded
1787222698543 notification:owned-overflow-opened
1787222698547 frame-visible
1787222698547 icon:bc7-gpu-uploaded
1787222698656 frame-visible
1787222698656 icon:bc7-gpu-uploaded
1787222698660 notification:overflow-dismissed
1787222698785 shell-event
1787222698789 frame-visible
1787222698789 icon:bc7-gpu-uploaded
1787222698844 status:snapshot-updated
1787222698844 shell-event
1787222698844 frame-visible
1787222698844 icon:bc7-gpu-uploaded
1787222699027 clock:updated
1787222699027 notification:snapshot-reconciled
1787222699027 frame-visible
1787222699027 icon:bc7-gpu-uploaded
1787222699057 frame-visible
1787222699057 icon:bc7-gpu-uploaded
1787222699371 status:snapshot-updated
1787222699372 frame-visible
1787222699372 icon:bc7-gpu-uploaded
1787222699615 notification:snapshot-reconciled
1787222699615 frame-visible
1787222699615 icon:bc7-gpu-uploaded
1787222699903 status:snapshot-updated
1787222699906 frame-visible
1787222699906 icon:bc7-gpu-uploaded
1787222700021 clock:updated
1787222700023 frame-visible
1787222700023 icon:bc7-gpu-uploaded
1787222700211 notification:snapshot-reconciled
1787222700211 frame-visible
1787222700211 icon:bc7-gpu-uploaded
1787222700442 status:snapshot-updated
1787222700443 frame-visible
1787222700443 icon:bc7-gpu-uploaded
1787222700977 status:snapshot-updated
1787222700995 frame-visible
1787222700995 icon:bc7-gpu-uploaded
1787222701035 clock:updated
1787222701039 frame-visible
1787222701039 icon:bc7-gpu-uploaded
1787222701458 status:snapshot-updated
1787222701458 frame-visible
1787222701458 icon:bc7-gpu-uploaded
1787222702002 clock:updated
1787222702002 status:snapshot-updated
1787222702002 frame-visible
1787222702003 icon:bc7-gpu-uploaded
1787222702608 status:snapshot-updated
1787222702618 frame-visible
1787222702618 icon:bc7-gpu-uploaded
1787222703018 clock:updated
1787222703022 frame-visible
1787222703023 icon:bc7-gpu-uploaded
1787222703074 status:snapshot-updated
1787222703074 frame-visible
1787222703075 icon:bc7-gpu-uploaded
1787222703361 shell-event
1787222703361 frame-visible
1787222703362 icon:bc7-gpu-uploaded
1787222703605 status:snapshot-updated
1787222703605 frame-visible
1787222703605 icon:bc7-gpu-uploaded
1787222704026 clock:updated
1787222704027 frame-visible
1787222704027 icon:bc7-gpu-uploaded
1787222704145 status:snapshot-updated
1787222704145 frame-visible
1787222704145 icon:bc7-gpu-uploaded
1787222704685 status:snapshot-updated
1787222704690 frame-visible
1787222704690 icon:bc7-gpu-uploaded
1787222705039 clock:updated
1787222705040 frame-visible
1787222705040 icon:bc7-gpu-uploaded
1787222705241 status:snapshot-updated
1787222705241 frame-visible
1787222705241 icon:bc7-gpu-uploaded
1787222705786 status:snapshot-updated
1787222705786 frame-visible
1787222705786 icon:bc7-gpu-uploaded
1787222706025 clock:updated
1787222706026 frame-visible
1787222706026 icon:bc7-gpu-uploaded
1787222706320 status:snapshot-updated
1787222706322 frame-visible
1787222706322 icon:bc7-gpu-uploaded
1787222706864 status:snapshot-updated
1787222706872 frame-visible
1787222706873 icon:bc7-gpu-uploaded
1787222707054 clock:updated
1787222707056 frame-visible
1787222707056 icon:bc7-gpu-uploaded
1787222707409 status:snapshot-updated
1787222707409 frame-visible
1787222707409 icon:bc7-gpu-uploaded
1787222707904 status:snapshot-updated
1787222707906 frame-visible
1787222707906 icon:bc7-gpu-uploaded
1787222708022 clock:updated
1787222708023 frame-visible
1787222708023 icon:bc7-gpu-uploaded
1787222708463 status:snapshot-updated
1787222708464 frame-visible
1787222708464 icon:bc7-gpu-uploaded
1787222709001 clock:updated
1787222709002 status:snapshot-updated
1787222709006 frame-visible
1787222709006 icon:bc7-gpu-uploaded
1787222709509 status:snapshot-updated
1787222709510 frame-visible
1787222709510 icon:bc7-gpu-uploaded
1787222710066 clock:updated
1787222710067 status:snapshot-updated
1787222710067 frame-visible
1787222710067 icon:bc7-gpu-uploaded
1787222710592 status:snapshot-updated
1787222710593 frame-visible
1787222710593 icon:bc7-gpu-uploaded
1787222711011 clock:updated
1787222711012 frame-visible
1787222711012 icon:bc7-gpu-uploaded
1787222711131 status:snapshot-updated
1787222711132 frame-visible
1787222711132 icon:bc7-gpu-uploaded
1787222711445 status:snapshot-updated
1787222711446 frame-visible
1787222711446 icon:bc7-gpu-uploaded
1787222711978 status:snapshot-updated
1787222711978 frame-visible
1787222711978 icon:bc7-gpu-uploaded
1787222712036 clock:updated
1787222712039 frame-visible
1787222712040 icon:bc7-gpu-uploaded
1787222712521 status:snapshot-updated
1787222712522 frame-visible
1787222712522 icon:bc7-gpu-uploaded
1787222713040 clock:updated
1787222713040 status:snapshot-updated
1787222713041 frame-visible
1787222713041 icon:bc7-gpu-uploaded
1787222713606 status:snapshot-updated
1787222713606 frame-visible
1787222713606 icon:bc7-gpu-uploaded
1787222714028 clock:updated
1787222714028 frame-visible
1787222714028 icon:bc7-gpu-uploaded
1787222714105 status:snapshot-updated
1787222714106 frame-visible
1787222714106 icon:bc7-gpu-uploaded
1787222714700 status:snapshot-updated
1787222714701 frame-visible
1787222714701 icon:bc7-gpu-uploaded
1787222715050 clock:updated
1787222715056 frame-visible
1787222715056 icon:bc7-gpu-uploaded
1787222715167 status:snapshot-updated
1787222715172 frame-visible
1787222715172 icon:bc7-gpu-uploaded
1787222715705 status:snapshot-updated
1787222715706 frame-visible
1787222715706 icon:bc7-gpu-uploaded
1787222716010 clock:updated
1787222716011 frame-visible
1787222716011 icon:bc7-gpu-uploaded
1787222716242 status:snapshot-updated
1787222716248 frame-visible
1787222716249 icon:bc7-gpu-uploaded
1787222716801 status:snapshot-updated
1787222716807 frame-visible
1787222716807 icon:bc7-gpu-uploaded
1787222717039 clock:updated
1787222717040 frame-visible
1787222717040 icon:bc7-gpu-uploaded
1787222717345 status:snapshot-updated
1787222717346 frame-visible
1787222717346 icon:bc7-gpu-uploaded
1787222717822 status:snapshot-updated
1787222717822 frame-visible
1787222717822 icon:bc7-gpu-uploaded
1787222718052 clock:updated
1787222718056 frame-visible
1787222718056 icon:bc7-gpu-uploaded
1787222718368 status:snapshot-updated
1787222718373 frame-visible
1787222718374 icon:bc7-gpu-uploaded
1787222718927 status:snapshot-updated
1787222718927 frame-visible
1787222718927 icon:bc7-gpu-uploaded
1787222719046 clock:updated
1787222719046 frame-visible
1787222719046 icon:bc7-gpu-uploaded
1787222719464 status:snapshot-updated
1787222719464 frame-visible
1787222719465 icon:bc7-gpu-uploaded
1787222720000 clock:updated
1787222720000 status:snapshot-updated
1787222720006 frame-visible
1787222720006 icon:bc7-gpu-uploaded
1787222720129 notification:snapshot-reconciled
1787222720130 frame-visible
1787222720130 icon:bc7-gpu-uploaded
1787222720544 status:snapshot-updated
1787222720544 frame-visible
1787222720544 icon:bc7-gpu-uploaded
1787222721025 clock:updated
1787222721025 status:snapshot-updated
1787222721026 frame-visible
1787222721026 icon:bc7-gpu-uploaded
1787222721570 status:snapshot-updated
1787222721573 frame-visible
1787222721573 icon:bc7-gpu-uploaded
1787222722058 clock:updated
1787222722058 frame-visible
1787222722058 icon:bc7-gpu-uploaded
1787222722118 status:snapshot-updated
1787222722123 frame-visible
1787222722123 icon:bc7-gpu-uploaded
1787222722657 status:snapshot-updated
1787222722658 frame-visible
1787222722658 icon:bc7-gpu-uploaded
1787222722908 taskbar:auto-hide-teardown-visible
1787222762981 taskbar:preview-shell-hook-owned
1787222763013 frame-visible
1787222763025 wallpaper:loaded
1787222763036 frame-visible
1787222763036 icon:bc7-gpu-uploaded
1787222763057 frame-visible
1787222763057 icon:bc7-gpu-uploaded
1787222763100 shell-event
1787222763105 frame-visible
1787222763105 icon:bc7-gpu-uploaded
1787222763442 status:snapshot-updated
1787222763442 frame-visible
1787222763442 icon:bc7-gpu-uploaded
1787222763538 frame-visible
1787222763538 icon:bc7-gpu-uploaded
1787222763624 notification:snapshot-reconciled
1787222763624 frame-visible
1787222763624 icon:bc7-gpu-uploaded
1787222763716 notification:owned-overflow-opened
1787222763720 frame-visible
1787222763720 icon:bc7-gpu-uploaded
1787222763833 notification:event-completed
1787222763972 status:snapshot-updated
1787222763973 frame-visible
1787222763973 icon:bc7-gpu-uploaded
1787222764007 notification:event-completed
1787222764008 notification:event-completed
1787222764030 clock:updated
1787222764030 frame-visible
1787222764030 icon:bc7-gpu-uploaded
1787222764175 notification:event-completed
1787222764213 notification:snapshot-reconciled
1787222764213 frame-visible
1787222764213 icon:bc7-gpu-uploaded
1787222764499 status:snapshot-updated
1787222764505 frame-visible
1787222764505 icon:bc7-gpu-uploaded
1787222764798 notification:snapshot-reconciled
1787222764798 frame-visible
1787222764798 icon:bc7-gpu-uploaded
1787222765029 clock:updated
1787222765029 status:snapshot-updated
1787222765038 frame-visible
1787222765038 icon:bc7-gpu-uploaded
1787222765385 notification:snapshot-reconciled
1787222765385 frame-visible
1787222765385 icon:bc7-gpu-uploaded
1787222765558 status:snapshot-updated
1787222765559 frame-visible
1787222765559 icon:bc7-gpu-uploaded
1787222766028 clock:updated
1787222766029 frame-visible
1787222766029 icon:bc7-gpu-uploaded
1787222766085 status:snapshot-updated
1787222766088 frame-visible
1787222766088 icon:bc7-gpu-uploaded
1787222766612 status:snapshot-updated
1787222766622 frame-visible
1787222766622 icon:bc7-gpu-uploaded
1787222767017 clock:updated
1787222767022 frame-visible
1787222767023 icon:bc7-gpu-uploaded
1787222767145 status:snapshot-updated
1787222767145 frame-visible
1787222767145 icon:bc7-gpu-uploaded
1787222767660 status:snapshot-updated
1787222767660 frame-visible
1787222767660 icon:bc7-gpu-uploaded
1787222768019 clock:updated
1787222768022 frame-visible
1787222768022 icon:bc7-gpu-uploaded
1787222768195 status:snapshot-updated
1787222768195 frame-visible
1787222768195 icon:bc7-gpu-uploaded
1787222768732 status:snapshot-updated
1787222768738 frame-visible
1787222768738 icon:bc7-gpu-uploaded
1787222769032 clock:updated
1787222769038 frame-visible
1787222769038 icon:bc7-gpu-uploaded
1787222769263 status:snapshot-updated
1787222769271 frame-visible
1787222769272 icon:bc7-gpu-uploaded
1787222769793 status:snapshot-updated
1787222769793 frame-visible
1787222769793 icon:bc7-gpu-uploaded
1787222770022 clock:updated
1787222770022 frame-visible
1787222770023 icon:bc7-gpu-uploaded
1787222770318 status:snapshot-updated
1787222770321 frame-visible
1787222770321 icon:bc7-gpu-uploaded
1787222770847 status:snapshot-updated
1787222770855 frame-visible
1787222770855 icon:bc7-gpu-uploaded
1787222771023 clock:updated
1787222771023 frame-visible
1787222771023 icon:bc7-gpu-uploaded
1787222771380 status:snapshot-updated
1787222771388 frame-visible
1787222771388 icon:bc7-gpu-uploaded
1787222771910 status:snapshot-updated
1787222771911 frame-visible
1787222771911 icon:bc7-gpu-uploaded
1787222772025 clock:updated
1787222772026 frame-visible
1787222772026 icon:bc7-gpu-uploaded
1787222772440 status:snapshot-updated
1787222772441 frame-visible
1787222772441 icon:bc7-gpu-uploaded
1787222772959 status:snapshot-updated
1787222772959 frame-visible
1787222772959 icon:bc7-gpu-uploaded
1787222773028 clock:updated
1787222773028 frame-visible
1787222773029 icon:bc7-gpu-uploaded
1787222773490 status:snapshot-updated
1787222773491 frame-visible
1787222773491 icon:bc7-gpu-uploaded
1787222774028 clock:updated
1787222774028 status:snapshot-updated
1787222774028 frame-visible
1787222774029 icon:bc7-gpu-uploaded
1787222774556 status:snapshot-updated
1787222774556 frame-visible
1787222774556 icon:bc7-gpu-uploaded
1787222775025 clock:updated
1787222775025 frame-visible
1787222775025 icon:bc7-gpu-uploaded
1787222775140 status:snapshot-updated
1787222775140 frame-visible
1787222775140 icon:bc7-gpu-uploaded
1787222775667 status:snapshot-updated
1787222775671 frame-visible
1787222775672 icon:bc7-gpu-uploaded
1787222776025 clock:updated
1787222776025 frame-visible
1787222776025 icon:bc7-gpu-uploaded
1787222776198 status:snapshot-updated
1787222776205 frame-visible
1787222776205 icon:bc7-gpu-uploaded
1787222776486 status:snapshot-updated
1787222776488 frame-visible
1787222776488 icon:bc7-gpu-uploaded
1787222777015 clock:updated
1787222777015 status:snapshot-updated
1787222777021 frame-visible
1787222777022 icon:bc7-gpu-uploaded
1787222777549 status:snapshot-updated
1787222777556 frame-visible
1787222777556 icon:bc7-gpu-uploaded
1787222778023 clock:updated
1787222778023 frame-visible
1787222778023 icon:bc7-gpu-uploaded
1787222778092 status:snapshot-updated
1787222778092 frame-visible
1787222778092 icon:bc7-gpu-uploaded
1787222778616 status:snapshot-updated
1787222778622 frame-visible
1787222778622 icon:bc7-gpu-uploaded
1787222779044 clock:updated
1787222779044 frame-visible
1787222779044 icon:bc7-gpu-uploaded
1787222779157 status:snapshot-updated
1787222779158 frame-visible
1787222779158 icon:bc7-gpu-uploaded
1787222779684 status:snapshot-updated
1787222779688 frame-visible
1787222779688 icon:bc7-gpu-uploaded
1787222780050 clock:updated
1787222780055 frame-visible
1787222780055 icon:bc7-gpu-uploaded
1787222780223 status:snapshot-updated
1787222780224 frame-visible
1787222780224 icon:bc7-gpu-uploaded
1787222780760 status:snapshot-updated
1787222780760 frame-visible
1787222780760 icon:bc7-gpu-uploaded
1787222781059 clock:updated
1787222781060 frame-visible
1787222781060 icon:bc7-gpu-uploaded
1787222781288 status:snapshot-updated
1787222781288 frame-visible
1787222781288 icon:bc7-gpu-uploaded
1787222781817 status:snapshot-updated
1787222781823 frame-visible
1787222781823 icon:bc7-gpu-uploaded
1787222782048 clock:updated
1787222782056 frame-visible
1787222782056 icon:bc7-gpu-uploaded
1787222782347 status:snapshot-updated
1787222782355 frame-visible
1787222782356 icon:bc7-gpu-uploaded
1787222782872 status:snapshot-updated
1787222782873 frame-visible
1787222782873 icon:bc7-gpu-uploaded
1787222783045 clock:updated
1787222783045 frame-visible
1787222783045 icon:bc7-gpu-uploaded
1787222783402 status:snapshot-updated
1787222783402 frame-visible
1787222783402 icon:bc7-gpu-uploaded
1787222783921 status:snapshot-updated
1787222783921 frame-visible
1787222783921 icon:bc7-gpu-uploaded
1787222784053 clock:updated
1787222784055 frame-visible
1787222784055 icon:bc7-gpu-uploaded
1787222784455 status:snapshot-updated
1787222784455 frame-visible
1787222784455 icon:bc7-gpu-uploaded
1787222784981 status:snapshot-updated
1787222784988 frame-visible
1787222784988 icon:bc7-gpu-uploaded
1787222785038 clock:updated
1787222785039 frame-visible
1787222785039 icon:bc7-gpu-uploaded
1787222785165 notification:snapshot-reconciled
1787222785165 frame-visible
1787222785166 icon:bc7-gpu-uploaded
1787222785508 status:snapshot-updated
1787222785508 frame-visible
1787222785509 icon:bc7-gpu-uploaded
1787222786039 clock:updated
1787222786039 status:snapshot-updated
1787222786039 frame-visible
1787222786039 icon:bc7-gpu-uploaded
1787222786562 status:snapshot-updated
1787222786562 frame-visible
1787222786562 icon:bc7-gpu-uploaded
1787222787032 clock:updated
1787222787038 frame-visible
1787222787038 icon:bc7-gpu-uploaded
1787222787091 status:snapshot-updated
1787222787091 frame-visible
1787222787091 icon:bc7-gpu-uploaded
1787222787670 status:snapshot-updated
1787222787671 frame-visible
1787222787671 icon:bc7-gpu-uploaded
1787222788014 clock:updated
1787222788021 frame-visible
1787222788022 icon:bc7-gpu-uploaded
1787222788105 taskbar:auto-hide-teardown-visible
1787222830068 taskbar:preview-shell-hook-owned
1787222830090 frame-visible
1787222830101 wallpaper:loaded
1787222830101 frame-visible
1787222830101 icon:bc7-gpu-uploaded
1787222830159 shell-event
1787222830159 frame-visible
1787222830159 icon:bc7-gpu-uploaded
1787222830559 status:snapshot-updated
1787222830560 frame-visible
1787222830560 icon:bc7-gpu-uploaded
1787222830687 notification:snapshot-reconciled
1787222830688 frame-visible
1787222830688 icon:bc7-gpu-uploaded
1787222830721 frame-visible
1787222830721 icon:bc7-gpu-uploaded
1787222831034 clock:updated
1787222831038 frame-visible
1787222831038 icon:bc7-gpu-uploaded
1787222831092 status:snapshot-updated
1787222831092 frame-visible
1787222831092 icon:bc7-gpu-uploaded
1787222831277 notification:snapshot-reconciled
1787222831277 frame-visible
1787222831277 icon:bc7-gpu-uploaded
1787222831621 status:snapshot-updated
1787222831621 frame-visible
1787222831621 icon:bc7-gpu-uploaded
1787222831863 notification:snapshot-reconciled
1787222831864 frame-visible
1787222831864 icon:bc7-gpu-uploaded
1787222832035 clock:updated
1787222832038 frame-visible
1787222832038 icon:bc7-gpu-uploaded
1787222832149 status:snapshot-updated
1787222832154 frame-visible
1787222832154 icon:bc7-gpu-uploaded
1787222832449 notification:snapshot-reconciled
1787222832449 frame-visible
1787222832449 icon:bc7-gpu-uploaded
1787222832680 status:snapshot-updated
1787222832690 frame-visible
1787222832690 icon:bc7-gpu-uploaded
1787222832886 notification:owned-overflow-opened
1787222832887 frame-visible
1787222832887 icon:bc7-gpu-uploaded
1787222833044 clock:updated
1787222833044 frame-visible
1787222833044 icon:bc7-gpu-uploaded
1787222833216 status:snapshot-updated
1787222833221 frame-visible
1787222833221 icon:bc7-gpu-uploaded
1787222833689 status:snapshot-updated
1787222833689 frame-visible
1787222833689 icon:bc7-gpu-uploaded
1787222834032 clock:updated
1787222834038 frame-visible
1787222834038 icon:bc7-gpu-uploaded
1787222834276 status:snapshot-updated
1787222834276 frame-visible
1787222834276 icon:bc7-gpu-uploaded
1787222834806 status:snapshot-updated
1787222834806 frame-visible
1787222834806 icon:bc7-gpu-uploaded
1787222835027 notification:event-completed
1787222835040 clock:updated
1787222835040 frame-visible
1787222835041 icon:bc7-gpu-uploaded
1787222835329 status:snapshot-updated
1787222835338 frame-visible
1787222835338 icon:bc7-gpu-uploaded
1787222835865 status:snapshot-updated
1787222835871 frame-visible
1787222835871 icon:bc7-gpu-uploaded
1787222836051 clock:updated
1787222836055 frame-visible
1787222836055 icon:bc7-gpu-uploaded
1787222836341 status:snapshot-updated
1787222836341 frame-visible
1787222836341 icon:bc7-gpu-uploaded
1787222836876 status:snapshot-updated
1787222836877 frame-visible
1787222836877 icon:bc7-gpu-uploaded
1787222837049 clock:updated
1787222837054 frame-visible
1787222837054 icon:bc7-gpu-uploaded
1787222837182 notification:event-completed
1787222837408 status:snapshot-updated
1787222837408 frame-visible
1787222837409 icon:bc7-gpu-uploaded
1787222837941 status:snapshot-updated
1787222837941 frame-visible
1787222837941 icon:bc7-gpu-uploaded
1787222838058 clock:updated
1787222838058 frame-visible
1787222838059 icon:bc7-gpu-uploaded
1787222838476 status:snapshot-updated
1787222838477 frame-visible
1787222838477 icon:bc7-gpu-uploaded
1787222839007 clock:updated
1787222839007 status:snapshot-updated
1787222839007 frame-visible
1787222839007 icon:bc7-gpu-uploaded
1787222839536 status:snapshot-updated
1787222839536 frame-visible
1787222839537 icon:bc7-gpu-uploaded
1787222840053 clock:updated
1787222840053 status:snapshot-updated
1787222840055 frame-visible
1787222840055 icon:bc7-gpu-uploaded
1787222840593 status:snapshot-updated
1787222840593 frame-visible
1787222840593 icon:bc7-gpu-uploaded
1787222841006 clock:updated
1787222841007 frame-visible
1787222841007 icon:bc7-gpu-uploaded
1787222841122 status:snapshot-updated
1787222841122 frame-visible
1787222841122 icon:bc7-gpu-uploaded
1787222841652 status:snapshot-updated
1787222841655 frame-visible
1787222841655 icon:bc7-gpu-uploaded
1787222842013 clock:updated
1787222842021 frame-visible
1787222842021 icon:bc7-gpu-uploaded
1787222842186 status:snapshot-updated
1787222842188 frame-visible
1787222842188 icon:bc7-gpu-uploaded
1787222842716 status:snapshot-updated
1787222842721 frame-visible
1787222842721 icon:bc7-gpu-uploaded
1787222843001 clock:updated
1787222843005 frame-visible
1787222843005 icon:bc7-gpu-uploaded
1787222843245 status:snapshot-updated
1787222843246 frame-visible
1787222843246 icon:bc7-gpu-uploaded
1787222843593 status:snapshot-updated
1787222843593 frame-visible
1787222843593 icon:bc7-gpu-uploaded
1787222844011 clock:updated
1787222844011 frame-visible
1787222844011 icon:bc7-gpu-uploaded
1787222844069 status:snapshot-updated
1787222844071 frame-visible
1787222844071 icon:bc7-gpu-uploaded
1787222844653 status:snapshot-updated
1787222844657 frame-visible
1787222844658 icon:bc7-gpu-uploaded
1787222845012 clock:updated
1787222845013 frame-visible
1787222845013 icon:bc7-gpu-uploaded
1787222845204 status:snapshot-updated
1787222845205 frame-visible
1787222845205 icon:bc7-gpu-uploaded
1787222845668 status:snapshot-updated
1787222845671 frame-visible
1787222845671 icon:bc7-gpu-uploaded
1787222846025 clock:updated
1787222846025 frame-visible
1787222846026 icon:bc7-gpu-uploaded
1787222846197 status:snapshot-updated
1787222846204 frame-visible
1787222846205 icon:bc7-gpu-uploaded
1787222846724 status:snapshot-updated
1787222846724 frame-visible
1787222846724 icon:bc7-gpu-uploaded
1787222847027 clock:updated
1787222847027 frame-visible
1787222847027 icon:bc7-gpu-uploaded
1787222847258 status:snapshot-updated
1787222847258 frame-visible
1787222847258 icon:bc7-gpu-uploaded
1787222847793 status:snapshot-updated
1787222847794 frame-visible
1787222847794 icon:bc7-gpu-uploaded
1787222848026 clock:updated
1787222848027 frame-visible
1787222848027 icon:bc7-gpu-uploaded
1787222848330 status:snapshot-updated
1787222848338 frame-visible
1787222848338 icon:bc7-gpu-uploaded
1787222848861 status:snapshot-updated
1787222848861 frame-visible
1787222848861 icon:bc7-gpu-uploaded
1787222849032 clock:updated
1787222849038 frame-visible
1787222849038 icon:bc7-gpu-uploaded
1787222849391 status:snapshot-updated
1787222849391 frame-visible
1787222849392 icon:bc7-gpu-uploaded
1787222849920 status:snapshot-updated
1787222849921 frame-visible
1787222849921 icon:bc7-gpu-uploaded
1787222850036 clock:updated
1787222850038 frame-visible
1787222850038 icon:bc7-gpu-uploaded
1787222850444 status:snapshot-updated
1787222850444 frame-visible
1787222850444 icon:bc7-gpu-uploaded
1787222850981 status:snapshot-updated
1787222850988 frame-visible
1787222850989 icon:bc7-gpu-uploaded
1787222851038 clock:updated
1787222851039 frame-visible
1787222851039 icon:bc7-gpu-uploaded
1787222851512 status:snapshot-updated
1787222851515 frame-visible
1787222851515 icon:bc7-gpu-uploaded
1787222852050 clock:updated
1787222852050 status:snapshot-updated
1787222852055 frame-visible
1787222852055 icon:bc7-gpu-uploaded
1787222852293 notification:snapshot-reconciled
1787222852293 frame-visible
1787222852294 icon:bc7-gpu-uploaded
1787222852584 status:snapshot-updated
1787222852590 frame-visible
1787222852590 icon:bc7-gpu-uploaded
1787222853008 clock:updated
1787222853008 frame-visible
1787222853009 icon:bc7-gpu-uploaded
1787222853066 status:snapshot-updated
1787222853071 frame-visible
1787222853071 icon:bc7-gpu-uploaded
1787222853595 status:snapshot-updated
1787222853596 frame-visible
1787222853596 icon:bc7-gpu-uploaded
1787222854065 clock:updated
1787222854066 frame-visible
1787222854066 icon:bc7-gpu-uploaded
1787222854179 status:snapshot-updated
1787222854188 frame-visible
1787222854188 icon:bc7-gpu-uploaded
1787222854705 status:snapshot-updated
1787222854705 frame-visible
1787222854705 icon:bc7-gpu-uploaded
1787222855049 clock:updated
1787222855054 frame-visible
1787222855054 icon:bc7-gpu-uploaded
1787222855183 taskbar:auto-hide-teardown-visible
1787222889149 taskbar:preview-shell-hook-owned
1787222889173 frame-visible
1787222889184 wallpaper:loaded
1787222889184 frame-visible
1787222889184 icon:bc7-gpu-uploaded
1787222889242 shell-event
1787222889242 frame-visible
1787222889242 icon:bc7-gpu-uploaded
1787222889639 status:snapshot-updated
1787222889639 frame-visible
1787222889640 icon:bc7-gpu-uploaded
1787222889762 notification:snapshot-reconciled
1787222889762 frame-visible
1787222889762 icon:bc7-gpu-uploaded
1787222890051 clock:updated
1787222890054 frame-visible
1787222890054 icon:bc7-gpu-uploaded
1787222890166 status:snapshot-updated
1787222890171 frame-visible
1787222890171 icon:bc7-gpu-uploaded
1787222890350 notification:snapshot-reconciled
1787222890350 frame-visible
1787222890350 icon:bc7-gpu-uploaded
1787222890696 status:snapshot-updated
1787222890704 frame-visible
1787222890704 icon:bc7-gpu-uploaded
1787222890940 notification:snapshot-reconciled
1787222890941 frame-visible
1787222890941 icon:bc7-gpu-uploaded
1787222891055 clock:updated
1787222891055 frame-visible
1787222891056 icon:bc7-gpu-uploaded
1787222891227 status:snapshot-updated
1787222891228 frame-visible
1787222891228 icon:bc7-gpu-uploaded
1787222891531 notification:snapshot-reconciled
1787222891531 frame-visible
1787222891531 icon:bc7-gpu-uploaded
1787222891761 status:snapshot-updated
1787222891762 frame-visible
1787222891762 icon:bc7-gpu-uploaded
1787222891916 notification:owned-overflow-opened
1787222891917 frame-visible
1787222891917 icon:bc7-gpu-uploaded
1787222892051 clock:updated
1787222892056 frame-visible
1787222892056 icon:bc7-gpu-uploaded
1787222892297 status:snapshot-updated
1787222892304 frame-visible
1787222892304 icon:bc7-gpu-uploaded
1787222892774 status:snapshot-updated
1787222892774 frame-visible
1787222892775 icon:bc7-gpu-uploaded
1787222893005 clock:updated
1787222893006 frame-visible
1787222893006 icon:bc7-gpu-uploaded
1787222893307 status:snapshot-updated
1787222893308 frame-visible
1787222893308 icon:bc7-gpu-uploaded
1787222893896 status:snapshot-updated
1787222893896 frame-visible
1787222893896 icon:bc7-gpu-uploaded
1787222894012 clock:updated
1787222894012 frame-visible
1787222894012 icon:bc7-gpu-uploaded
1787222894045 notification:event-completed
1787222894359 status:snapshot-updated
1787222894360 frame-visible
1787222894360 icon:bc7-gpu-uploaded
1787222894896 status:snapshot-updated
1787222894897 frame-visible
1787222894897 icon:bc7-gpu-uploaded
1787222895013 clock:updated
1787222895022 frame-visible
1787222895022 icon:bc7-gpu-uploaded
1787222895432 status:snapshot-updated
1787222895438 frame-visible
1787222895438 icon:bc7-gpu-uploaded
1787222895962 status:snapshot-updated
1787222895962 frame-visible
1787222895962 icon:bc7-gpu-uploaded
1787222896020 clock:updated
1787222896023 frame-visible
1787222896024 icon:bc7-gpu-uploaded
1787222896493 status:snapshot-updated
1787222896493 frame-visible
1787222896493 icon:bc7-gpu-uploaded
1787222896495 notification:event-completed
1787222897024 clock:updated
1787222897024 status:snapshot-updated
1787222897025 frame-visible
1787222897025 icon:bc7-gpu-uploaded
1787222897558 status:snapshot-updated
1787222897558 frame-visible
1787222897558 icon:bc7-gpu-uploaded
1787222898033 clock:updated
1787222898033 frame-visible
1787222898033 icon:bc7-gpu-uploaded
1787222898091 status:snapshot-updated
1787222898091 frame-visible
1787222898091 icon:bc7-gpu-uploaded
1787222898624 status:snapshot-updated
1787222898624 frame-visible
1787222898624 icon:bc7-gpu-uploaded
1787222899028 clock:updated
1787222899029 frame-visible
1787222899029 icon:bc7-gpu-uploaded
1787222899147 status:snapshot-updated
1787222899156 frame-visible
1787222899156 icon:bc7-gpu-uploaded
1787222899687 status:snapshot-updated
1787222899697 frame-visible
1787222899697 icon:bc7-gpu-uploaded
1787222900001 clock:updated
1787222900007 frame-visible
1787222900007 icon:bc7-gpu-uploaded
1787222900175 status:snapshot-updated
1787222900176 frame-visible
1787222900176 icon:bc7-gpu-uploaded
1787222900710 status:snapshot-updated
1787222900710 frame-visible
1787222900711 icon:bc7-gpu-uploaded
1787222901010 clock:updated
1787222901011 frame-visible
1787222901011 icon:bc7-gpu-uploaded
1787222901240 status:snapshot-updated
1787222901241 frame-visible
1787222901241 icon:bc7-gpu-uploaded
1787222901774 status:snapshot-updated
1787222901775 frame-visible
1787222901775 icon:bc7-gpu-uploaded
1787222902006 clock:updated
1787222902006 frame-visible
1787222902006 icon:bc7-gpu-uploaded
1787222902307 status:snapshot-updated
1787222902307 frame-visible
1787222902307 icon:bc7-gpu-uploaded
1787222902653 status:snapshot-updated
1787222902654 frame-visible
1787222902654 icon:bc7-gpu-uploaded
1787222903016 clock:updated
1787222903021 frame-visible
1787222903021 icon:bc7-gpu-uploaded
1787222903189 status:snapshot-updated
1787222903190 frame-visible
1787222903190 icon:bc7-gpu-uploaded
1787222903725 status:snapshot-updated
1787222903725 frame-visible
1787222903725 icon:bc7-gpu-uploaded
1787222904026 clock:updated
1787222904026 frame-visible
1787222904026 icon:bc7-gpu-uploaded
1787222904200 status:snapshot-updated
1787222904204 frame-visible
1787222904204 icon:bc7-gpu-uploaded
1787222904738 status:snapshot-updated
1787222904738 frame-visible
1787222904738 icon:bc7-gpu-uploaded
1787222905040 clock:updated
1787222905041 frame-visible
1787222905041 icon:bc7-gpu-uploaded
1787222905272 status:snapshot-updated
1787222905273 frame-visible
1787222905273 icon:bc7-gpu-uploaded
1787222905804 status:snapshot-updated
1787222905805 frame-visible
1787222905805 icon:bc7-gpu-uploaded
1787222906035 clock:updated
1787222906037 frame-visible
1787222906038 icon:bc7-gpu-uploaded
1787222906335 status:snapshot-updated
1787222906337 frame-visible
1787222906338 icon:bc7-gpu-uploaded
1787222906868 status:snapshot-updated
1787222906873 frame-visible
1787222906873 icon:bc7-gpu-uploaded
1787222907040 clock:updated
1787222907041 frame-visible
1787222907041 icon:bc7-gpu-uploaded
1787222907401 status:snapshot-updated
1787222907404 frame-visible
1787222907404 icon:bc7-gpu-uploaded
1787222907935 status:snapshot-updated
1787222907940 frame-visible
1787222907941 icon:bc7-gpu-uploaded
1787222908050 clock:updated
1787222908054 frame-visible
1787222908054 icon:bc7-gpu-uploaded
1787222908468 status:snapshot-updated
1787222908469 frame-visible
1787222908469 icon:bc7-gpu-uploaded
1787222908989 status:snapshot-updated
1787222908990 frame-visible
1787222908990 icon:bc7-gpu-uploaded
1787222909059 clock:updated
1787222909060 frame-visible
1787222909060 icon:bc7-gpu-uploaded
1787222909520 status:snapshot-updated
1787222909521 frame-visible
1787222909521 icon:bc7-gpu-uploaded
1787222910057 clock:updated
1787222910057 status:snapshot-updated
1787222910057 frame-visible
1787222910057 icon:bc7-gpu-uploaded
1787222910591 status:snapshot-updated
1787222910591 frame-visible
1787222910591 icon:bc7-gpu-uploaded
1787222911008 clock:updated
1787222911009 frame-visible
1787222911009 icon:bc7-gpu-uploaded
1787222911125 status:snapshot-updated
1787222911125 frame-visible
1787222911125 icon:bc7-gpu-uploaded
1787222911426 notification:snapshot-reconciled
1787222911426 frame-visible
1787222911426 icon:bc7-gpu-uploaded
1787222911655 status:snapshot-updated
1787222911656 frame-visible
1787222911656 icon:bc7-gpu-uploaded
1787222912014 clock:updated
1787222912015 frame-visible
1787222912015 icon:bc7-gpu-uploaded
1787222912191 status:snapshot-updated
1787222912191 frame-visible
1787222912191 icon:bc7-gpu-uploaded
1787222912721 status:snapshot-updated
1787222912723 frame-visible
1787222912723 icon:bc7-gpu-uploaded
1787222913010 clock:updated
1787222913010 frame-visible
1787222913011 icon:bc7-gpu-uploaded
1787222913251 status:snapshot-updated
1787222913254 frame-visible
1787222913254 icon:bc7-gpu-uploaded
1787222913781 status:snapshot-updated
1787222913782 frame-visible
1787222913782 icon:bc7-gpu-uploaded
1787222914011 clock:updated
1787222914012 frame-visible
1787222914012 icon:bc7-gpu-uploaded
1787222914223 taskbar:auto-hide-teardown-visible
1787222957631 taskbar:preview-shell-hook-owned
1787222957654 frame-visible
1787222957665 wallpaper:loaded
1787222957666 frame-visible
1787222957666 icon:bc7-gpu-uploaded
1787222957723 shell-event
1787222957723 frame-visible
1787222957723 icon:bc7-gpu-uploaded
1787222958010 clock:updated
1787222958010 frame-visible
1787222958010 icon:bc7-gpu-uploaded
1787222958126 status:snapshot-updated
1787222958126 frame-visible
1787222958126 icon:bc7-gpu-uploaded
1787222958221 frame-visible
1787222958221 icon:bc7-gpu-uploaded
1787222958249 notification:snapshot-reconciled
1787222958250 frame-visible
1787222958250 icon:bc7-gpu-uploaded
1787222958653 status:snapshot-updated
1787222958654 frame-visible
1787222958654 icon:bc7-gpu-uploaded
1787222958837 notification:snapshot-reconciled
1787222958838 frame-visible
1787222958838 icon:bc7-gpu-uploaded
1787222959010 clock:updated
1787222959010 frame-visible
1787222959010 icon:bc7-gpu-uploaded
1787222959183 status:snapshot-updated
1787222959188 frame-visible
1787222959188 icon:bc7-gpu-uploaded
1787222959425 notification:snapshot-reconciled
1787222959425 frame-visible
1787222959425 icon:bc7-gpu-uploaded
1787222959713 status:snapshot-updated
1787222959721 frame-visible
1787222959721 icon:bc7-gpu-uploaded
1787222960014 clock:updated
1787222960014 notification:snapshot-reconciled
1787222960014 frame-visible
1787222960014 icon:bc7-gpu-uploaded
1787222960190 status:snapshot-updated
1787222960190 frame-visible
1787222960190 icon:bc7-gpu-uploaded
1787222960395 notification:owned-overflow-opened
1787222960395 frame-visible
1787222960396 icon:bc7-gpu-uploaded
1787222960721 status:snapshot-updated
1787222960721 frame-visible
1787222960722 icon:bc7-gpu-uploaded
1787222961010 clock:updated
1787222961010 frame-visible
1787222961010 icon:bc7-gpu-uploaded
1787222961253 status:snapshot-updated
1787222961254 frame-visible
1787222961255 icon:bc7-gpu-uploaded
1787222961785 status:snapshot-updated
1787222961785 frame-visible
1787222961785 icon:bc7-gpu-uploaded
1787222962019 clock:updated
1787222962021 frame-visible
1787222962021 icon:bc7-gpu-uploaded
1787222962376 status:snapshot-updated
1787222962376 frame-visible
1787222962376 icon:bc7-gpu-uploaded
1787222962805 notification:event-completed
1787222962840 status:snapshot-updated
1787222962840 frame-visible
1787222962840 icon:bc7-gpu-uploaded
1787222963027 clock:updated
1787222963028 frame-visible
1787222963028 icon:bc7-gpu-uploaded
1787222963373 status:snapshot-updated
1787222963373 frame-visible
1787222963373 icon:bc7-gpu-uploaded
1787222963902 status:snapshot-updated
1787222963904 frame-visible
1787222963905 icon:bc7-gpu-uploaded
1787222964020 clock:updated
1787222964023 frame-visible
1787222964023 icon:bc7-gpu-uploaded
1787222964440 status:snapshot-updated
1787222964440 frame-visible
1787222964440 icon:bc7-gpu-uploaded
1787222964970 status:snapshot-updated
1787222964971 frame-visible
1787222964971 icon:bc7-gpu-uploaded
1787222965027 clock:updated
1787222965027 frame-visible
1787222965027 icon:bc7-gpu-uploaded
1787222965501 status:snapshot-updated
1787222965505 frame-visible
1787222965505 icon:bc7-gpu-uploaded
1787222966026 clock:updated
1787222966026 status:snapshot-updated
1787222966026 frame-visible
1787222966026 icon:bc7-gpu-uploaded
1787222966551 status:snapshot-updated
1787222966554 frame-visible
1787222966554 icon:bc7-gpu-uploaded
1787222967013 clock:updated
1787222967021 frame-visible
1787222967021 icon:bc7-gpu-uploaded
1787222967084 status:snapshot-updated
1787222967084 frame-visible
1787222967084 icon:bc7-gpu-uploaded
1787222967601 status:snapshot-updated
1787222967605 frame-visible
1787222967605 icon:bc7-gpu-uploaded
1787222968018 clock:updated
1787222968024 frame-visible
1787222968024 icon:bc7-gpu-uploaded
1787222968134 status:snapshot-updated
1787222968140 frame-visible
1787222968140 icon:bc7-gpu-uploaded
1787222968674 status:snapshot-updated
1787222968675 frame-visible
1787222968675 icon:bc7-gpu-uploaded
1787222969036 clock:updated
1787222969038 frame-visible
1787222969038 icon:bc7-gpu-uploaded
1787222969208 status:snapshot-updated
1787222969208 frame-visible
1787222969209 icon:bc7-gpu-uploaded
1787222969740 status:snapshot-updated
1787222969740 frame-visible
1787222969740 icon:bc7-gpu-uploaded
1787222970044 clock:updated
1787222970044 frame-visible
1787222970044 icon:bc7-gpu-uploaded
1787222970276 status:snapshot-updated
1787222970276 frame-visible
1787222970277 icon:bc7-gpu-uploaded
1787222970808 status:snapshot-updated
1787222970808 frame-visible
1787222970808 icon:bc7-gpu-uploaded
1787222971041 clock:updated
1787222971042 frame-visible
1787222971042 icon:bc7-gpu-uploaded
1787222971156 status:snapshot-updated
1787222971157 frame-visible
1787222971157 icon:bc7-gpu-uploaded
1787222971689 status:snapshot-updated
1787222971689 frame-visible
1787222971689 icon:bc7-gpu-uploaded
1787222972050 clock:updated
1787222972056 frame-visible
1787222972056 icon:bc7-gpu-uploaded
1787222972166 status:snapshot-updated
1787222972173 frame-visible
1787222972173 icon:bc7-gpu-uploaded
1787222972696 status:snapshot-updated
1787222972704 frame-visible
1787222972704 icon:bc7-gpu-uploaded
1787222973056 clock:updated
1787222973057 frame-visible
1787222973057 icon:bc7-gpu-uploaded
1787222973232 status:snapshot-updated
1787222973238 frame-visible
1787222973238 icon:bc7-gpu-uploaded
1787222973770 status:snapshot-updated
1787222973771 frame-visible
1787222973771 icon:bc7-gpu-uploaded
1787222974012 clock:updated
1787222974021 frame-visible
1787222974021 icon:bc7-gpu-uploaded
1787222974302 status:snapshot-updated
1787222974304 frame-visible
1787222974305 icon:bc7-gpu-uploaded
1787222974840 status:snapshot-updated
1787222974840 frame-visible
1787222974840 icon:bc7-gpu-uploaded
1787222975012 clock:updated
1787222975021 frame-visible
1787222975021 icon:bc7-gpu-uploaded
1787222975368 status:snapshot-updated
1787222975371 frame-visible
1787222975371 icon:bc7-gpu-uploaded
1787222975900 status:snapshot-updated
1787222975907 frame-visible
1787222975907 icon:bc7-gpu-uploaded
1787222976019 clock:updated
1787222976023 frame-visible
1787222976023 icon:bc7-gpu-uploaded
1787222976436 status:snapshot-updated
1787222976438 frame-visible
1787222976438 icon:bc7-gpu-uploaded
1787222976973 status:snapshot-updated
1787222976974 frame-visible
1787222976974 icon:bc7-gpu-uploaded
1787222977030 clock:updated
1787222977037 frame-visible
1787222977037 icon:bc7-gpu-uploaded
1787222977503 status:snapshot-updated
1787222977503 frame-visible
1787222977503 icon:bc7-gpu-uploaded
1787222978025 clock:updated
1787222978025 status:snapshot-updated
1787222978025 frame-visible
1787222978025 icon:bc7-gpu-uploaded
1787222978553 status:snapshot-updated
1787222978554 frame-visible
1787222978555 icon:bc7-gpu-uploaded
1787222979038 clock:updated
1787222979038 frame-visible
1787222979038 icon:bc7-gpu-uploaded
1787222979096 status:snapshot-updated
1787222979104 frame-visible
1787222979104 icon:bc7-gpu-uploaded
1787222979627 status:snapshot-updated
1787222979628 frame-visible
1787222979628 icon:bc7-gpu-uploaded
1787222979868 notification:snapshot-reconciled
1787222979868 frame-visible
1787222979868 icon:bc7-gpu-uploaded
1787222980043 clock:updated
1787222980043 frame-visible
1787222980043 icon:bc7-gpu-uploaded
1787222980161 status:snapshot-updated
1787222980161 frame-visible
1787222980161 icon:bc7-gpu-uploaded
1787222980696 status:snapshot-updated
1787222980704 frame-visible
1787222980704 icon:bc7-gpu-uploaded
1787222981054 clock:updated
1787222981055 frame-visible
1787222981055 icon:bc7-gpu-uploaded
1787222981230 status:snapshot-updated
1787222981238 frame-visible
1787222981238 icon:bc7-gpu-uploaded
1787222981760 status:snapshot-updated
1787222981760 frame-visible
1787222981760 icon:bc7-gpu-uploaded
1787222982050 clock:updated
1787222982054 frame-visible
1787222982054 icon:bc7-gpu-uploaded
1787222982293 status:snapshot-updated
1787222982294 frame-visible
1787222982294 icon:bc7-gpu-uploaded
1787222982749 taskbar:auto-hide-teardown-visible
1787223024116 taskbar:preview-shell-hook-owned
1787223024139 frame-visible
1787223024149 wallpaper:loaded
1787223024150 frame-visible
1787223024150 icon:bc7-gpu-uploaded
1787223024207 shell-event
1787223024207 frame-visible
1787223024208 icon:bc7-gpu-uploaded
1787223024607 status:snapshot-updated
1787223024607 frame-visible
1787223024607 icon:bc7-gpu-uploaded
1787223024670 frame-visible
1787223024670 icon:bc7-gpu-uploaded
1787223024731 notification:snapshot-reconciled
1787223024731 frame-visible
1787223024732 icon:bc7-gpu-uploaded
1787223025020 clock:updated
1787223025021 frame-visible
1787223025021 icon:bc7-gpu-uploaded
1787223025135 status:snapshot-updated
1787223025137 frame-visible
1787223025137 icon:bc7-gpu-uploaded
1787223025319 notification:snapshot-reconciled
1787223025319 frame-visible
1787223025320 icon:bc7-gpu-uploaded
1787223025664 status:snapshot-updated
1787223025670 frame-visible
1787223025670 icon:bc7-gpu-uploaded
1787223025905 notification:snapshot-reconciled
1787223025905 frame-visible
1787223025905 icon:bc7-gpu-uploaded
1787223026020 clock:updated
1787223026021 frame-visible
1787223026022 icon:bc7-gpu-uploaded
1787223026193 status:snapshot-updated
1787223026193 frame-visible
1787223026193 icon:bc7-gpu-uploaded
1787223026490 notification:snapshot-reconciled
1787223026490 frame-visible
1787223026490 icon:bc7-gpu-uploaded
1787223026720 status:snapshot-updated
1787223026723 frame-visible
1787223026723 icon:bc7-gpu-uploaded
1787223026840 notification:owned-overflow-opened
1787223026849 frame-visible
1787223026849 icon:bc7-gpu-uploaded
1787223027025 clock:updated
1787223027025 frame-visible
1787223027025 icon:bc7-gpu-uploaded
1787223027213 status:snapshot-updated
1787223027220 frame-visible
1787223027220 icon:bc7-gpu-uploaded
1787223027742 status:snapshot-updated
1787223027743 frame-visible
1787223027743 icon:bc7-gpu-uploaded
1787223028031 clock:updated
1787223028038 frame-visible
1787223028038 icon:bc7-gpu-uploaded
1787223028277 status:snapshot-updated
1787223028277 frame-visible
1787223028277 icon:bc7-gpu-uploaded
1787223028864 status:snapshot-updated
1787223028864 frame-visible
1787223028864 icon:bc7-gpu-uploaded
1787223028977 notification:event-completed
1787223029041 clock:updated
1787223029042 frame-visible
1787223029042 icon:bc7-gpu-uploaded
1787223029329 status:snapshot-updated
1787223029337 frame-visible
1787223029337 icon:bc7-gpu-uploaded
1787223029857 status:snapshot-updated
1787223029858 frame-visible
1787223029858 icon:bc7-gpu-uploaded
1787223030044 clock:updated
1787223030045 frame-visible
1787223030045 icon:bc7-gpu-uploaded
1787223030389 status:snapshot-updated
1787223030389 frame-visible
1787223030389 icon:bc7-gpu-uploaded
1787223030921 status:snapshot-updated
1787223030922 frame-visible
1787223030923 icon:bc7-gpu-uploaded
1787223031035 clock:updated
1787223031039 frame-visible
1787223031039 icon:bc7-gpu-uploaded
1787223031448 status:snapshot-updated
1787223031453 frame-visible
1787223031454 icon:bc7-gpu-uploaded
1787223031980 status:snapshot-updated
1787223031989 frame-visible
1787223031989 icon:bc7-gpu-uploaded
1787223032038 clock:updated
1787223032039 frame-visible
1787223032039 icon:bc7-gpu-uploaded
1787223032509 status:snapshot-updated
1787223032509 frame-visible
1787223032509 icon:bc7-gpu-uploaded
1787223033039 clock:updated
1787223033039 status:snapshot-updated
1787223033040 frame-visible
1787223033040 icon:bc7-gpu-uploaded
1787223033569 status:snapshot-updated
1787223033569 frame-visible
1787223033569 icon:bc7-gpu-uploaded
1787223034028 clock:updated
1787223034037 frame-visible
1787223034037 icon:bc7-gpu-uploaded
1787223034087 status:snapshot-updated
1787223034087 frame-visible
1787223034088 icon:bc7-gpu-uploaded
1787223034628 status:snapshot-updated
1787223034639 frame-visible
1787223034639 icon:bc7-gpu-uploaded
1787223035042 clock:updated
1787223035043 frame-visible
1787223035043 icon:bc7-gpu-uploaded
1787223035159 status:snapshot-updated
1787223035160 frame-visible
1787223035160 icon:bc7-gpu-uploaded
1787223035695 status:snapshot-updated
1787223035703 frame-visible
1787223035704 icon:bc7-gpu-uploaded
1787223036055 clock:updated
1787223036055 frame-visible
1787223036056 icon:bc7-gpu-uploaded
1787223036228 status:snapshot-updated
1787223036236 frame-visible
1787223036237 icon:bc7-gpu-uploaded
1787223036765 status:snapshot-updated
1787223036771 frame-visible
1787223036771 icon:bc7-gpu-uploaded
1787223037055 clock:updated
1787223037055 frame-visible
1787223037056 icon:bc7-gpu-uploaded
1787223037297 status:snapshot-updated
1787223037303 frame-visible
1787223037303 icon:bc7-gpu-uploaded
1787223037585 status:snapshot-updated
1787223037587 frame-visible
1787223037587 icon:bc7-gpu-uploaded
1787223038057 clock:updated
1787223038058 frame-visible
1787223038058 icon:bc7-gpu-uploaded
1787223038115 status:snapshot-updated
1787223038121 frame-visible
1787223038122 icon:bc7-gpu-uploaded
1787223038648 status:snapshot-updated
1787223038656 frame-visible
1787223038656 icon:bc7-gpu-uploaded
1787223039007 clock:updated
1787223039008 frame-visible
1787223039008 icon:bc7-gpu-uploaded
1787223039178 status:snapshot-updated
1787223039187 frame-visible
1787223039187 icon:bc7-gpu-uploaded
1787223039714 status:snapshot-updated
1787223039720 frame-visible
1787223039720 icon:bc7-gpu-uploaded
1787223040017 clock:updated
1787223040020 frame-visible
1787223040020 icon:bc7-gpu-uploaded
1787223040247 status:snapshot-updated
1787223040253 frame-visible
1787223040259 icon:bc7-gpu-uploaded
1787223040777 status:snapshot-updated
1787223040787 frame-visible
1787223040787 icon:bc7-gpu-uploaded
1787223041019 clock:updated
1787223041019 frame-visible
1787223041019 icon:bc7-gpu-uploaded
1787223041310 status:snapshot-updated
1787223041311 frame-visible
1787223041311 icon:bc7-gpu-uploaded
1787223041845 status:snapshot-updated
1787223041845 frame-visible
1787223041845 icon:bc7-gpu-uploaded
1787223042020 clock:updated
1787223042020 frame-visible
1787223042021 icon:bc7-gpu-uploaded
1787223042379 status:snapshot-updated
1787223042386 frame-visible
1787223042386 icon:bc7-gpu-uploaded
1787223042909 status:snapshot-updated
1787223042909 frame-visible
1787223042909 icon:bc7-gpu-uploaded
1787223043027 clock:updated
1787223043027 frame-visible
1787223043027 icon:bc7-gpu-uploaded
1787223043444 status:snapshot-updated
1787223043453 frame-visible
1787223043453 icon:bc7-gpu-uploaded
1787223043974 status:snapshot-updated
1787223043974 frame-visible
1787223043974 icon:bc7-gpu-uploaded
1787223044031 clock:updated
1787223044037 frame-visible
1787223044037 icon:bc7-gpu-uploaded
1787223044493 status:snapshot-updated
1787223044493 frame-visible
1787223044493 icon:bc7-gpu-uploaded
1787223045030 clock:updated
1787223045030 status:snapshot-updated
1787223045037 frame-visible
1787223045037 icon:bc7-gpu-uploaded
1787223045563 status:snapshot-updated
1787223045570 frame-visible
1787223045570 icon:bc7-gpu-uploaded
1787223046037 clock:updated
1787223046037 frame-visible
1787223046037 icon:bc7-gpu-uploaded
1787223046094 status:snapshot-updated
1787223046103 frame-visible
1787223046103 icon:bc7-gpu-uploaded
1787223046337 notification:snapshot-reconciled
1787223046338 frame-visible
1787223046338 icon:bc7-gpu-uploaded
1787223046625 status:snapshot-updated
1787223046626 frame-visible
1787223046626 icon:bc7-gpu-uploaded
1787223047042 clock:updated
1787223047043 frame-visible
1787223047043 icon:bc7-gpu-uploaded
1787223047160 status:snapshot-updated
1787223047160 frame-visible
1787223047160 icon:bc7-gpu-uploaded
1787223047635 status:snapshot-updated
1787223047637 frame-visible
1787223047637 icon:bc7-gpu-uploaded
1787223048041 clock:updated
1787223048041 frame-visible
1787223048041 icon:bc7-gpu-uploaded
1787223048165 status:snapshot-updated
1787223048170 frame-visible
1787223048170 icon:bc7-gpu-uploaded
1787223048697 status:snapshot-updated
1787223048697 frame-visible
1787223048697 icon:bc7-gpu-uploaded
1787223049043 clock:updated
1787223049043 frame-visible
1787223049043 icon:bc7-gpu-uploaded
1787223049239 taskbar:auto-hide-teardown-visible
1787223077982 taskbar:preview-shell-hook-owned
1787223078008 frame-visible
1787223078020 wallpaper:loaded
1787223078020 frame-visible
1787223078021 icon:bc7-gpu-uploaded
1787223078078 shell-event
1787223078087 frame-visible
1787223078088 icon:bc7-gpu-uploaded
1787223078423 status:snapshot-updated
1787223078423 frame-visible
1787223078423 icon:bc7-gpu-uploaded
1787223078570 frame-visible
1787223078571 icon:bc7-gpu-uploaded
1787223078605 notification:snapshot-reconciled
1787223078605 frame-visible
1787223078605 icon:bc7-gpu-uploaded
1787223079008 clock:updated
1787223079008 status:snapshot-updated
1787223079008 frame-visible
1787223079008 icon:bc7-gpu-uploaded
1787223079192 notification:snapshot-reconciled
1787223079193 frame-visible
1787223079193 icon:bc7-gpu-uploaded
1787223079539 status:snapshot-updated
1787223079539 frame-visible
1787223079540 icon:bc7-gpu-uploaded
1787223079781 notification:snapshot-reconciled
1787223079781 frame-visible
1787223079781 icon:bc7-gpu-uploaded
1787223080009 clock:updated
1787223080010 frame-visible
1787223080010 icon:bc7-gpu-uploaded
1787223080067 status:snapshot-updated
1787223080070 frame-visible
1787223080071 icon:bc7-gpu-uploaded
1787223080368 notification:snapshot-reconciled
1787223080368 frame-visible
1787223080368 icon:bc7-gpu-uploaded
1787223080541 status:snapshot-updated
1787223080541 frame-visible
1787223080541 icon:bc7-gpu-uploaded
1787223080732 notification:owned-overflow-opened
1787223080734 frame-visible
1787223080734 icon:bc7-gpu-uploaded
1787223081017 clock:updated
1787223081023 frame-visible
1787223081023 icon:bc7-gpu-uploaded
1787223081076 status:snapshot-updated
1787223081077 frame-visible
1787223081077 icon:bc7-gpu-uploaded
1787223081610 status:snapshot-updated
1787223081610 frame-visible
1787223081611 icon:bc7-gpu-uploaded
1787223082013 clock:updated
1787223082020 frame-visible
1787223082021 icon:bc7-gpu-uploaded
1787223082143 status:snapshot-updated
1787223082143 frame-visible
1787223082143 icon:bc7-gpu-uploaded
1787223082665 status:snapshot-updated
1787223082670 frame-visible
1787223082671 icon:bc7-gpu-uploaded
1787223082860 notification:event-completed
1787223083026 clock:updated
1787223083026 frame-visible
1787223083026 icon:bc7-gpu-uploaded
1787223083199 status:snapshot-updated
1787223083204 frame-visible
1787223083204 icon:bc7-gpu-uploaded
1787223083731 status:snapshot-updated
1787223083737 frame-visible
1787223083737 icon:bc7-gpu-uploaded
1787223084033 clock:updated
1787223084037 frame-visible
1787223084037 icon:bc7-gpu-uploaded
1787223084265 status:snapshot-updated
1787223084271 frame-visible
1787223084271 icon:bc7-gpu-uploaded
1787223084799 status:snapshot-updated
1787223084806 frame-visible
1787223084806 icon:bc7-gpu-uploaded
1787223085031 clock:updated
1787223085037 frame-visible
1787223085037 icon:bc7-gpu-uploaded
1787223085333 status:snapshot-updated
1787223085337 frame-visible
1787223085337 icon:bc7-gpu-uploaded
1787223085867 status:snapshot-updated
1787223085870 frame-visible
1787223085871 icon:bc7-gpu-uploaded
1787223086041 clock:updated
1787223086042 frame-visible
1787223086042 icon:bc7-gpu-uploaded
1787223086402 status:snapshot-updated
1787223086404 frame-visible
1787223086404 icon:bc7-gpu-uploaded
1787223086933 status:snapshot-updated
1787223086939 frame-visible
1787223086939 icon:bc7-gpu-uploaded
1787223087049 clock:updated
1787223087054 frame-visible
1787223087054 icon:bc7-gpu-uploaded
1787223087465 status:snapshot-updated
1787223087466 frame-visible
1787223087466 icon:bc7-gpu-uploaded
1787223087986 status:snapshot-updated
1787223087987 frame-visible
1787223087987 icon:bc7-gpu-uploaded
1787223088064 clock:updated
1787223088064 frame-visible
1787223088064 icon:bc7-gpu-uploaded
1787223088530 status:snapshot-updated
1787223088537 frame-visible
1787223088537 icon:bc7-gpu-uploaded
1787223089003 clock:updated
1787223089006 frame-visible
1787223089006 icon:bc7-gpu-uploaded
1787223089061 status:snapshot-updated
1787223089073 frame-visible
1787223089073 icon:bc7-gpu-uploaded
1787223089602 status:snapshot-updated
1787223089604 frame-visible
1787223089604 icon:bc7-gpu-uploaded
1787223090016 clock:updated
1787223090020 frame-visible
1787223090021 icon:bc7-gpu-uploaded
1787223090135 status:snapshot-updated
1787223090137 frame-visible
1787223090138 icon:bc7-gpu-uploaded
1787223090608 status:snapshot-updated
1787223090609 frame-visible
1787223090609 icon:bc7-gpu-uploaded
1787223091026 clock:updated
1787223091026 frame-visible
1787223091026 icon:bc7-gpu-uploaded
1787223091142 status:snapshot-updated
1787223091142 frame-visible
1787223091143 icon:bc7-gpu-uploaded
1787223091489 status:snapshot-updated
1787223091490 frame-visible
1787223091490 icon:bc7-gpu-uploaded
1787223092022 clock:updated
1787223092022 status:snapshot-updated
1787223092023 frame-visible
1787223092023 icon:bc7-gpu-uploaded
1787223092557 status:snapshot-updated
1787223092558 frame-visible
1787223092558 icon:bc7-gpu-uploaded
1787223093036 clock:updated
1787223093039 frame-visible
1787223093039 icon:bc7-gpu-uploaded
1787223093094 status:snapshot-updated
1787223093094 frame-visible
1787223093095 icon:bc7-gpu-uploaded
1787223093588 status:snapshot-updated
1787223093588 frame-visible
1787223093588 icon:bc7-gpu-uploaded
1787223094004 clock:updated
1787223094004 frame-visible
1787223094004 icon:bc7-gpu-uploaded
1787223094119 status:snapshot-updated
1787223094120 frame-visible
1787223094120 icon:bc7-gpu-uploaded
1787223094649 status:snapshot-updated
1787223094654 frame-visible
1787223094654 icon:bc7-gpu-uploaded
1787223095008 clock:updated
1787223095008 frame-visible
1787223095008 icon:bc7-gpu-uploaded
1787223095180 status:snapshot-updated
1787223095187 frame-visible
1787223095187 icon:bc7-gpu-uploaded
1787223095709 status:snapshot-updated
1787223095709 frame-visible
1787223095709 icon:bc7-gpu-uploaded
1787223096053 clock:updated
1787223096054 frame-visible
1787223096054 icon:bc7-gpu-uploaded
1787223096240 status:snapshot-updated
1787223096240 frame-visible
1787223096241 icon:bc7-gpu-uploaded
1787223096771 status:snapshot-updated
1787223096772 frame-visible
1787223096772 icon:bc7-gpu-uploaded
1787223097005 clock:updated
1787223097006 frame-visible
1787223097006 icon:bc7-gpu-uploaded
1787223097309 status:snapshot-updated
1787223097310 frame-visible
1787223097310 icon:bc7-gpu-uploaded
1787223097827 status:snapshot-updated
1787223097827 frame-visible
1787223097827 icon:bc7-gpu-uploaded
1787223098011 clock:updated
1787223098011 frame-visible
1787223098011 icon:bc7-gpu-uploaded
1787223098358 status:snapshot-updated
1787223098359 frame-visible
1787223098359 icon:bc7-gpu-uploaded
1787223098895 status:snapshot-updated
1787223098904 frame-visible
1787223098904 icon:bc7-gpu-uploaded
1787223099009 clock:updated
1787223099010 frame-visible
1787223099010 icon:bc7-gpu-uploaded
1787223099421 status:snapshot-updated
1787223099421 frame-visible
1787223099421 icon:bc7-gpu-uploaded
1787223099954 status:snapshot-updated
1787223099954 frame-visible
1787223099954 icon:bc7-gpu-uploaded
1787223100011 clock:updated
1787223100020 frame-visible
1787223100020 icon:bc7-gpu-uploaded
1787223100255 notification:snapshot-reconciled
1787223100255 frame-visible
1787223100255 icon:bc7-gpu-uploaded
1787223100484 status:snapshot-updated
1787223100487 frame-visible
1787223100487 icon:bc7-gpu-uploaded
1787223101015 clock:updated
1787223101015 status:snapshot-updated
1787223101022 frame-visible
1787223101022 icon:bc7-gpu-uploaded
1787223101545 status:snapshot-updated
1787223101545 frame-visible
1787223101545 icon:bc7-gpu-uploaded
1787223102013 clock:updated
1787223102014 frame-visible
1787223102014 icon:bc7-gpu-uploaded
1787223102071 status:snapshot-updated
1787223102072 frame-visible
1787223102072 icon:bc7-gpu-uploaded
1787223102655 status:snapshot-updated
1787223102656 frame-visible
1787223102656 icon:bc7-gpu-uploaded
1787223103001 clock:updated
1787223103003 frame-visible
1787223103004 icon:bc7-gpu-uploaded
1787223103109 taskbar:auto-hide-teardown-visible
1787223132310 taskbar:preview-shell-hook-owned
1787223132334 frame-visible
1787223132344 wallpaper:loaded
1787223132345 frame-visible
1787223132345 icon:bc7-gpu-uploaded
1787223132401 shell-event
1787223132403 frame-visible
1787223132403 icon:bc7-gpu-uploaded
1787223132800 status:snapshot-updated
1787223132803 frame-visible
1787223132804 icon:bc7-gpu-uploaded
1787223132887 frame-visible
1787223132887 icon:bc7-gpu-uploaded
1787223132923 notification:snapshot-reconciled
1787223132923 frame-visible
1787223132923 icon:bc7-gpu-uploaded
1787223133037 clock:updated
1787223133038 frame-visible
1787223133038 icon:bc7-gpu-uploaded
1787223133322 status:snapshot-updated
1787223133323 frame-visible
1787223133323 icon:bc7-gpu-uploaded
1787223133504 notification:snapshot-reconciled
1787223133505 frame-visible
1787223133505 icon:bc7-gpu-uploaded
1787223133846 status:snapshot-updated
1787223133853 frame-visible
1787223133853 icon:bc7-gpu-uploaded
1787223134018 clock:updated
1787223134020 frame-visible
1787223134020 icon:bc7-gpu-uploaded
1787223134088 notification:snapshot-reconciled
1787223134088 frame-visible
1787223134089 icon:bc7-gpu-uploaded
1787223134375 status:snapshot-updated
1787223134375 frame-visible
1787223134375 icon:bc7-gpu-uploaded
1787223134672 notification:snapshot-reconciled
1787223134673 frame-visible
1787223134673 icon:bc7-gpu-uploaded
1787223134903 status:snapshot-updated
1787223134906 frame-visible
1787223134906 icon:bc7-gpu-uploaded
1787223135020 clock:updated
1787223135022 frame-visible
1787223135022 icon:bc7-gpu-uploaded
1787223135069 notification:owned-overflow-opened
1787223135070 frame-visible
1787223135070 icon:bc7-gpu-uploaded
1787223135267 notification:snapshot-reconciled
1787223135267 frame-visible
1787223135267 icon:bc7-gpu-uploaded
1787223135443 status:snapshot-updated
1787223135444 frame-visible
1787223135444 icon:bc7-gpu-uploaded
1787223135975 status:snapshot-updated
1787223135975 frame-visible
1787223135975 icon:bc7-gpu-uploaded
1787223136033 clock:updated
1787223136037 frame-visible
1787223136037 icon:bc7-gpu-uploaded
1787223136502 status:snapshot-updated
1787223136504 frame-visible
1787223136504 icon:bc7-gpu-uploaded
1787223137034 clock:updated
1787223137034 status:snapshot-updated
1787223137035 frame-visible
1787223137035 icon:bc7-gpu-uploaded
1787223137549 status:snapshot-updated
1787223137553 frame-visible
1787223137553 icon:bc7-gpu-uploaded
1787223137572 notification:event-completed
1787223138024 clock:updated
1787223138024 frame-visible
1787223138024 icon:bc7-gpu-uploaded
1787223138082 status:snapshot-updated
1787223138087 frame-visible
1787223138087 icon:bc7-gpu-uploaded
1787223138613 status:snapshot-updated
1787223138620 frame-visible
1787223138620 icon:bc7-gpu-uploaded
1787223139027 clock:updated
1787223139028 frame-visible
1787223139028 icon:bc7-gpu-uploaded
1787223139143 status:snapshot-updated
1787223139143 frame-visible
1787223139143 icon:bc7-gpu-uploaded
1787223139677 status:snapshot-updated
1787223139677 frame-visible
1787223139677 icon:bc7-gpu-uploaded
1787223140035 clock:updated
1787223140037 frame-visible
1787223140037 icon:bc7-gpu-uploaded
1787223140208 status:snapshot-updated
1787223140208 frame-visible
1787223140208 icon:bc7-gpu-uploaded
1787223140740 status:snapshot-updated
1787223140740 frame-visible
1787223140741 icon:bc7-gpu-uploaded
1787223141031 clock:updated
1787223141037 frame-visible
1787223141037 icon:bc7-gpu-uploaded
1787223141272 status:snapshot-updated
1787223141272 frame-visible
1787223141272 icon:bc7-gpu-uploaded
1787223141803 status:snapshot-updated
1787223141804 frame-visible
1787223141804 icon:bc7-gpu-uploaded
1787223142034 clock:updated
1787223142037 frame-visible
1787223142037 icon:bc7-gpu-uploaded
1787223142335 status:snapshot-updated
1787223142336 frame-visible
1787223142336 icon:bc7-gpu-uploaded
1787223142856 status:snapshot-updated
1787223142856 frame-visible
1787223142856 icon:bc7-gpu-uploaded
1787223143053 clock:updated
1787223143056 frame-visible
1787223143056 icon:bc7-gpu-uploaded
1787223143341 status:snapshot-updated
1787223143341 frame-visible
1787223143341 icon:bc7-gpu-uploaded
1787223143872 status:snapshot-updated
1787223143872 frame-visible
1787223143872 icon:bc7-gpu-uploaded
1787223144044 clock:updated
1787223144053 frame-visible
1787223144053 icon:bc7-gpu-uploaded
1787223144404 status:snapshot-updated
1787223144405 frame-visible
1787223144405 icon:bc7-gpu-uploaded
1787223144938 status:snapshot-updated
1787223144938 frame-visible
1787223144938 icon:bc7-gpu-uploaded
1787223145055 clock:updated
1787223145055 frame-visible
1787223145056 icon:bc7-gpu-uploaded
1787223145474 status:snapshot-updated
1787223145474 frame-visible
1787223145474 icon:bc7-gpu-uploaded
1787223145822 status:snapshot-updated
1787223145822 frame-visible
1787223145822 icon:bc7-gpu-uploaded
1787223146008 clock:updated
1787223146009 frame-visible
1787223146009 icon:bc7-gpu-uploaded
1787223146356 status:snapshot-updated
1787223146356 frame-visible
1787223146356 icon:bc7-gpu-uploaded
1787223146889 status:snapshot-updated
1787223146889 frame-visible
1787223146889 icon:bc7-gpu-uploaded
1787223147006 clock:updated
1787223147006 frame-visible
1787223147007 icon:bc7-gpu-uploaded
1787223147439 status:snapshot-updated
1787223147440 frame-visible
1787223147440 icon:bc7-gpu-uploaded
1787223147955 status:snapshot-updated
1787223147955 frame-visible
1787223147955 icon:bc7-gpu-uploaded
1787223148033 clock:updated
1787223148033 frame-visible
1787223148033 icon:bc7-gpu-uploaded
1787223148498 status:snapshot-updated
1787223148503 frame-visible
1787223148504 icon:bc7-gpu-uploaded
1787223149030 clock:updated
1787223149030 status:snapshot-updated
1787223149037 frame-visible
1787223149037 icon:bc7-gpu-uploaded
1787223149449 shell-event
1787223149453 frame-visible
1787223149454 icon:bc7-gpu-uploaded
1787223149508 status:snapshot-updated
1787223149509 frame-visible
1787223149509 icon:bc7-gpu-uploaded
1787223150041 clock:updated
1787223150041 status:snapshot-updated
1787223150041 frame-visible
1787223150042 icon:bc7-gpu-uploaded
1787223150577 status:snapshot-updated
1787223150577 frame-visible
1787223150577 icon:bc7-gpu-uploaded
1787223151048 clock:updated
1787223151053 frame-visible
1787223151053 icon:bc7-gpu-uploaded
1787223151105 status:snapshot-updated
1787223151106 frame-visible
1787223151106 icon:bc7-gpu-uploaded
1787223151639 status:snapshot-updated
1787223151640 frame-visible
1787223151640 icon:bc7-gpu-uploaded
1787223152045 clock:updated
1787223152045 frame-visible
1787223152045 icon:bc7-gpu-uploaded
1787223152173 status:snapshot-updated
1787223152174 frame-visible
1787223152174 icon:bc7-gpu-uploaded
1787223152694 status:snapshot-updated
1787223152694 frame-visible
1787223152694 icon:bc7-gpu-uploaded
1787223153050 clock:updated
1787223153053 frame-visible
1787223153054 icon:bc7-gpu-uploaded
1787223153222 status:snapshot-updated
1787223153223 frame-visible
1787223153223 icon:bc7-gpu-uploaded
1787223153761 status:snapshot-updated
1787223153770 frame-visible
1787223153770 icon:bc7-gpu-uploaded
1787223154005 clock:updated
1787223154005 frame-visible
1787223154005 icon:bc7-gpu-uploaded
1787223154293 status:snapshot-updated
1787223154293 frame-visible
1787223154293 icon:bc7-gpu-uploaded
1787223154535 notification:snapshot-reconciled
1787223154535 frame-visible
1787223154536 icon:bc7-gpu-uploaded
1787223154820 status:snapshot-updated
1787223154822 frame-visible
1787223154822 icon:bc7-gpu-uploaded
1787223155049 clock:updated
1787223155056 frame-visible
1787223155056 icon:bc7-gpu-uploaded
1787223155350 status:snapshot-updated
1787223155353 frame-visible
1787223155353 icon:bc7-gpu-uploaded
1787223155875 status:snapshot-updated
1787223155875 frame-visible
1787223155875 icon:bc7-gpu-uploaded
1787223156048 clock:updated
1787223156053 frame-visible
1787223156053 icon:bc7-gpu-uploaded
1787223156401 status:snapshot-updated
1787223156403 frame-visible
1787223156403 icon:bc7-gpu-uploaded
1787223156930 status:snapshot-updated
1787223156938 frame-visible
1787223156938 icon:bc7-gpu-uploaded
1787223157047 clock:updated
1787223157053 frame-visible
1787223157053 icon:bc7-gpu-uploaded
1787223157436 taskbar:auto-hide-teardown-visible
1787223201963 taskbar:preview-shell-hook-owned
1787223201995 frame-visible
1787223202007 wallpaper:loaded
1787223202008 frame-visible
1787223202008 icon:bc7-gpu-uploaded
1787223202065 clock:updated
1787223202066 shell-event
1787223202072 frame-visible
1787223202073 icon:bc7-gpu-uploaded
1787223202407 status:snapshot-updated
1787223202407 frame-visible
1787223202407 icon:bc7-gpu-uploaded
1787223202585 notification:snapshot-reconciled
1787223202586 frame-visible
1787223202586 icon:bc7-gpu-uploaded
1787223202603 frame-visible
1787223202603 icon:bc7-gpu-uploaded
1787223202929 status:snapshot-updated
1787223202936 frame-visible
1787223202936 icon:bc7-gpu-uploaded
1787223203042 clock:updated
1787223203042 frame-visible
1787223203042 icon:bc7-gpu-uploaded
1787223203166 notification:snapshot-reconciled
1787223203167 frame-visible
1787223203167 icon:bc7-gpu-uploaded
1787223203509 status:snapshot-updated
1787223203509 frame-visible
1787223203510 icon:bc7-gpu-uploaded
1787223203751 notification:snapshot-reconciled
1787223203751 frame-visible
1787223203751 icon:bc7-gpu-uploaded
1787223204037 clock:updated
1787223204037 status:snapshot-updated
1787223204037 frame-visible
1787223204037 icon:bc7-gpu-uploaded
1787223204336 notification:snapshot-reconciled
1787223204336 frame-visible
1787223204336 icon:bc7-gpu-uploaded
1787223204566 status:snapshot-updated
1787223204569 frame-visible
1787223204569 icon:bc7-gpu-uploaded
1787223204785 notification:owned-overflow-opened
1787223204786 frame-visible
1787223204786 icon:bc7-gpu-uploaded
1787223205043 clock:updated
1787223205043 frame-visible
1787223205043 icon:bc7-gpu-uploaded
1787223205100 status:snapshot-updated
1787223205102 frame-visible
1787223205103 icon:bc7-gpu-uploaded
1787223205577 status:snapshot-updated
1787223205577 frame-visible
1787223205577 icon:bc7-gpu-uploaded
1787223206037 clock:updated
1787223206038 frame-visible
1787223206038 icon:bc7-gpu-uploaded
1787223206110 status:snapshot-updated
1787223206110 frame-visible
1787223206110 icon:bc7-gpu-uploaded
1787223206699 status:snapshot-updated
1787223206699 frame-visible
1787223206700 icon:bc7-gpu-uploaded
1787223207046 clock:updated
1787223207052 frame-visible
1787223207052 icon:bc7-gpu-uploaded
1787223207221 status:snapshot-updated
1787223207221 frame-visible
1787223207221 icon:bc7-gpu-uploaded
1787223207301 notification:event-completed
1787223207707 status:snapshot-updated
1787223207708 frame-visible
1787223207708 icon:bc7-gpu-uploaded
1787223208009 clock:updated
1787223208009 frame-visible
1787223208009 icon:bc7-gpu-uploaded
1787223208239 status:snapshot-updated
1787223208239 frame-visible
1787223208239 icon:bc7-gpu-uploaded
1787223208774 status:snapshot-updated
1787223208775 frame-visible
1787223208775 icon:bc7-gpu-uploaded
1787223209008 clock:updated
1787223209008 frame-visible
1787223209008 icon:bc7-gpu-uploaded
1787223209309 status:snapshot-updated
1787223209309 frame-visible
1787223209309 icon:bc7-gpu-uploaded
1787223209841 status:snapshot-updated
1787223209841 frame-visible
1787223209841 icon:bc7-gpu-uploaded
1787223210016 clock:updated
1787223210021 frame-visible
1787223210021 icon:bc7-gpu-uploaded
1787223210376 status:snapshot-updated
1787223210377 frame-visible
1787223210377 icon:bc7-gpu-uploaded
1787223210908 status:snapshot-updated
1787223210908 frame-visible
1787223210909 icon:bc7-gpu-uploaded
1787223211024 clock:updated
1787223211024 frame-visible
1787223211024 icon:bc7-gpu-uploaded
1787223211437 status:snapshot-updated
1787223211437 frame-visible
1787223211437 icon:bc7-gpu-uploaded
1787223211958 status:snapshot-updated
1787223211958 frame-visible
1787223211958 icon:bc7-gpu-uploaded
1787223212028 clock:updated
1787223212028 frame-visible
1787223212028 icon:bc7-gpu-uploaded
1787223212487 status:snapshot-updated
1787223212487 frame-visible
1787223212487 icon:bc7-gpu-uploaded
1787223213027 clock:updated
1787223213027 status:snapshot-updated
1787223213027 frame-visible
1787223213027 icon:bc7-gpu-uploaded
1787223213561 status:snapshot-updated
1787223213569 frame-visible
1787223213569 icon:bc7-gpu-uploaded
1787223214038 clock:updated
1787223214038 frame-visible
1787223214038 icon:bc7-gpu-uploaded
1787223214096 status:snapshot-updated
1787223214097 frame-visible
1787223214097 icon:bc7-gpu-uploaded
1787223214629 status:snapshot-updated
1787223214636 frame-visible
1787223214636 icon:bc7-gpu-uploaded
1787223215049 clock:updated
1787223215052 frame-visible
1787223215052 icon:bc7-gpu-uploaded
1787223215107 status:snapshot-updated
1787223215108 frame-visible
1787223215108 icon:bc7-gpu-uploaded
1787223215453 status:snapshot-updated
1787223215453 frame-visible
1787223215453 icon:bc7-gpu-uploaded
1787223215988 status:snapshot-updated
1787223215988 frame-visible
1787223215988 icon:bc7-gpu-uploaded
1787223216045 clock:updated
1787223216052 frame-visible
1787223216052 icon:bc7-gpu-uploaded
1787223216524 status:snapshot-updated
1787223216525 frame-visible
1787223216525 icon:bc7-gpu-uploaded
1787223217059 clock:updated
1787223217059 status:snapshot-updated
1787223217060 frame-visible
1787223217060 icon:bc7-gpu-uploaded
1787223217593 status:snapshot-updated
1787223217593 frame-visible
1787223217593 icon:bc7-gpu-uploaded
1787223218018 clock:updated
1787223218022 frame-visible
1787223218022 icon:bc7-gpu-uploaded
1787223218135 status:snapshot-updated
1787223218136 frame-visible
1787223218136 icon:bc7-gpu-uploaded
1787223218669 status:snapshot-updated
1787223218669 frame-visible
1787223218670 icon:bc7-gpu-uploaded
1787223219029 clock:updated
1787223219036 frame-visible
1787223219036 icon:bc7-gpu-uploaded
1787223219204 status:snapshot-updated
1787223219205 frame-visible
1787223219205 icon:bc7-gpu-uploaded
1787223219738 status:snapshot-updated
1787223219738 frame-visible
1787223219738 icon:bc7-gpu-uploaded
1787223220029 clock:updated
1787223220036 frame-visible
1787223220036 icon:bc7-gpu-uploaded
1787223220274 status:snapshot-updated
1787223220274 frame-visible
1787223220275 icon:bc7-gpu-uploaded
1787223220749 status:snapshot-updated
1787223220752 frame-visible
1787223220752 icon:bc7-gpu-uploaded
1787223221035 clock:updated
1787223221036 frame-visible
1787223221036 icon:bc7-gpu-uploaded
1787223221280 status:snapshot-updated
1787223221281 frame-visible
1787223221281 icon:bc7-gpu-uploaded
1787223221870 status:snapshot-updated
1787223221871 frame-visible
1787223221871 icon:bc7-gpu-uploaded
1787223222045 clock:updated
1787223222055 frame-visible
1787223222055 icon:bc7-gpu-uploaded
1787223222393 status:snapshot-updated
1787223222393 frame-visible
1787223222393 icon:bc7-gpu-uploaded
1787223222866 status:snapshot-updated
1787223222871 frame-visible
1787223222872 icon:bc7-gpu-uploaded
1787223223058 clock:updated
1787223223059 frame-visible
1787223223059 icon:bc7-gpu-uploaded
1787223223403 status:snapshot-updated
1787223223404 frame-visible
1787223223404 icon:bc7-gpu-uploaded
1787223223938 status:snapshot-updated
1787223223938 frame-visible
1787223223938 icon:bc7-gpu-uploaded
1787223224054 clock:updated
1787223224055 frame-visible
1787223224055 icon:bc7-gpu-uploaded
1787223224238 notification:snapshot-reconciled
1787223224239 frame-visible
1787223224239 icon:bc7-gpu-uploaded
1787223224471 status:snapshot-updated
1787223224471 frame-visible
1787223224471 icon:bc7-gpu-uploaded
1787223225000 status:snapshot-updated
1787223225003 frame-visible
1787223225003 icon:bc7-gpu-uploaded
1787223225057 clock:updated
1787223225057 frame-visible
1787223225057 icon:bc7-gpu-uploaded
1787223225527 status:snapshot-updated
1787223225536 frame-visible
1787223225536 icon:bc7-gpu-uploaded
1787223226056 clock:updated
1787223226057 status:snapshot-updated
1787223226057 frame-visible
1787223226057 icon:bc7-gpu-uploaded
1787223226589 status:snapshot-updated
1787223226589 frame-visible
1787223226590 icon:bc7-gpu-uploaded
1787223227046 taskbar:auto-hide-teardown-visible
1787223259555 taskbar:preview-shell-hook-owned
1787223259579 frame-visible
1787223259590 wallpaper:loaded
1787223259590 frame-visible
1787223259591 icon:bc7-gpu-uploaded
1787223259648 shell-event
1787223259652 frame-visible
1787223259652 icon:bc7-gpu-uploaded
1787223260045 clock:updated
1787223260046 status:snapshot-updated
1787223260052 frame-visible
1787223260052 icon:bc7-gpu-uploaded
1787223260169 notification:snapshot-reconciled
1787223260169 frame-visible
1787223260170 icon:bc7-gpu-uploaded
1787223260570 status:snapshot-updated
1787223260570 frame-visible
1787223260570 icon:bc7-gpu-uploaded
1787223260753 notification:snapshot-reconciled
1787223260753 frame-visible
1787223260753 icon:bc7-gpu-uploaded
1787223261038 clock:updated
1787223261038 frame-visible
1787223261039 icon:bc7-gpu-uploaded
1787223261096 status:snapshot-updated
1787223261102 frame-visible
1787223261102 icon:bc7-gpu-uploaded
1787223261340 notification:snapshot-reconciled
1787223261340 frame-visible
1787223261340 icon:bc7-gpu-uploaded
1787223261628 status:snapshot-updated
1787223261635 frame-visible
1787223261636 icon:bc7-gpu-uploaded
1787223261926 notification:snapshot-reconciled
1787223261927 frame-visible
1787223261927 icon:bc7-gpu-uploaded
1787223262043 clock:updated
1787223262044 frame-visible
1787223262044 icon:bc7-gpu-uploaded
1787223262160 status:snapshot-updated
1787223262161 frame-visible
1787223262161 icon:bc7-gpu-uploaded
1787223262351 notification:owned-overflow-opened
1787223262352 frame-visible
1787223262353 icon:bc7-gpu-uploaded
1787223262696 status:snapshot-updated
1787223262702 frame-visible
1787223262703 icon:bc7-gpu-uploaded
1787223263039 clock:updated
1787223263039 frame-visible
1787223263039 icon:bc7-gpu-uploaded
1787223263223 status:snapshot-updated
1787223263223 frame-visible
1787223263223 icon:bc7-gpu-uploaded
1787223263750 status:snapshot-updated
1787223263752 frame-visible
1787223263752 icon:bc7-gpu-uploaded
1787223264039 clock:updated
1787223264040 frame-visible
1787223264040 icon:bc7-gpu-uploaded
1787223264284 status:snapshot-updated
1787223264284 frame-visible
1787223264284 icon:bc7-gpu-uploaded
1787223264803 status:snapshot-updated
1787223264803 frame-visible
1787223264803 icon:bc7-gpu-uploaded
1787223264960 notification:event-completed
1787223265055 clock:updated
1787223265055 frame-visible
1787223265055 icon:bc7-gpu-uploaded
1787223265342 status:snapshot-updated
1787223265343 frame-visible
1787223265343 icon:bc7-gpu-uploaded
1787223265818 status:snapshot-updated
1787223265819 frame-visible
1787223265819 icon:bc7-gpu-uploaded
1787223266063 clock:updated
1787223266063 frame-visible
1787223266063 icon:bc7-gpu-uploaded
1787223266353 status:snapshot-updated
1787223266355 frame-visible
1787223266355 icon:bc7-gpu-uploaded
1787223266883 status:snapshot-updated
1787223266887 frame-visible
1787223266887 icon:bc7-gpu-uploaded
1787223267055 clock:updated
1787223267055 frame-visible
1787223267055 icon:bc7-gpu-uploaded
1787223267414 status:snapshot-updated
1787223267419 frame-visible
1787223267419 icon:bc7-gpu-uploaded
1787223267944 status:snapshot-updated
1787223267944 frame-visible
1787223267944 icon:bc7-gpu-uploaded
1787223268001 clock:updated
1787223268003 frame-visible
1787223268003 icon:bc7-gpu-uploaded
1787223268474 status:snapshot-updated
1787223268474 frame-visible
1787223268474 icon:bc7-gpu-uploaded
1787223269000 status:snapshot-updated
1787223269000 frame-visible
1787223269000 icon:bc7-gpu-uploaded
1787223269058 clock:updated
1787223269058 frame-visible
1787223269058 icon:bc7-gpu-uploaded
1787223269588 status:snapshot-updated
1787223269588 frame-visible
1787223269588 icon:bc7-gpu-uploaded
1787223270049 clock:updated
1787223270055 frame-visible
1787223270055 icon:bc7-gpu-uploaded
1787223270106 status:snapshot-updated
1787223270106 frame-visible
1787223270106 icon:bc7-gpu-uploaded
1787223270587 status:snapshot-updated
1787223270587 frame-visible
1787223270587 icon:bc7-gpu-uploaded
1787223271001 clock:updated
1787223271003 frame-visible
1787223271003 icon:bc7-gpu-uploaded
1787223271116 status:snapshot-updated
1787223271119 frame-visible
1787223271119 icon:bc7-gpu-uploaded
1787223271649 status:snapshot-updated
1787223271652 frame-visible
1787223271652 icon:bc7-gpu-uploaded
1787223272010 clock:updated
1787223272011 frame-visible
1787223272011 icon:bc7-gpu-uploaded
1787223272184 status:snapshot-updated
1787223272185 frame-visible
1787223272186 icon:bc7-gpu-uploaded
1787223272711 status:snapshot-updated
1787223272719 frame-visible
1787223272719 icon:bc7-gpu-uploaded
1787223273001 clock:updated
1787223273003 frame-visible
1787223273003 icon:bc7-gpu-uploaded
1787223273060 status:snapshot-updated
1787223273061 frame-visible
1787223273061 icon:bc7-gpu-uploaded
1787223273586 status:snapshot-updated
1787223273586 frame-visible
1787223273587 icon:bc7-gpu-uploaded
1787223274001 clock:updated
1787223274003 frame-visible
1787223274003 icon:bc7-gpu-uploaded
1787223274116 status:snapshot-updated
1787223274122 frame-visible
1787223274122 icon:bc7-gpu-uploaded
1787223274657 status:snapshot-updated
1787223274658 frame-visible
1787223274658 icon:bc7-gpu-uploaded
1787223275001 clock:updated
1787223275004 frame-visible
1787223275005 icon:bc7-gpu-uploaded
1787223275173 status:snapshot-updated
1787223275173 frame-visible
1787223275173 icon:bc7-gpu-uploaded
1787223275709 status:snapshot-updated
1787223275709 frame-visible
1787223275709 icon:bc7-gpu-uploaded
1787223276012 clock:updated
1787223276018 frame-visible
1787223276019 icon:bc7-gpu-uploaded
1787223276242 status:snapshot-updated
1787223276242 frame-visible
1787223276242 icon:bc7-gpu-uploaded
1787223276772 status:snapshot-updated
1787223276772 frame-visible
1787223276773 icon:bc7-gpu-uploaded
1787223277012 clock:updated
1787223277013 frame-visible
1787223277013 icon:bc7-gpu-uploaded
1787223277299 status:snapshot-updated
1787223277302 frame-visible
1787223277302 icon:bc7-gpu-uploaded
1787223277829 status:snapshot-updated
1787223277835 frame-visible
1787223277835 icon:bc7-gpu-uploaded
1787223278002 clock:updated
1787223278003 frame-visible
1787223278003 icon:bc7-gpu-uploaded
1787223278362 status:snapshot-updated
1787223278368 frame-visible
1787223278368 icon:bc7-gpu-uploaded
1787223278901 status:snapshot-updated
1787223278902 frame-visible
1787223278902 icon:bc7-gpu-uploaded
1787223279017 clock:updated
1787223279019 frame-visible
1787223279019 icon:bc7-gpu-uploaded
1787223279435 status:snapshot-updated
1787223279435 frame-visible
1787223279435 icon:bc7-gpu-uploaded
1787223279967 status:snapshot-updated
1787223279967 frame-visible
1787223279967 icon:bc7-gpu-uploaded
1787223280026 clock:updated
1787223280027 frame-visible
1787223280027 icon:bc7-gpu-uploaded
1787223280485 status:snapshot-updated
1787223280485 frame-visible
1787223280485 icon:bc7-gpu-uploaded
1787223281024 clock:updated
1787223281024 status:snapshot-updated
1787223281024 frame-visible
1787223281024 icon:bc7-gpu-uploaded
1787223281557 status:snapshot-updated
1787223281557 frame-visible
1787223281558 icon:bc7-gpu-uploaded
1787223281743 notification:snapshot-reconciled
1787223281743 frame-visible
1787223281743 icon:bc7-gpu-uploaded
1787223282032 clock:updated
1787223282039 frame-visible
1787223282039 icon:bc7-gpu-uploaded
1787223282091 status:snapshot-updated
1787223282091 frame-visible
1787223282091 icon:bc7-gpu-uploaded
1787223282623 status:snapshot-updated
1787223282623 frame-visible
1787223282623 icon:bc7-gpu-uploaded
1787223283036 clock:updated
1787223283036 frame-visible
1787223283037 icon:bc7-gpu-uploaded
1787223283153 status:snapshot-updated
1787223283153 frame-visible
1787223283153 icon:bc7-gpu-uploaded
1787223283626 status:snapshot-updated
1787223283626 frame-visible
1787223283627 icon:bc7-gpu-uploaded
1787223284027 clock:updated
1787223284036 frame-visible
1787223284036 icon:bc7-gpu-uploaded
1787223284154 status:snapshot-updated
1787223284154 frame-visible
1787223284154 icon:bc7-gpu-uploaded
1787223284616 taskbar:auto-hide-teardown-visible
1787223356225 taskbar:preview-shell-hook-owned
1787223356249 frame-visible
1787223356260 wallpaper:loaded
1787223356260 frame-visible
1787223356260 icon:bc7-gpu-uploaded
1787223356317 shell-event
1787223356318 frame-visible
1787223356318 icon:bc7-gpu-uploaded
1787223356714 status:snapshot-updated
1787223356719 frame-visible
1787223356719 icon:bc7-gpu-uploaded
1787223356803 frame-visible
1787223356803 icon:bc7-gpu-uploaded
1787223356837 notification:snapshot-reconciled
1787223356838 frame-visible
1787223356838 icon:bc7-gpu-uploaded
1787223357011 clock:updated
1787223357019 frame-visible
1787223357019 icon:bc7-gpu-uploaded
1787223357243 status:snapshot-updated
1787223357252 frame-visible
1787223357252 icon:bc7-gpu-uploaded
1787223357428 notification:snapshot-reconciled
1787223357428 frame-visible
1787223357428 icon:bc7-gpu-uploaded
1787223357774 status:snapshot-updated
1787223357774 frame-visible
1787223357774 icon:bc7-gpu-uploaded
1787223358014 clock:updated
1787223358014 notification:snapshot-reconciled
1787223358015 frame-visible
1787223358015 icon:bc7-gpu-uploaded
1787223358301 status:snapshot-updated
1787223358302 frame-visible
1787223358302 icon:bc7-gpu-uploaded
1787223358603 notification:snapshot-reconciled
1787223358603 frame-visible
1787223358603 icon:bc7-gpu-uploaded
1787223358835 status:snapshot-updated
1787223358835 frame-visible
1787223358835 icon:bc7-gpu-uploaded
1787223358975 notification:owned-overflow-opened
1787223358976 frame-visible
1787223358977 icon:bc7-gpu-uploaded
1787223359010 clock:updated
1787223359011 frame-visible
1787223359011 icon:bc7-gpu-uploaded
1787223359372 status:snapshot-updated
1787223359372 frame-visible
1787223359372 icon:bc7-gpu-uploaded
1787223359903 status:snapshot-updated
1787223359903 frame-visible
1787223359903 icon:bc7-gpu-uploaded
1787223360017 clock:updated
1787223360019 frame-visible
1787223360019 icon:bc7-gpu-uploaded
1787223360436 status:snapshot-updated
1787223360438 frame-visible
1787223360438 icon:bc7-gpu-uploaded
1787223360966 status:snapshot-updated
1787223360966 frame-visible
1787223360966 icon:bc7-gpu-uploaded
1787223361025 clock:updated
1787223361025 frame-visible
1787223361025 icon:bc7-gpu-uploaded
1787223361486 status:snapshot-updated
1787223361486 frame-visible
1787223361486 icon:bc7-gpu-uploaded
1787223362026 clock:updated
1787223362027 status:snapshot-updated
1787223362035 frame-visible
1787223362035 icon:bc7-gpu-uploaded
1787223362555 status:snapshot-updated
1787223362556 frame-visible
1787223362556 icon:bc7-gpu-uploaded
1787223363029 clock:updated
1787223363035 frame-visible
1787223363035 icon:bc7-gpu-uploaded
1787223363086 status:snapshot-updated
1787223363086 frame-visible
1787223363086 icon:bc7-gpu-uploaded
1787223363387 notification:event-completed
1787223363616 status:snapshot-updated
1787223363618 frame-visible
1787223363618 icon:bc7-gpu-uploaded
1787223364031 clock:updated
1787223364035 frame-visible
1787223364035 icon:bc7-gpu-uploaded
1787223364146 status:snapshot-updated
1787223364152 frame-visible
1787223364152 icon:bc7-gpu-uploaded
1787223364620 status:snapshot-updated
1787223364621 frame-visible
1787223364621 icon:bc7-gpu-uploaded
1787223365025 clock:updated
1787223365030 frame-visible
1787223365030 icon:bc7-gpu-uploaded
1787223365156 status:snapshot-updated
1787223365156 frame-visible
1787223365156 icon:bc7-gpu-uploaded
1787223365689 status:snapshot-updated
1787223365689 frame-visible
1787223365690 icon:bc7-gpu-uploaded
1787223366040 clock:updated
1787223366040 frame-visible
1787223366040 icon:bc7-gpu-uploaded
1787223366215 status:snapshot-updated
1787223366218 frame-visible
1787223366218 icon:bc7-gpu-uploaded
1787223366751 status:snapshot-updated
1787223366753 frame-visible
1787223366753 icon:bc7-gpu-uploaded
1787223367002 clock:updated
1787223367004 frame-visible
1787223367004 icon:bc7-gpu-uploaded
1787223367292 status:snapshot-updated
1787223367292 frame-visible
1787223367292 icon:bc7-gpu-uploaded
1787223367821 status:snapshot-updated
1787223367821 frame-visible
1787223367821 icon:bc7-gpu-uploaded
1787223368063 clock:updated
1787223368063 frame-visible
1787223368063 icon:bc7-gpu-uploaded
1787223368353 status:snapshot-updated
1787223368355 frame-visible
1787223368355 icon:bc7-gpu-uploaded
1787223368889 status:snapshot-updated
1787223368890 frame-visible
1787223368890 icon:bc7-gpu-uploaded
1787223369005 clock:updated
1787223369005 frame-visible
1787223369006 icon:bc7-gpu-uploaded
1787223369424 status:snapshot-updated
1787223369424 frame-visible
1787223369424 icon:bc7-gpu-uploaded
1787223369711 status:snapshot-updated
1787223369718 frame-visible
1787223369718 icon:bc7-gpu-uploaded
1787223370012 clock:updated
1787223370018 frame-visible
1787223370018 icon:bc7-gpu-uploaded
1787223370243 status:snapshot-updated
1787223370243 frame-visible
1787223370243 icon:bc7-gpu-uploaded
1787223370776 status:snapshot-updated
1787223370786 frame-visible
1787223370786 icon:bc7-gpu-uploaded
1787223371021 clock:updated
1787223371022 frame-visible
1787223371022 icon:bc7-gpu-uploaded
1787223371309 status:snapshot-updated
1787223371318 frame-visible
1787223371318 icon:bc7-gpu-uploaded
1787223371839 status:snapshot-updated
1787223371846 frame-visible
1787223371846 icon:bc7-gpu-uploaded
1787223372041 clock:updated
1787223372042 frame-visible
1787223372042 icon:bc7-gpu-uploaded
1787223372389 status:snapshot-updated
1787223372389 frame-visible
1787223372389 icon:bc7-gpu-uploaded
1787223372923 status:snapshot-updated
1787223372923 frame-visible
1787223372923 icon:bc7-gpu-uploaded
1787223373038 clock:updated
1787223373038 frame-visible
1787223373038 icon:bc7-gpu-uploaded
1787223373453 status:snapshot-updated
1787223373453 frame-visible
1787223373454 icon:bc7-gpu-uploaded
1787223373984 status:snapshot-updated
1787223373985 frame-visible
1787223373985 icon:bc7-gpu-uploaded
1787223374042 clock:updated
1787223374043 frame-visible
1787223374043 icon:bc7-gpu-uploaded
1787223374516 status:snapshot-updated
1787223374518 frame-visible
1787223374518 icon:bc7-gpu-uploaded
1787223375040 clock:updated
1787223375041 status:snapshot-updated
1787223375041 frame-visible
1787223375041 icon:bc7-gpu-uploaded
1787223375569 status:snapshot-updated
1787223375569 frame-visible
1787223375569 icon:bc7-gpu-uploaded
1787223376036 clock:updated
1787223376036 frame-visible
1787223376036 icon:bc7-gpu-uploaded
1787223376106 status:snapshot-updated
1787223376106 frame-visible
1787223376106 icon:bc7-gpu-uploaded
1787223376626 status:snapshot-updated
1787223376627 frame-visible
1787223376627 icon:bc7-gpu-uploaded
1787223377044 clock:updated
1787223377051 frame-visible
1787223377052 icon:bc7-gpu-uploaded
1787223377159 status:snapshot-updated
1787223377159 frame-visible
1787223377160 icon:bc7-gpu-uploaded
1787223377701 status:snapshot-updated
1787223377702 frame-visible
1787223377702 icon:bc7-gpu-uploaded
1787223378002 clock:updated
1787223378008 frame-visible
1787223378008 icon:bc7-gpu-uploaded
1787223378182 status:snapshot-updated
1787223378185 frame-visible
1787223378185 icon:bc7-gpu-uploaded
1787223378481 notification:snapshot-reconciled
1787223378481 frame-visible
1787223378481 icon:bc7-gpu-uploaded
1787223378711 status:snapshot-updated
1787223378718 frame-visible
1787223378718 icon:bc7-gpu-uploaded
1787223379063 clock:updated
1787223379064 frame-visible
1787223379064 icon:bc7-gpu-uploaded
1787223379295 status:snapshot-updated
1787223379301 frame-visible
1787223379302 icon:bc7-gpu-uploaded
1787223379765 status:snapshot-updated
1787223379768 frame-visible
1787223379768 icon:bc7-gpu-uploaded
1787223380053 clock:updated
1787223380054 frame-visible
1787223380054 icon:bc7-gpu-uploaded
1787223380298 status:snapshot-updated
1787223380304 frame-visible
1787223380304 icon:bc7-gpu-uploaded
1787223380831 status:snapshot-updated
1787223380831 frame-visible
1787223380831 icon:bc7-gpu-uploaded
1787223381003 clock:updated
1787223381003 frame-visible
1787223381003 icon:bc7-gpu-uploaded
1787223381299 taskbar:auto-hide-teardown-visible
1787223407808 taskbar:preview-shell-hook-owned
1787223407831 frame-visible
1787223407841 wallpaper:loaded
1787223407842 frame-visible
1787223407842 icon:bc7-gpu-uploaded
1787223407900 shell-event
1787223407901 frame-visible
1787223407901 icon:bc7-gpu-uploaded
1787223408013 clock:updated
1787223408019 frame-visible
1787223408019 icon:bc7-gpu-uploaded
1787223408298 status:snapshot-updated
1787223408301 frame-visible
1787223408301 icon:bc7-gpu-uploaded
1787223408421 notification:snapshot-reconciled
1787223408421 frame-visible
1787223408421 icon:bc7-gpu-uploaded
1787223408828 status:snapshot-updated
1787223408834 frame-visible
1787223408835 icon:bc7-gpu-uploaded
1787223409010 clock:updated
1787223409010 notification:snapshot-reconciled
1787223409011 frame-visible
1787223409011 icon:bc7-gpu-uploaded
1787223409356 status:snapshot-updated
1787223409357 frame-visible
1787223409357 icon:bc7-gpu-uploaded
1787223409599 notification:snapshot-reconciled
1787223409599 frame-visible
1787223409599 icon:bc7-gpu-uploaded
1787223409884 status:snapshot-updated
1787223409885 frame-visible
1787223409885 icon:bc7-gpu-uploaded
1787223410054 clock:updated
1787223410054 frame-visible
1787223410054 icon:bc7-gpu-uploaded
1787223410184 notification:snapshot-reconciled
1787223410184 frame-visible
1787223410184 icon:bc7-gpu-uploaded
1787223410417 status:snapshot-updated
1787223410421 frame-visible
1787223410421 icon:bc7-gpu-uploaded
1787223410613 notification:owned-overflow-opened
1787223410613 frame-visible
1787223410613 icon:bc7-gpu-uploaded
1787223410951 status:snapshot-updated
1787223410951 frame-visible
1787223410951 icon:bc7-gpu-uploaded
1787223411008 clock:updated
1787223411008 frame-visible
1787223411009 icon:bc7-gpu-uploaded
1787223411425 status:snapshot-updated
1787223411425 frame-visible
1787223411425 icon:bc7-gpu-uploaded
1787223411960 status:snapshot-updated
1787223411960 frame-visible
1787223411960 icon:bc7-gpu-uploaded
1787223412018 clock:updated
1787223412018 frame-visible
1787223412018 icon:bc7-gpu-uploaded
1787223412546 status:snapshot-updated
1787223412546 frame-visible
1787223412547 icon:bc7-gpu-uploaded
1787223413009 clock:updated
1787223413009 status:snapshot-updated
1787223413009 frame-visible
1787223413009 icon:bc7-gpu-uploaded
1787223413542 status:snapshot-updated
1787223413551 frame-visible
1787223413552 icon:bc7-gpu-uploaded
1787223414012 clock:updated
1787223414018 frame-visible
1787223414018 icon:bc7-gpu-uploaded
1787223414071 status:snapshot-updated
1787223414071 frame-visible
1787223414071 icon:bc7-gpu-uploaded
1787223414606 status:snapshot-updated
1787223414606 frame-visible
1787223414606 icon:bc7-gpu-uploaded
1787223415021 clock:updated
1787223415021 frame-visible
1787223415021 icon:bc7-gpu-uploaded
1787223415137 status:snapshot-updated
1787223415137 frame-visible
1787223415137 icon:bc7-gpu-uploaded
1787223415226 notification:event-completed
1787223415666 status:snapshot-updated
1787223415668 frame-visible
1787223415668 icon:bc7-gpu-uploaded
1787223416010 clock:updated
1787223416018 frame-visible
1787223416018 icon:bc7-gpu-uploaded
1787223416195 status:snapshot-updated
1787223416201 frame-visible
1787223416201 icon:bc7-gpu-uploaded
1787223416730 status:snapshot-updated
1787223416736 frame-visible
1787223416736 icon:bc7-gpu-uploaded
1787223417020 clock:updated
1787223417020 frame-visible
1787223417020 icon:bc7-gpu-uploaded
1787223417262 status:snapshot-updated
1787223417263 frame-visible
1787223417263 icon:bc7-gpu-uploaded
1787223417782 status:snapshot-updated
1787223417785 frame-visible
1787223417785 icon:bc7-gpu-uploaded
1787223418024 clock:updated
1787223418024 frame-visible
1787223418025 icon:bc7-gpu-uploaded
1787223418310 status:snapshot-updated
1787223418321 frame-visible
1787223418321 icon:bc7-gpu-uploaded
1787223418853 status:snapshot-updated
1787223418853 frame-visible
1787223418853 icon:bc7-gpu-uploaded
1787223419039 clock:updated
1787223419039 frame-visible
1787223419039 icon:bc7-gpu-uploaded
1787223419384 status:snapshot-updated
1787223419384 frame-visible
1787223419385 icon:bc7-gpu-uploaded
1787223419920 status:snapshot-updated
1787223419920 frame-visible
1787223419920 icon:bc7-gpu-uploaded
1787223420037 clock:updated
1787223420038 frame-visible
1787223420038 icon:bc7-gpu-uploaded
1787223420457 status:snapshot-updated
1787223420457 frame-visible
1787223420457 icon:bc7-gpu-uploaded
1787223420997 status:snapshot-updated
1787223421002 frame-visible
1787223421002 icon:bc7-gpu-uploaded
1787223421056 clock:updated
1787223421057 frame-visible
1787223421057 icon:bc7-gpu-uploaded
1787223421290 status:snapshot-updated
1787223421291 frame-visible
1787223421291 icon:bc7-gpu-uploaded
1787223421820 status:snapshot-updated
1787223421820 frame-visible
1787223421821 icon:bc7-gpu-uploaded
1787223422005 clock:updated
1787223422006 frame-visible
1787223422006 icon:bc7-gpu-uploaded
1787223422353 status:snapshot-updated
1787223422354 frame-visible
1787223422354 icon:bc7-gpu-uploaded
1787223422887 status:snapshot-updated
1787223422887 frame-visible
1787223422887 icon:bc7-gpu-uploaded
1787223423014 clock:updated
1787223423018 frame-visible
1787223423018 icon:bc7-gpu-uploaded
1787223423415 status:snapshot-updated
1787223423418 frame-visible
1787223423418 icon:bc7-gpu-uploaded
1787223423959 status:snapshot-updated
1787223423959 frame-visible
1787223423959 icon:bc7-gpu-uploaded
1787223424017 clock:updated
1787223424019 frame-visible
1787223424019 icon:bc7-gpu-uploaded
1787223424489 status:snapshot-updated
1787223424489 frame-visible
1787223424489 icon:bc7-gpu-uploaded
1787223425020 clock:updated
1787223425020 status:snapshot-updated
1787223425020 frame-visible
1787223425020 icon:bc7-gpu-uploaded
1787223425549 status:snapshot-updated
1787223425551 frame-visible
1787223425551 icon:bc7-gpu-uploaded
1787223426027 clock:updated
1787223426035 frame-visible
1787223426035 icon:bc7-gpu-uploaded
1787223426083 status:snapshot-updated
1787223426084 frame-visible
1787223426085 icon:bc7-gpu-uploaded
1787223426616 status:snapshot-updated
1787223426618 frame-visible
1787223426618 icon:bc7-gpu-uploaded
1787223427023 clock:updated
1787223427023 frame-visible
1787223427023 icon:bc7-gpu-uploaded
1787223427150 status:snapshot-updated
1787223427151 frame-visible
1787223427151 icon:bc7-gpu-uploaded
1787223427677 status:snapshot-updated
1787223427677 frame-visible
1787223427677 icon:bc7-gpu-uploaded
1787223428024 clock:updated
1787223428024 frame-visible
1787223428024 icon:bc7-gpu-uploaded
1787223428196 status:snapshot-updated
1787223428201 frame-visible
1787223428201 icon:bc7-gpu-uploaded
1787223428727 status:snapshot-updated
1787223428734 frame-visible
1787223428735 icon:bc7-gpu-uploaded
1787223429032 clock:updated
1787223429034 frame-visible
1787223429034 icon:bc7-gpu-uploaded
1787223429264 status:snapshot-updated
1787223429268 frame-visible
1787223429268 icon:bc7-gpu-uploaded
1787223429792 status:snapshot-updated
1787223429792 frame-visible
1787223429792 icon:bc7-gpu-uploaded
1787223430035 clock:updated
1787223430035 notification:snapshot-reconciled
1787223430035 frame-visible
1787223430035 icon:bc7-gpu-uploaded
1787223430329 status:snapshot-updated
1787223430329 frame-visible
1787223430329 icon:bc7-gpu-uploaded
1787223430811 status:snapshot-updated
1787223430818 frame-visible
1787223430818 icon:bc7-gpu-uploaded
1787223431045 clock:updated
1787223431051 frame-visible
1787223431051 icon:bc7-gpu-uploaded
1787223431346 status:snapshot-updated
1787223431351 frame-visible
1787223431351 icon:bc7-gpu-uploaded
1787223431887 status:snapshot-updated
1787223431887 frame-visible
1787223431887 icon:bc7-gpu-uploaded
1787223432004 clock:updated
1787223432004 frame-visible
1787223432004 icon:bc7-gpu-uploaded
1787223432419 status:snapshot-updated
1787223432419 frame-visible
1787223432419 icon:bc7-gpu-uploaded
1787223432874 taskbar:auto-hide-teardown-visible
1787224117289 taskbar:preview-shell-hook-owned
1787224117311 frame-visible
1787224117322 wallpaper:loaded
1787224117322 frame-visible
1787224117322 icon:bc7-gpu-uploaded
1787224117379 shell-event
1787224117381 frame-visible
1787224117381 icon:bc7-gpu-uploaded
1787224117779 status:snapshot-updated
1787224117781 frame-visible
1787224117781 icon:bc7-gpu-uploaded
1787224117848 frame-visible
1787224117848 icon:bc7-gpu-uploaded
1787224117901 notification:snapshot-reconciled
1787224117901 frame-visible
1787224117902 icon:bc7-gpu-uploaded
1787224118016 clock:updated
1787224118017 frame-visible
1787224118017 icon:bc7-gpu-uploaded
1787224118305 status:snapshot-updated
1787224118315 frame-visible
1787224118315 icon:bc7-gpu-uploaded
1787224118488 notification:snapshot-reconciled
1787224118488 frame-visible
1787224118488 icon:bc7-gpu-uploaded
1787224118829 status:snapshot-updated
1787224118831 frame-visible
1787224118831 icon:bc7-gpu-uploaded
1787224119002 clock:updated
1787224119002 frame-visible
1787224119002 icon:bc7-gpu-uploaded
1787224119071 notification:snapshot-reconciled
1787224119071 frame-visible
1787224119071 icon:bc7-gpu-uploaded
1787224119360 status:snapshot-updated
1787224119365 frame-visible
1787224119365 icon:bc7-gpu-uploaded
1787224119659 notification:snapshot-reconciled
1787224119664 frame-visible
1787224119664 icon:bc7-gpu-uploaded
1787224119894 status:snapshot-updated
1787224119901 frame-visible
1787224119901 icon:bc7-gpu-uploaded
1787224120012 notification:owned-overflow-opened
1787224120021 clock:updated
1787224120021 frame-visible
1787224120021 icon:bc7-gpu-uploaded
1787224120383 status:snapshot-updated
1787224120383 frame-visible
1787224120383 icon:bc7-gpu-uploaded
1787224120917 status:snapshot-updated
1787224120918 frame-visible
1787224120918 icon:bc7-gpu-uploaded
1787224121036 clock:updated
1787224121036 frame-visible
1787224121036 icon:bc7-gpu-uploaded
1787224121451 status:snapshot-updated
1787224121451 frame-visible
1787224121451 icon:bc7-gpu-uploaded
1787224121971 status:snapshot-updated
1787224121972 frame-visible
1787224121972 icon:bc7-gpu-uploaded
1787224122042 clock:updated
1787224122042 frame-visible
1787224122042 icon:bc7-gpu-uploaded
1787224122371 notification:event-completed
1787224122503 status:snapshot-updated
1787224122503 frame-visible
1787224122503 icon:bc7-gpu-uploaded
1787224123033 clock:updated
1787224123033 status:snapshot-updated
1787224123033 frame-visible
1787224123033 icon:bc7-gpu-uploaded
1787224123558 status:snapshot-updated
1787224123565 frame-visible
1787224123565 icon:bc7-gpu-uploaded
1787224124036 clock:updated
1787224124037 frame-visible
1787224124037 icon:bc7-gpu-uploaded
1787224124094 status:snapshot-updated
1787224124101 frame-visible
1787224124101 icon:bc7-gpu-uploaded
1787224124630 status:snapshot-updated
1787224124631 frame-visible
1787224124631 icon:bc7-gpu-uploaded
1787224124659 notification:event-completed
1787224125048 clock:updated
1787224125048 frame-visible
1787224125049 icon:bc7-gpu-uploaded
1787224125162 status:snapshot-updated
1787224125165 frame-visible
1787224125165 icon:bc7-gpu-uploaded
1787224125697 status:snapshot-updated
1787224125698 frame-visible
1787224125698 icon:bc7-gpu-uploaded
1787224126046 clock:updated
1787224126048 frame-visible
1787224126048 icon:bc7-gpu-uploaded
1787224126230 status:snapshot-updated
1787224126232 frame-visible
1787224126232 icon:bc7-gpu-uploaded
1787224126764 status:snapshot-updated
1787224126764 frame-visible
1787224126764 icon:bc7-gpu-uploaded
1787224127052 clock:updated
1787224127052 frame-visible
1787224127052 icon:bc7-gpu-uploaded
1787224127284 status:snapshot-updated
1787224127284 frame-visible
1787224127284 icon:bc7-gpu-uploaded
1787224127818 status:snapshot-updated
1787224127819 frame-visible
1787224127819 icon:bc7-gpu-uploaded
1787224128013 clock:updated
1787224128017 frame-visible
1787224128018 icon:bc7-gpu-uploaded
1787224128362 status:snapshot-updated
1787224128365 frame-visible
1787224128365 icon:bc7-gpu-uploaded
1787224128895 status:snapshot-updated
1787224128898 frame-visible
1787224128898 icon:bc7-gpu-uploaded
1787224129011 clock:updated
1787224129014 frame-visible
1787224129014 icon:bc7-gpu-uploaded
1787224129372 status:snapshot-updated
1787224129373 frame-visible
1787224129373 icon:bc7-gpu-uploaded
1787224129906 status:snapshot-updated
1787224129915 frame-visible
1787224129915 icon:bc7-gpu-uploaded
1787224130023 clock:updated
1787224130023 frame-visible
1787224130023 icon:bc7-gpu-uploaded
1787224130440 status:snapshot-updated
1787224130448 frame-visible
1787224130448 icon:bc7-gpu-uploaded
1787224130786 status:snapshot-updated
1787224130786 frame-visible
1787224130786 icon:bc7-gpu-uploaded
1787224131028 clock:updated
1787224131031 frame-visible
1787224131031 icon:bc7-gpu-uploaded
1787224131315 status:snapshot-updated
1787224131315 frame-visible
1787224131316 icon:bc7-gpu-uploaded
1787224131849 status:snapshot-updated
1787224131850 frame-visible
1787224131850 icon:bc7-gpu-uploaded
1787224132026 clock:updated
1787224132033 frame-visible
1787224132034 icon:bc7-gpu-uploaded
1787224132383 status:snapshot-updated
1787224132384 frame-visible
1787224132384 icon:bc7-gpu-uploaded
1787224132912 status:snapshot-updated
1787224132915 frame-visible
1787224132915 icon:bc7-gpu-uploaded
1787224133049 clock:updated
1787224133049 frame-visible
1787224133049 icon:bc7-gpu-uploaded
1787224133453 status:snapshot-updated
1787224133453 frame-visible
1787224133453 icon:bc7-gpu-uploaded
1787224133984 status:snapshot-updated
1787224133985 frame-visible
1787224133985 icon:bc7-gpu-uploaded
1787224134042 clock:updated
1787224134048 frame-visible
1787224134048 icon:bc7-gpu-uploaded
1787224134516 status:snapshot-updated
1787224134516 frame-visible
1787224134516 icon:bc7-gpu-uploaded
1787224135051 clock:updated
1787224135051 status:snapshot-updated
1787224135051 frame-visible
1787224135051 icon:bc7-gpu-uploaded
1787224135581 status:snapshot-updated
1787224135581 frame-visible
1787224135581 icon:bc7-gpu-uploaded
1787224136053 clock:updated
1787224136053 frame-visible
1787224136053 icon:bc7-gpu-uploaded
1787224136111 status:snapshot-updated
1787224136117 frame-visible
1787224136117 icon:bc7-gpu-uploaded
1787224136647 status:snapshot-updated
1787224136648 frame-visible
1787224136648 icon:bc7-gpu-uploaded
1787224137052 clock:updated
1787224137052 frame-visible
1787224137052 icon:bc7-gpu-uploaded
1787224137179 status:snapshot-updated
1787224137180 frame-visible
1787224137180 icon:bc7-gpu-uploaded
1787224137703 status:snapshot-updated
1787224137703 frame-visible
1787224137703 icon:bc7-gpu-uploaded
1787224138004 clock:updated
1787224138004 frame-visible
1787224138004 icon:bc7-gpu-uploaded
1787224138233 status:snapshot-updated
1787224138233 frame-visible
1787224138233 icon:bc7-gpu-uploaded
1787224138716 status:snapshot-updated
1787224138716 frame-visible
1787224138716 icon:bc7-gpu-uploaded
1787224139018 clock:updated
1787224139019 frame-visible
1787224139019 icon:bc7-gpu-uploaded
1787224139249 status:snapshot-updated
1787224139249 frame-visible
1787224139249 icon:bc7-gpu-uploaded
1787224139548 notification:snapshot-reconciled
1787224139549 frame-visible
1787224139549 icon:bc7-gpu-uploaded
1787224139777 status:snapshot-updated
1787224139781 frame-visible
1787224139781 icon:bc7-gpu-uploaded
1787224140010 clock:updated
1787224140016 frame-visible
1787224140016 icon:bc7-gpu-uploaded
1787224140310 status:snapshot-updated
1787224140314 frame-visible
1787224140315 icon:bc7-gpu-uploaded
1787224140836 status:snapshot-updated
1787224140836 frame-visible
1787224140836 icon:bc7-gpu-uploaded
1787224141009 clock:updated
1787224141014 frame-visible
1787224141015 icon:bc7-gpu-uploaded
1787224141368 status:snapshot-updated
1787224141368 frame-visible
1787224141368 icon:bc7-gpu-uploaded
1787224141897 status:snapshot-updated
1787224141897 frame-visible
1787224141897 icon:bc7-gpu-uploaded
1787224142011 clock:updated
1787224142014 frame-visible
1787224142015 icon:bc7-gpu-uploaded
1787224142367 taskbar:auto-hide-teardown-visible
