snapshot-icons=0
snapshot-icons=0
snapshot-icons=0
snapshot-icons=0
snapshot-icons=0
snapshot-icons=0
snapshot-icons=0
snapshot-icons=0
snapshot-icons=0
snapshot-icons=0
snapshot-icons=0
snapshot-icons=0
snapshot-icons=0
snapshot-icons=0
snapshot-icons=0
snapshot-icons=0
snapshot-icons=0
snapshot-icons=0
snapshot-icons=0
snapshot-icons=0
snapshot-icons=0
snapshot-icons=0
snapshot-icons=0
snapshot-icons=0
snapshot-icons=0
snapshot-icons=0
snapshot-icons=0
snapshot-icons=0
snapshot-icons=0
snapshot-icons=0
snapshot-icons=0
snapshot-icons=0
snapshot-icons=0
snapshot-icons=0
snapshot-icons=0
snapshot-icons=0
snapshot-icons=0
snapshot-icons=0
snapshot-icons=0
snapshot-icons=0
dwData=1 cbData=1484 bytes=2334753400000000bc030000ea020800020000000700000072170000a3010e0052007500730074004400650073006b0020002d002000315cd27d0a0031002000
dwData=1 cbData=1484 bytes=2334753402000000bc03000050090100030000000000000000000000000000000000000000000000000000000000000000000000000000000000000000000000
dwData=1 cbData=1484 bytes=2334753402000000bc03000092071600030000002000000000000000000000000000000000000000000000000000000000000000000000000000000000000000
dwData=1 cbData=1484 bytes=2334753400000000bc030000bc06020001000000070000000008000011073800540069006d00650053006e006100700070006500720020002800410063007400
dwData=1 cbData=1484 bytes=2334753400000000bc030000d2020300000000000700000000140000e9028c00450076006500720079007400680069006e006700000000000000000000000000
dwData=1 cbData=1484 bytes=2334753402000000bc030000e8020600010000000700000001040000000000000000000000000000000000000000000000000000000000000000000000000000
dwData=1 cbData=1484 bytes=2334753400000000bc030000320801000000000087000000658000004d0307006a522066134e1a4e487200000000000000000000000000000000000000000000
dwData=1 cbData=1484 bytes=2334753400000000bc030000f20305000100000087000000018000008d047b004d0075004d00750050006c006100790065007200000000000000000000000000
dwData=1 cbData=1484 bytes=2334753402000000bc030000a8090100010000000700000000080000e10902004d006100610041007300730069007300740061006e007400410072006b006e00
dwData=1 cbData=1484 bytes=2334753402000000bc0300009407080001000000a700000003040000ab091a0a4d006900630072006f0073006f00660074002000330036003500200043006f00
dwData=1 cbData=1484 bytes=2334753402000000bc030000e80a0a00030000002000000000000000000000000000000000000000000000000000000000000000000000000000000000000000
dwData=1 cbData=1484 bytes=2334753402000000bc030000ae0302008200000000000000640400003304060044006900740074006f0000000000000000000000000000000000000000000000
dwData=1 cbData=1484 bytes=2334753401000000bc030000e205030064000000ae00000000000000eb0e6a00570069006e0064006f00770073002000895b6851276020002d002000fa5e708b
dwData=1 cbData=1484 bytes=2334753402000000bc0300003a080800070000000000000000000000000000000000000000000000000000000000000000000000000000000000000000000000
dwData=1 cbData=1484 bytes=2334753401000000bc03000060010100000000000700000065000000d5110902430070007500200030000a0054006300630064002000230030003a0020003400
snapshot-icons=0
dwData=1 cbData=1484 bytes=2334753400000000bc03000050090100030000000300000001800000550901000000000000000000000000000000000000000000000000000000000000000000
dwData=1 cbData=1484 bytes=2334753400000000bc03000092071600030000002300000001800000bb0602000000000000000000000000000000000000000000000000000000000000000000
dwData=1 cbData=1484 bytes=2334753404000000bc030000320801000000000087000000658000004d0307006a522066134e1a4e487200000000000000000000000000000000000000000000
dwData=1 cbData=1484 bytes=2334753400000000bc030000a8090100010000000700000000080000e10902004d006100610041007300730069007300740061006e007400410072006b006e00
dwData=1 cbData=1484 bytes=2334753400000000bc0300009407080001000000a700000003040000ab091a0a4d006900630072006f0073006f00660074002000330036003500200043006f00
dwData=1 cbData=1484 bytes=2334753400000000bc030000e80a0a000300000027000000018000008a0b26004300680061007400470050005400000000000000000000000000000000000000
dwData=1 cbData=1484 bytes=2334753400000000bc030000ae0302008200000007000000640400003304060044006900740074006f0000000000000000000000000000000000000000000000
dwData=1 cbData=1484 bytes=2334753400000000bc0300003a0808000700000003000000018000003f090e000000000000000000000000000000000000000000000000000000000000000000
dwData=1 cbData=1484 bytes=2334753404000000bc0300009407080001000000a700000003040000ab091a0a4d006900630072006f0073006f00660074002000330036003500200043006f00
dwData=1 cbData=1484 bytes=2334753401000000bc03000060010100000000000700000065000000fd104b04430070007500200030000a0054006300630064002000230030003a0020003400
dwData=1 cbData=1484 bytes=2334753401000000bc03000060010100000000000700000065000000d5110c02430070007500200030000a0054006300630064002000230030003a0020003400
dwData=1 cbData=1484 bytes=2334753402000000bc03000060010100000000000700000065000000d5110c02430070007500200030000a0054006300630064002000230030003a0020003400
dwData=1 cbData=1484 bytes=2334753400000000bc030000600101001b0000000700000065000000d5110e0243006f00720065002000540065006d0070002000760065007200730069006f00
dwData=1 cbData=1484 bytes=2334753401000000bc030000600101001b00000002000000650000009d02010043006f00720065002000540065006d0070002000760065007200730069006f00
dwData=1 cbData=1484 bytes=2334753401000000bc030000600101001b00000002000000650000009d02010043006f00720065002000540065006d0070002000760065007200730069006f00
dwData=1 cbData=1484 bytes=2334753400000000bc030000600101000000000007000000650000006d108205430070007500200030000a0054006300630064002000230030003a0020003400
dwData=1 cbData=1484 bytes=2334753402000000bc030000600101001b00000002000000650000009d02010043006f00720065002000540065006d0070002000760065007200730069006f00
dwData=1 cbData=1484 bytes=2334753400000000bc0300001403080001000000870000005480000035070a0e45007000690063002000470061006d006500730020005f55d552685600000000
dwData=1 cbData=1484 bytes=2334753400000000bc0300001c10d101591b0000d70000002580000033000100530075007000650072004400650073006b0074006f007000200063006f006d00
dwData=1 cbData=1484 bytes=2334753404000000bc0300001c10d101591b0000d70000002580000033000100530075007000650072004400650073006b0074006f007000200063006f006d00
dwData=1 cbData=1484 bytes=2334753400000000bc0300001c10d1015a1b0000d70000002580000033000100530075007000650072004400650073006b0074006f007000200063006f006d00
dwData=1 cbData=1484 bytes=2334753404000000bc0300001c10d1015a1b0000d70000002580000033000100530075007000650072004400650073006b0074006f007000200063006f006d00
terminal=NotifyIconCompatibilityTerminal { correlation_id: "native:18828:2", host_generation: 1787222514121, icon_generation: Some(1), terminal: Applied, message: "" }
terminal=NotifyIconCompatibilityTerminal { correlation_id: "native:27612:2", host_generation: 1787222514121, icon_generation: Some(3), terminal: NoChange, message: "" }
terminal=NotifyIconCompatibilityTerminal { correlation_id: "native:23428:2", host_generation: 1787222514121, icon_generation: Some(3), terminal: NoChange, message: "" }
terminal=NotifyIconCompatibilityTerminal { correlation_id: "native:33372:4", host_generation: 1787222514121, icon_generation: Some(3), terminal: Applied, message: "" }
terminal=NotifyIconCompatibilityTerminal { correlation_id: "native:18180:4", host_generation: 1787222514121, icon_generation: None, terminal: InvalidRequest, message: "notify-icon-owner-or-identity-invalid" }
terminal=NotifyIconCompatibilityTerminal { correlation_id: "native:14740:4", host_generation: 1787222514121, icon_generation: Some(5), terminal: NoChange, message: "" }
terminal=NotifyIconCompatibilityTerminal { correlation_id: "native:29408:4", host_generation: 1787222514121, icon_generation: None, terminal: InvalidRequest, message: "notify-icon-owner-or-identity-invalid" }
terminal=NotifyIconCompatibilityTerminal { correlation_id: "native:21628:6", host_generation: 1787222514121, icon_generation: Some(5), terminal: Applied, message: "" }
terminal=NotifyIconCompatibilityTerminal { correlation_id: "native:31292:6", host_generation: 1787222514121, icon_generation: Some(7), terminal: NoChange, message: "" }
terminal=NotifyIconCompatibilityTerminal { correlation_id: "native:39188:6", host_generation: 1787222514121, icon_generation: Some(7), terminal: NoChange, message: "" }
terminal=NotifyIconCompatibilityTerminal { correlation_id: "native:31492:6", host_generation: 1787222514121, icon_generation: Some(7), terminal: NoChange, message: "" }
terminal=NotifyIconCompatibilityTerminal { correlation_id: "native:21196:6", host_generation: 1787222514121, icon_generation: Some(7), terminal: NoChange, message: "" }
terminal=NotifyIconCompatibilityTerminal { correlation_id: "native:17868:6", host_generation: 1787222514121, icon_generation: None, terminal: InvalidRequest, message: "notify-icon-owned-invalid" }
terminal=NotifyIconCompatibilityTerminal { correlation_id: "native:30136:6", host_generation: 1787222514121, icon_generation: Some(7), terminal: NoChange, message: "" }
terminal=NotifyIconCompatibilityTerminal { correlation_id: "native:7616:6", host_generation: 1787222514121, icon_generation: None, terminal: InvalidRequest, message: "notify-icon-owner-or-identity-invalid" }
terminal=NotifyIconCompatibilityTerminal { correlation_id: "native:27612:8", host_generation: 1787222514121, icon_generation: Some(7), terminal: Applied, message: "" }
terminal=NotifyIconCompatibilityTerminal { correlation_id: "native:23428:10", host_generation: 1787222514121, icon_generation: Some(9), terminal: Applied, message: "" }
terminal=NotifyIconCompatibilityTerminal { correlation_id: "native:29408:10", host_generation: 1787222514121, icon_generation: None, terminal: InvalidRequest, message: "notify-icon-owner-or-identity-invalid" }
terminal=NotifyIconCompatibilityTerminal { correlation_id: "native:31292:12", host_generation: 1787222514121, icon_generation: Some(11), terminal: Applied, message: "" }
terminal=NotifyIconCompatibilityTerminal { correlation_id: "native:39188:14", host_generation: 1787222514121, icon_generation: Some(13), terminal: Applied, message: "" }
terminal=NotifyIconCompatibilityTerminal { correlation_id: "native:31492:16", host_generation: 1787222514121, icon_generation: Some(15), terminal: Applied, message: "" }
terminal=NotifyIconCompatibilityTerminal { correlation_id: "native:21196:18", host_generation: 1787222514121, icon_generation: Some(17), terminal: Applied, message: "" }
terminal=NotifyIconCompatibilityTerminal { correlation_id: "native:30136:20", host_generation: 1787222514121, icon_generation: Some(19), terminal: Applied, message: "" }
terminal=NotifyIconCompatibilityTerminal { correlation_id: "native:39188:20", host_generation: 1787222514121, icon_generation: Some(21), terminal: Applied, message: "" }
terminal=NotifyIconCompatibilityTerminal { correlation_id: "native:7616:20", host_generation: 1787222514121, icon_generation: None, terminal: InvalidRequest, message: "notify-icon-owner-or-identity-invalid" }
terminal=NotifyIconCompatibilityTerminal { correlation_id: "native:7616:20", host_generation: 1787222514121, icon_generation: None, terminal: InvalidRequest, message: "notify-icon-copy-failed" }
terminal=NotifyIconCompatibilityTerminal { correlation_id: "native:7616:20", host_generation: 1787222514121, icon_generation: Some(21), terminal: NoChange, message: "" }
terminal=NotifyIconCompatibilityTerminal { correlation_id: "native:7616:20", host_generation: 1787222514121, icon_generation: None, terminal: InvalidRequest, message: "notify-icon-owner-or-identity-invalid" }
terminal=NotifyIconCompatibilityTerminal { correlation_id: "native:7616:20", host_generation: 1787222514121, icon_generation: Some(21), terminal: NoChange, message: "" }
terminal=NotifyIconCompatibilityTerminal { correlation_id: "native:20784:22", host_generation: 1787222514121, icon_generation: Some(21), terminal: Applied, message: "" }
terminal=NotifyIconCompatibilityTerminal { correlation_id: "native:45912:25", host_generation: 1787222514121, icon_generation: Some(23), terminal: Applied, message: "" }
terminal=NotifyIconCompatibilityTerminal { correlation_id: "native:45912:25", host_generation: 1787222514121, icon_generation: Some(26), terminal: Applied, message: "" }
terminal=NotifyIconCompatibilityTerminal { correlation_id: "native:45912:27", host_generation: 1787222514121, icon_generation: Some(26), terminal: Applied, message: "" }
terminal=NotifyIconCompatibilityTerminal { correlation_id: "native:45912:27", host_generation: 1787222514121, icon_generation: Some(28), terminal: Applied, message: "" }
snapshot-icons=13
dwData=1 cbData=1484 bytes=2334753401000000bc03000060010100000000000300000065000000950e9524430070007500200030000a0054006300630064002000230030003a0020003400
dwData=1 cbData=1484 bytes=2334753400000000bc0300001c10d1015b1b0000d70000002580000033000100530075007000650072004400650073006b0074006f007000200063006f006d00
dwData=1 cbData=1484 bytes=2334753401000000bc03000060010100000000000500000065000000950e9524430070007500200030000a0054006300630064002000230030003a0020003500
dwData=1 cbData=1484 bytes=2334753404000000bc0300001c10d1015b1b0000d70000002580000033000100530075007000650072004400650073006b0074006f007000200063006f006d00
dwData=1 cbData=1484 bytes=2334753400000000bc0300001c10d1015c1b0000d70000002580000033000100530075007000650072004400650073006b0074006f007000200063006f006d00
dwData=1 cbData=1484 bytes=2334753404000000bc0300001c10d1015c1b0000d70000002580000033000100530075007000650072004400650073006b0074006f007000200063006f006d00
dwData=1 cbData=1484 bytes=2334753404000000bc03000014030800010000000000000000000000000000000000000000000000000000000000000000000000000000000000000000000000
dwData=1 cbData=1484 bytes=2334753400000000bc0300001c10d1015d1b0000d70000002580000033000100530075007000650072004400650073006b0074006f007000200063006f006d00
dwData=1 cbData=1484 bytes=2334753404000000bc0300001c10d1015d1b0000d70000002580000033000100530075007000650072004400650073006b0074006f007000200063006f006d00
dwData=1 cbData=1484 bytes=2334753400000000bc0300001c10d1015e1b0000d70000002580000033000100530075007000650072004400650073006b0074006f007000200063006f006d00
dwData=1 cbData=1484 bytes=2334753404000000bc0300001c10d1015e1b0000d70000002580000033000100530075007000650072004400650073006b0074006f007000200063006f006d00
dwData=1 cbData=1484 bytes=2334753400000000bc0300001c10d1015f1b0000d70000002580000033000100530075007000650072004400650073006b0074006f007000200063006f006d00
dwData=1 cbData=1484 bytes=2334753404000000bc0300001c10d1015f1b0000d70000002580000033000100530075007000650072004400650073006b0074006f007000200063006f006d00
dwData=1 cbData=1484 bytes=2334753400000000bc0300001c10d101601b0000d70000002580000033000100530075007000650072004400650073006b0074006f007000200063006f006d00
dwData=1 cbData=1484 bytes=2334753404000000bc0300001c10d101601b0000d70000002580000033000100530075007000650072004400650073006b0074006f007000200063006f006d00
dwData=1 cbData=1484 bytes=2334753400000000bc0300001c10d101611b0000d70000002580000033000100530075007000650072004400650073006b0074006f007000200063006f006d00
dwData=1 cbData=1484 bytes=2334753404000000bc0300001c10d101611b0000d70000002580000033000100530075007000650072004400650073006b0074006f007000200063006f006d00
terminal=NotifyIconCompatibilityTerminal { correlation_id: "native:7616:27", host_generation: 1787222514121, icon_generation: None, terminal: InvalidRequest, message: "notify-icon-owner-or-identity-invalid" }
terminal=NotifyIconCompatibilityTerminal { correlation_id: "native:45912:29", host_generation: 1787222514121, icon_generation: Some(28), terminal: Applied, message: "" }
terminal=NotifyIconCompatibilityTerminal { correlation_id: "native:45912:29", host_generation: 1787222514121, icon_generation: Some(30), terminal: Applied, message: "" }
terminal=NotifyIconCompatibilityTerminal { correlation_id: "native:45912:31", host_generation: 1787222514121, icon_generation: Some(30), terminal: Applied, message: "" }
terminal=NotifyIconCompatibilityTerminal { correlation_id: "native:45912:31", host_generation: 1787222514121, icon_generation: Some(32), terminal: Applied, message: "" }
terminal=NotifyIconCompatibilityTerminal { correlation_id: "native:20784:31", host_generation: 1787222514121, icon_generation: Some(32), terminal: Applied, message: "" }
terminal=NotifyIconCompatibilityTerminal { correlation_id: "native:45912:33", host_generation: 1787222514121, icon_generation: Some(32), terminal: Applied, message: "" }
terminal=NotifyIconCompatibilityTerminal { correlation_id: "native:45912:33", host_generation: 1787222514121, icon_generation: Some(34), terminal: Applied, message: "" }
terminal=NotifyIconCompatibilityTerminal { correlation_id: "native:45912:35", host_generation: 1787222514121, icon_generation: Some(34), terminal: Applied, message: "" }
terminal=NotifyIconCompatibilityTerminal { correlation_id: "native:45912:35", host_generation: 1787222514121, icon_generation: Some(36), terminal: Applied, message: "" }
terminal=NotifyIconCompatibilityTerminal { correlation_id: "native:45912:37", host_generation: 1787222514121, icon_generation: Some(36), terminal: Applied, message: "" }
terminal=NotifyIconCompatibilityTerminal { correlation_id: "native:45912:37", host_generation: 1787222514121, icon_generation: Some(38), terminal: Applied, message: "" }
terminal=NotifyIconCompatibilityTerminal { correlation_id: "native:45912:39", host_generation: 1787222514121, icon_generation: Some(38), terminal: Applied, message: "" }
terminal=NotifyIconCompatibilityTerminal { correlation_id: "native:45912:39", host_generation: 1787222514121, icon_generation: Some(40), terminal: Applied, message: "" }
terminal=NotifyIconCompatibilityTerminal { correlation_id: "native:45912:41", host_generation: 1787222514121, icon_generation: Some(40), terminal: Applied, message: "" }
terminal=NotifyIconCompatibilityTerminal { correlation_id: "native:45912:41", host_generation: 1787222514121, icon_generation: Some(42), terminal: Applied, message: "" }
snapshot-icons=20
dwData=1 cbData=1484 bytes=2334753400000000bc0300001c10d101621b0000d70000002580000033000100530075007000650072004400650073006b0074006f007000200063006f006d00
dwData=1 cbData=1484 bytes=2334753404000000bc0300001c10d101621b0000d70000002580000033000100530075007000650072004400650073006b0074006f007000200063006f006d00
dwData=1 cbData=1484 bytes=2334753400000000bc0300001c10d101631b0000d70000002580000033000100530075007000650072004400650073006b0074006f007000200063006f006d00
dwData=1 cbData=1484 bytes=2334753404000000bc0300001c10d101631b0000d70000002580000033000100530075007000650072004400650073006b0074006f007000200063006f006d00
dwData=1 cbData=1484 bytes=2334753400000000bc0300001c10d101641b0000d70000002580000033000100530075007000650072004400650073006b0074006f007000200063006f006d00
dwData=1 cbData=1484 bytes=2334753404000000bc0300001c10d101641b0000d70000002580000033000100530075007000650072004400650073006b0074006f007000200063006f006d00
dwData=1 cbData=1484 bytes=2334753400000000bc0300001c10d101651b0000d70000002580000033000100530075007000650072004400650073006b0074006f007000200063006f006d00
dwData=1 cbData=1484 bytes=2334753404000000bc0300001c10d101651b0000d70000002580000033000100530075007000650072004400650073006b0074006f007000200063006f006d00
dwData=1 cbData=1484 bytes=2334753400000000bc0300001c10d101661b0000d70000002580000033000100530075007000650072004400650073006b0074006f007000200063006f006d00
dwData=1 cbData=1484 bytes=2334753404000000bc0300001c10d101661b0000d70000002580000033000100530075007000650072004400650073006b0074006f007000200063006f006d00
dwData=1 cbData=1484 bytes=2334753400000000bc0300001c10d101671b0000d70000002580000033000100530075007000650072004400650073006b0074006f007000200063006f006d00
dwData=1 cbData=1484 bytes=2334753404000000bc0300001c10d101671b0000d70000002580000033000100530075007000650072004400650073006b0074006f007000200063006f006d00
dwData=1 cbData=1484 bytes=2334753401000000bc03000060010100000000000300000065000000030f6b00430070007500200030000a0054006300630064002000230030003a0020003500
dwData=1 cbData=1484 bytes=2334753401000000bc03000060010100000000000500000065000000030f6b00430070007500200030000a0054006300630064002000230030003a0020003400
dwData=1 cbData=1484 bytes=2334753400000000bc0300001c10d101681b0000d70000002580000033000100530075007000650072004400650073006b0074006f007000200063006f006d00
dwData=1 cbData=1484 bytes=2334753404000000bc0300001c10d101681b0000d70000002580000033000100530075007000650072004400650073006b0074006f007000200063006f006d00
terminal=NotifyIconCompatibilityTerminal { correlation_id: "native:45912:43", host_generation: 1787222514121, icon_generation: Some(42), terminal: Applied, message: "" }
terminal=NotifyIconCompatibilityTerminal { correlation_id: "native:45912:43", host_generation: 1787222514121, icon_generation: Some(44), terminal: Applied, message: "" }
terminal=NotifyIconCompatibilityTerminal { correlation_id: "native:45912:45", host_generation: 1787222514121, icon_generation: Some(44), terminal: Applied, message: "" }
terminal=NotifyIconCompatibilityTerminal { correlation_id: "native:45912:45", host_generation: 1787222514121, icon_generation: Some(46), terminal: Applied, message: "" }
terminal=NotifyIconCompatibilityTerminal { correlation_id: "native:45912:47", host_generation: 1787222514121, icon_generation: Some(46), terminal: Applied, message: "" }
dwData=1 cbData=1484 bytes=2334753400000000bc0300001c10d101691b0000d70000002580000033000100530075007000650072004400650073006b0074006f007000200063006f006d00
terminal=NotifyIconCompatibilityTerminal { correlation_id: "native:45912:47", host_generation: 1787222514121, icon_generation: Some(48), terminal: Applied, message: "" }
terminal=NotifyIconCompatibilityTerminal { correlation_id: "native:45912:49", host_generation: 1787222514121, icon_generation: Some(48), terminal: Applied, message: "" }
terminal=NotifyIconCompatibilityTerminal { correlation_id: "native:45912:49", host_generation: 1787222514121, icon_generation: Some(50), terminal: Applied, message: "" }
terminal=NotifyIconCompatibilityTerminal { correlation_id: "native:45912:51", host_generation: 1787222514121, icon_generation: Some(50), terminal: Applied, message: "" }
terminal=NotifyIconCompatibilityTerminal { correlation_id: "native:45912:51", host_generation: 1787222514121, icon_generation: Some(52), terminal: Applied, message: "" }
terminal=NotifyIconCompatibilityTerminal { correlation_id: "native:45912:53", host_generation: 1787222514121, icon_generation: Some(52), terminal: Applied, message: "" }
terminal=NotifyIconCompatibilityTerminal { correlation_id: "native:45912:53", host_generation: 1787222514121, icon_generation: Some(54), terminal: Applied, message: "" }
terminal=NotifyIconCompatibilityTerminal { correlation_id: "native:7616:53", host_generation: 1787222514121, icon_generation: None, terminal: InvalidRequest, message: "notify-icon-owner-or-identity-invalid" }
terminal=NotifyIconCompatibilityTerminal { correlation_id: "native:45912:55", host_generation: 1787222514121, icon_generation: Some(54), terminal: Applied, message: "" }
terminal=NotifyIconCompatibilityTerminal { correlation_id: "native:45912:55", host_generation: 1787222514121, icon_generation: Some(56), terminal: Applied, message: "" }
dwData=snapshot-icons=271
 cbData=1484 bytes=2334753404000000bc0300001c10d101691b0000d70000002580000033000100530075007000650072004400650073006b0074006f007000200063006f006d00
dwData=1 cbData=1484 bytes=2334753400000000bc0300001c10d1016a1b0000d70000002580000033000100530075007000650072004400650073006b0074006f007000200063006f006d00
dwData=1 cbData=1484 bytes=2334753404000000bc0300001c10d1016a1b0000d70000002580000033000100530075007000650072004400650073006b0074006f007000200063006f006d00
dwData=1 cbData=1484 bytes=2334753400000000bc0300001c10d1016b1b0000d70000002580000033000100530075007000650072004400650073006b0074006f007000200063006f006d00
dwData=1 cbData=1484 bytes=2334753404000000bc0300001c10d1016b1b0000d70000002580000033000100530075007000650072004400650073006b0074006f007000200063006f006d00
dwData=1 cbData=1484 bytes=2334753400000000bc0300001c10d1016c1b0000d70000002580000033000100530075007000650072004400650073006b0074006f007000200063006f006d00
dwData=1 cbData=1484 bytes=2334753404000000bc0300001c10d1016c1b0000d70000002580000033000100530075007000650072004400650073006b0074006f007000200063006f006d00
dwData=1 cbData=1484 bytes=2334753401000000bc0300001c10d101591b0000d70000002580000033000100530075007000650072004400650073006b0074006f007000200063006f006d00
terminal=NotifyIconCompatibilityTerminal { correlation_id: "native:45912:57", host_generation: 1787222514121, icon_generation: Some(56), terminal: Applied, message: "" }
terminal=NotifyIconCompatibilityTerminal { correlation_id: "native:45912:57", host_generation: 1787222514121, icon_generation: Some(58), terminal: Applied, message: "" }
terminal=NotifyIconCompatibilityTerminal { correlation_id: "native:45912:59", host_generation: 1787222514121, icon_generation: Some(58), terminal: Applied, message: "" }
terminal=NotifyIconCompatibilityTerminal { correlation_id: "native:45912:59", host_generation: 1787222514121, icon_generation: Some(60), terminal: Applied, message: "" }
terminal=NotifyIconCompatibilityTerminal { correlation_id: "native:45912:61", host_generation: 1787222514121, icon_generation: Some(60), terminal: Applied, message: "" }
terminal=NotifyIconCompatibilityTerminal { correlation_id: "native:45912:61", host_generation: 1787222514121, icon_generation: Some(62), terminal: Applied, message: "" }
terminal=NotifyIconCompatibilityTerminal { correlation_id: "native:45912:63", host_generation: 1787222514121, icon_generation: Some(62), terminal: Applied, message: "" }
terminal=NotifyIconCompatibilityTerminal { correlation_id: "native:45912:63", host_generation: 1787222514121, icon_generation: Some(64), terminal: Applied, message: "" }
terminal=NotifyIconCompatibilityTerminal { correlation_id: "native:45912:65", host_generation: 1787222514121, icon_generation: Some(64), terminal: Applied, message: "" }
snapshot-icons=31
dwData=1 cbData=1484 bytes=2334753401000000bc0300006001010000000000030000006500000057122100430070007500200030000a0054006300630064002000230030003a0020003400
dwData=1 cbData=1484 bytes=2334753401000000bc0300006001010000000000050000006500000057122100430070007500200030000a0054006300630064002000230030003a0020003500
dwData=1 cbData=1484 bytes=2334753400000000bc030000e80206000100000007000000010400002f090a0053007400650061006d0000000000000000000000000000000000000000000000
terminal=NotifyIconCompatibilityTerminal { correlation_id: "native:7616:65", host_generation: 1787222514121, icon_generation: None, terminal: InvalidRequest, message: "notify-icon-owner-or-identity-invalid" }
terminal=NotifyIconCompatibilityTerminal { correlation_id: "native:14740:67", host_generation: 1787222514121, icon_generation: Some(66), terminal: Applied, message: "" }
snapshot-icons=32
snapshot-icons=32
dwData=1 cbData=1484 bytes=2334753401000000bc030000600101000000000003000000650000003f125c00430070007500200030000a0054006300630064002000230030003a0020003500
dwData=1 cbData=1484 bytes=2334753401000000bc030000600101000000000005000000650000003f125c00430070007500200030000a0054006300630064002000230030003a0020003400
terminal=NotifyIconCompatibilityTerminal { correlation_id: "native:7616:67", host_generation: 1787222514121, icon_generation: None, terminal: InvalidRequest, message: "notify-icon-owner-or-identity-invalid" }
snapshot-icons=32
snapshot-icons=32
dwData=1 cbData=1484 bytes=2334753401000000bc0300006001010000000000030000006500000097112402430070007500200030000a0054006300630064002000230030003a0020003400
dwData=1 cbData=1484 bytes=2334753401000000bc0300006001010000000000050000006500000097112402430070007500200030000a0054006300630064002000230030003a0020003400
terminal=NotifyIconCompatibilityTerminal { correlation_id: "native:7616:67", host_generation: 1787222514121, icon_generation: None, terminal: InvalidRequest, message: "notify-icon-owner-or-identity-invalid" }
snapshot-icons=32
dwData=1 cbData=1484 bytes=2334753401000000bc0300006001010000000000050000006500000097112402430070007500200030000a0054006300630064002000230030003a0020003400
terminal=NotifyIconCompatibilityTerminal { correlation_id: "native:7616:67", host_generation: 1787222514121, icon_generation: None, terminal: InvalidRequest, message: "notify-icon-owner-or-identity-invalid" }
snapshot-icons=32
snapshot-icons=32
dwData=1 cbData=1484 bytes=2334753401000000bc030000600101000000000003000000650000005d113001430070007500200030000a0054006300630064002000230030003a0020003400
dwData=1 cbData=1484 bytes=2334753401000000bc030000600101000000000005000000650000005d113001430070007500200030000a0054006300630064002000230030003a0020003500
terminal=NotifyIconCompatibilityTerminal { correlation_id: "native:7616:67", host_generation: 1787222514121, icon_generation: None, terminal: InvalidRequest, message: "notify-icon-owner-or-identity-invalid" }
snapshot-icons=32
snapshot-icons=32
dwData=1 cbData=1484 bytes=2334753401000000bc030000600101000000000005000000650000005d113001430070007500200030000a0054006300630064002000230030003a0020003500
dwData=1 cbData=1484 bytes=2334753400000000bc030000ea020800020000000700000072170000a3010e0052007500730074004400650073006b0020002d002000315cd27d0a0031002000
dwData=1 cbData=1484 bytes=2334753402000000bc03000050090100030000000000000000000000000000000000000000000000000000000000000000000000000000000000000000000000
dwData=1 cbData=1484 bytes=2334753400000000bc030000bc06020001000000070000000008000011073800540069006d00650053006e006100700070006500720020002800410063007400
dwData=1 cbData=1484 bytes=2334753402000000bc03000092071600030000002000000000000000000000000000000000000000000000000000000000000000000000000000000000000000
dwData=1 cbData=1484 bytes=2334753400000000bc030000d2020300000000000700000000140000e9028c00450076006500720079007400680069006e006700000000000000000000000000
dwData=1 cbData=1484 bytes=2334753400000000bc030000320801000000000087000000658000004d0307006a522066134e1a4e487200000000000000000000000000000000000000000000
dwData=1 cbData=1484 bytes=2334753400000000bc030000f20305000100000087000000018000008d047b004d0075004d00750050006c006100790065007200000000000000000000000000
dwData=1 cbData=1484 bytes=2334753402000000bc030000a8090100010000000700000000080000e10902004d006100610041007300730069007300740061006e007400410072006b006e00
dwData=1 cbData=1484 bytes=2334753402000000bc0300009407080001000000a700000003040000ab091a0a4d006900630072006f0073006f00660074002000330036003500200043006f00
dwData=1 cbData=1484 bytes=2334753402000000bc030000e8020600010000000700000001040000000000000000000000000000000000000000000000000000000000000000000000000000
dwData=1 cbData=1484 bytes=2334753402000000bc030000e80a0a00030000002000000000000000000000000000000000000000000000000000000000000000000000000000000000000000
dwData=1 cbData=1484 bytes=2334753402000000bc030000ae0302008200000000000000640400003304060044006900740074006f0000000000000000000000000000000000000000000000
dwData=1 cbData=1484 bytes=2334753401000000bc030000e205030064000000ae00000000000000af116e02570069006e0064006f00770073002000895b6851276020002d002000fa5e708b
dwData=1 cbData=1484 bytes=2334753400000000bc03000050090100030000000300000001800000550901000000000000000000000000000000000000000000000000000000000000000000
dwData=1 cbData=1484 bytes=2334753402000000bc0300003a080800070000000000000000000000000000000000000000000000000000000000000000000000000000000000000000000000
dwData=1 cbData=1484 bytes=2334753401000000bc0300006001010000000000070000006500000031120a01430070007500200030000a0054006300630064002000230030003a0020003400
dwData=1 cbData=1484 bytes=2334753400000000bc03000092071600030000002300000001800000bb0602000000000000000000000000000000000000000000000000000000000000000000
dwData=1 cbData=1484 bytes=2334753404000000bc030000320801000000000087000000658000004d0307006a522066134e1a4e487200000000000000000000000000000000000000000000
dwData=1 cbData=1484 bytes=2334753400000000bc030000a8090100010000000700000000080000e10902004d006100610041007300730069007300740061006e007400410072006b006e00
dwData=1 cbData=1484 bytes=2334753400000000bc0300009407080001000000a700000003040000ab091a0a4d006900630072006f0073006f00660074002000330036003500200043006f00
dwData=1 cbData=1484 bytes=2334753400000000bc030000e80a0a000300000027000000018000008a0b26004300680061007400470050005400000000000000000000000000000000000000
dwData=1 cbData=1484 bytes=2334753400000000bc030000ae0302008200000007000000640400003304060044006900740074006f0000000000000000000000000000000000000000000000
dwData=1 cbData=1484 bytes=2334753400000000bc0300003a0808000700000003000000018000003f090e000000000000000000000000000000000000000000000000000000000000000000
dwData=1 cbData=1484 bytes=2334753404000000bc0300009407080001000000a700000003040000ab091a0a4d006900630072006f0073006f00660074002000330036003500200043006f00
dwData=1 cbData=1484 bytes=2334753401000000bc0300006001010000000000070000006500000031120b01430070007500200030000a0054006300630064002000230030003a0020003400
dwData=1 cbData=1484 bytes=2334753401000000bc0300006001010000000000070000006500000031120d01430070007500200030000a0054006300630064002000230030003a0020003400
dwData=terminal=NotifyIconCompatibilityTerminal { correlation_id: "native:18828:2", host_generation: 1787222563575, icon_generation: Some(1), terminal: Applied, message: "" }1
 cbData=1484 bytes=2334753402000000bc0300006001010000000000070000006500000031120d01430070007500200030000a0054006300630064002000230030003a0020003400
terminal=NotifyIconCompatibilityTerminal { correlation_id: "native:27612:2", host_generation: 1787222563575, icon_generation: Some(3), terminal: NoChange, message: "" }
terminal=NotifyIconCompatibilityTerminal { correlation_id: "native:33372:4", host_generation: 1787222563575, icon_generation: Some(3), terminal: Applied, message: "" }
terminal=NotifyIconCompatibilityTerminal { correlation_id: "native:23428:4", host_generation: 1787222563575, icon_generation: Some(5), terminal: NoChange, message: "" }
terminal=NotifyIconCompatibilityTerminal { correlation_id: "native:18180:4", host_generation: 1787222563575, icon_generation: None, terminal: InvalidRequest, message: "notify-icon-owner-or-identity-invalid" }
terminal=NotifyIconCompatibilityTerminal { correlation_id: "native:29408:4", host_generation: 1787222563575, icon_generation: None, terminal: InvalidRequest, message: "notify-icon-owner-or-identity-invalid" }
terminal=NotifyIconCompatibilityTerminal { correlation_id: "native:21628:6", host_generation: 1787222563575, icon_generation: Some(5), terminal: Applied, message: "" }
terminal=NotifyIconCompatibilityTerminal { correlation_id: "native:31292:6", host_generation: 1787222563575, icon_generation: Some(7), terminal: NoChange, message: "" }
terminal=NotifyIconCompatibilityTerminal { correlation_id: "native:39188:6", host_generation: 1787222563575, icon_generation: Some(7), terminal: NoChange, message: "" }
terminal=NotifyIconCompatibilityTerminal { correlation_id: "native:14740:6", host_generation: 1787222563575, icon_generation: Some(7), terminal: NoChange, message: "" }
terminal=NotifyIconCompatibilityTerminal { correlation_id: "native:31492:6", host_generation: 1787222563575, icon_generation: Some(7), terminal: NoChange, message: "" }
terminal=NotifyIconCompatibilityTerminal { correlation_id: "native:21196:6", host_generation: 1787222563575, icon_generation: Some(7), terminal: NoChange, message: "" }
terminal=NotifyIconCompatibilityTerminal { correlation_id: "native:17868:6", host_generation: 1787222563575, icon_generation: None, terminal: InvalidRequest, message: "notify-icon-owned-invalid" }
terminal=NotifyIconCompatibilityTerminal { correlation_id: "native:27612:8", host_generation: 1787222563575, icon_generation: Some(7), terminal: Applied, message: "" }
terminal=NotifyIconCompatibilityTerminal { correlation_id: "native:30136:8", host_generation: 1787222563575, icon_generation: Some(9), terminal: NoChange, message: "" }
terminal=NotifyIconCompatibilityTerminal { correlation_id: "native:7616:8", host_generation: 1787222563575, icon_generation: None, terminal: InvalidRequest, message: "notify-icon-owner-or-identity-invalid" }
terminal=NotifyIconCompatibilityTerminal { correlation_id: "native:23428:10", host_generation: 1787222563575, icon_generation: Some(9), terminal: Applied, message: "" }
terminal=NotifyIconCompatibilityTerminal { correlation_id: "native:29408:10", host_generation: 1787222563575, icon_generation: None, terminal: InvalidRequest, message: "notify-icon-owner-or-identity-invalid" }
terminal=NotifyIconCompatibilityTerminal { correlation_id: "native:31292:12", host_generation: 1787222563575, icon_generation: Some(11), terminal: Applied, message: "" }
terminal=NotifyIconCompatibilityTerminal { correlation_id: "native:39188:14", host_generation: 1787222563575, icon_generation: Some(13), terminal: Applied, message: "" }
terminal=NotifyIconCompatibilityTerminal { correlation_id: "native:31492:16", host_generation: 1787222563575, icon_generation: Some(15), terminal: Applied, message: "" }
terminal=NotifyIconCompatibilityTerminal { correlation_id: "native:21196:18", host_generation: 1787222563575, icon_generation: Some(17), terminal: Applied, message: "" }
terminal=NotifyIconCompatibilityTerminal { correlation_id: "native:30136:20", host_generation: 1787222563575, icon_generation: Some(19), terminal: Applied, message: "" }
terminal=NotifyIconCompatibilityTerminal { correlation_id: "native:39188:20", host_generation: 1787222563575, icon_generation: Some(21), terminal: Applied, message: "" }
dwData=1 cbData=1484 bytes=2334753400000000bc030000600101001b000000070000006500000031120f0143006f00720065002000540065006d0070002000760065007200730069006f00
dwData=1 cbData=1484 bytes=2334753401000000bc030000600101001b00000002000000650000009d02010043006f00720065002000540065006d0070002000760065007200730069006f00
dwData=1 cbData=1484 bytes=2334753401000000bc030000600101001b00000002000000650000009d02010043006f00720065002000540065006d0070002000760065007200730069006f00
dwData=1 cbData=1484 bytes=2334753400000000bc0300006001010000000000070000006500000031121001430070007500200030000a0054006300630064002000230030003a0020003400
dwData=1 cbData=1484 bytes=2334753402000000bc030000600101001b00000002000000650000009d02010043006f00720065002000540065006d0070002000760065007200730069006f00
snapshot-icons=10
dwData=1 cbData=1484 bytes=2334753400000000bc0300001403080001000000870000005480000035070a0e45007000690063002000470061006d006500730020005f55d552685600000000
dwData=1 cbData=1484 bytes=2334753401000000bc0300006001010000000000050000006500000031121001430070007500200030000a0054006300630064002000230030003a0020003400
dwData=1 cbData=1484 bytes=2334753400000000bc030000760e0d00591b0000d70000002580000033000100530075007000650072004400650073006b0074006f007000200063006f006d00
dwData=1 cbData=1484 bytes=2334753404000000bc030000760e0d00591b0000d70000002580000033000100530075007000650072004400650073006b0074006f007000200063006f006d00
dwData=1 cbData=1484 bytes=2334753400000000bc030000760e0d005a1b0000d70000002580000033000100530075007000650072004400650073006b0074006f007000200063006f006d00
dwData=1 cbData=1484 bytes=2334753404000000bc030000760e0d005a1b0000d70000002580000033000100530075007000650072004400650073006b0074006f007000200063006f006d00
terminal=NotifyIconCompatibilityTerminal { correlation_id: "native:7616:20", host_generation: 1787222563575, icon_generation: None, terminal: InvalidRequest, message: "notify-icon-owner-or-identity-invalid" }
terminal=NotifyIconCompatibilityTerminal { correlation_id: "native:7616:20", host_generation: 1787222563575, icon_generation: None, terminal: InvalidRequest, message: "notify-icon-copy-failed" }
terminal=NotifyIconCompatibilityTerminal { correlation_id: "native:7616:20", host_generation: 1787222563575, icon_generation: Some(21), terminal: NoChange, message: "" }
terminal=NotifyIconCompatibilityTerminal { correlation_id: "native:7616:20", host_generation: 1787222563575, icon_generation: None, terminal: InvalidRequest, message: "notify-icon-owner-or-identity-invalid" }
terminal=NotifyIconCompatibilityTerminal { correlation_id: "native:7616:20", host_generation: 1787222563575, icon_generation: Some(21), terminal: NoChange, message: "" }
terminal=NotifyIconCompatibilityTerminal { correlation_id: "native:20784:22", host_generation: 1787222563575, icon_generation: Some(21), terminal: Applied, message: "" }
terminal=NotifyIconCompatibilityTerminal { correlation_id: "native:7616:22", host_generation: 1787222563575, icon_generation: None, terminal: InvalidRequest, message: "notify-icon-owner-or-identity-invalid" }
terminal=NotifyIconCompatibilityTerminal { correlation_id: "native:2380:25", host_generation: 1787222563575, icon_generation: Some(23), terminal: Applied, message: "" }
terminal=NotifyIconCompatibilityTerminal { correlation_id: "native:2380:25", host_generation: 1787222563575, icon_generation: Some(26), terminal: Applied, message: "" }
terminal=NotifyIconCompatibilityTerminal { correlation_id: "native:2380:27", host_generation: 1787222563575, icon_generation: Some(26), terminal: Applied, message: "" }
terminal=NotifyIconCompatibilityTerminal { correlation_id: "native:2380:27", host_generation: 1787222563575, icon_generation: Some(28), terminal: Applied, message: "" }
snapshot-icons=13
dwData=1 cbData=1484 bytes=2334753400000000bc030000760e0d005b1b0000d70000002580000033000100530075007000650072004400650073006b0074006f007000200063006f006d00
dwData=1 cbData=1484 bytes=2334753404000000bc030000760e0d005b1b0000d70000002580000033000100530075007000650072004400650073006b0074006f007000200063006f006d00
dwData=1 cbData=1484 bytes=2334753400000000bc030000760e0d005c1b0000d70000002580000033000100530075007000650072004400650073006b0074006f007000200063006f006d00
dwData=1 cbData=1484 bytes=2334753404000000bc030000760e0d005c1b0000d70000002580000033000100530075007000650072004400650073006b0074006f007000200063006f006d00
dwData=1 cbData=1484 bytes=2334753400000000bc030000760e0d005d1b0000d70000002580000033000100530075007000650072004400650073006b0074006f007000200063006f006d00
dwData=1 cbData=1484 bytes=2334753404000000bc030000760e0d005d1b0000d70000002580000033000100530075007000650072004400650073006b0074006f007000200063006f006d00
dwData=1 cbData=1484 bytes=2334753404000000bc03000014030800010000000000000000000000000000000000000000000000000000000000000000000000000000000000000000000000
dwData=1 cbData=1484 bytes=2334753400000000bc030000ea020800020000000700000072170000a3010e0052007500730074004400650073006b0020002d002000315cd27d0a0031002000
dwData=1 cbData=1484 bytes=2334753402000000bc03000050090100030000000000000000000000000000000000000000000000000000000000000000000000000000000000000000000000
dwData=1 cbData=1484 bytes=2334753402000000bc03000092071600030000002000000000000000000000000000000000000000000000000000000000000000000000000000000000000000
dwData=1 cbData=1484 bytes=2334753400000000bc030000bc06020001000000070000000008000011073800540069006d00650053006e006100700070006500720020002800410063007400
dwData=1 cbData=1484 bytes=2334753400000000bc030000d2020300000000000700000000140000e9028c00450076006500720079007400680069006e006700000000000000000000000000
dwData=1 cbData=1484 bytes=2334753402000000bc030000e8020600010000000700000001040000000000000000000000000000000000000000000000000000000000000000000000000000
dwData=1 cbData=1484 bytes=2334753400000000bc030000320801000000000087000000658000004d0307006a522066134e1a4e487200000000000000000000000000000000000000000000
dwData=1 cbData=1484 bytes=2334753400000000bc030000f20305000100000087000000018000008d047b004d0075004d00750050006c006100790065007200000000000000000000000000
dwData=1 cbData=1484 bytes=2334753402000000bc030000a8090100010000000700000000080000e10902004d006100610041007300730069007300740061006e007400410072006b006e00
dwData=1 cbData=1484 bytes=2334753402000000bc0300009407080001000000a700000003040000ab091a0a4d006900630072006f0073006f00660074002000330036003500200043006f00
dwData=1 cbData=1484 bytes=2334753402000000bc030000e80a0a00030000002000000000000000000000000000000000000000000000000000000000000000000000000000000000000000
dwData=1 cbData=1484 bytes=2334753402000000bc030000ae0302008200000000000000640400003304060044006900740074006f0000000000000000000000000000000000000000000000
dwData=1 cbData=1484 bytes=2334753401000000bc030000e205030064000000ae000000000000001f12d801570069006e0064006f00770073002000895b6851276020002d002000fa5e708b
dwData=1 cbData=1484 bytes=2334753400000000bc03000050090100030000000300000001800000550901000000000000000000000000000000000000000000000000000000000000000000
dwData=1 cbData=1484 bytes=2334753402000000bc0300003a080800070000000000000000000000000000000000000000000000000000000000000000000000000000000000000000000000
dwData=1 cbData=1484 bytes=2334753400000000bc03000092071600030000002300000001800000bb0602000000000000000000000000000000000000000000000000000000000000000000
dwData=1 cbData=1484 bytes=2334753401000000bc0300006001010000000000070000006500000019121a00430070007500200030000a0054006300630064002000230030003a0020003400
dwData=1 cbData=1484 bytes=2334753404000000bc030000320801000000000087000000658000004d0307006a522066134e1a4e487200000000000000000000000000000000000000000000
dwData=1 cbData=1484 bytes=2334753400000000bc030000a8090100010000000700000000080000e10902004d006100610041007300730069007300740061006e007400410072006b006e00
dwData=1 cbData=1484 bytes=2334753400000000bc0300009407080001000000a700000003040000ab091a0a4d006900630072006f0073006f00660074002000330036003500200043006f00
dwData=1 cbData=1484 bytes=2334753400000000bc030000e80a0a000300000027000000018000008a0b26004300680061007400470050005400000000000000000000000000000000000000
dwData=1 cbData=1484 bytes=2334753400000000bc030000ae0302008200000007000000640400003304060044006900740074006f0000000000000000000000000000000000000000000000
dwData=1 cbData=1484 bytes=2334753400000000bc0300003a0808000700000003000000018000003f090e000000000000000000000000000000000000000000000000000000000000000000
dwData=1 cbData=1484 bytes=2334753404000000bc0300009407080001000000a700000003040000ab091a0a4d006900630072006f0073006f00660074002000330036003500200043006f00
dwData=1 cbData=1484 bytes=2334753401000000bc0300006001010000000000070000006500000019121b00430070007500200030000a0054006300630064002000230030003a0020003400
dwData=1 cbData=1484 bytes=2334753401000000bc030000600101000000000007000000650000001f105d00430070007500200030000a0054006300630064002000230030003a0020003400
dwData=1 cbData=1484 bytes=2334753402000000bc030000600101000000000007000000650000001f105d00430070007500200030000a0054006300630064002000230030003a0020003400
dwData=1 cbData=1484 bytes=2334753400000000bc030000600101001b00000007000000650000001f105f0043006f00720065002000540065006d0070002000760065007200730069006f00
dwData=1 cbData=1484 bytes=2334753401000000bc030000600101001b00000002000000650000009d02010043006f00720065002000540065006d0070002000760065007200730069006f00
terminal=NotifyIconCompatibilityTerminal { correlation_id: "native:18828:2", host_generation: 1787222603802, icon_generation: Some(1), terminal: Applied, message: "" }
terminal=NotifyIconCompatibilityTerminal { correlation_id: "native:27612:2", host_generation: 1787222603802, icon_generation: Some(3), terminal: NoChange, message: "" }
terminal=NotifyIconCompatibilityTerminal { correlation_id: "native:23428:2", host_generation: 1787222603802, icon_generation: Some(3), terminal: NoChange, message: "" }
terminal=NotifyIconCompatibilityTerminal { correlation_id: "native:33372:4", host_generation: 1787222603802, icon_generation: Some(3), terminal: Applied, message: "" }
terminal=NotifyIconCompatibilityTerminal { correlation_id: "native:18180:4", host_generation: 1787222603802, icon_generation: None, terminal: InvalidRequest, message: "notify-icon-owner-or-identity-invalid" }
terminal=NotifyIconCompatibilityTerminal { correlation_id: "native:14740:4", host_generation: 1787222603802, icon_generation: Some(5), terminal: NoChange, message: "" }
terminal=NotifyIconCompatibilityTerminal { correlation_id: "native:29408:4", host_generation: 1787222603802, icon_generation: None, terminal: InvalidRequest, message: "notify-icon-owner-or-identity-invalid" }
terminal=NotifyIconCompatibilityTerminal { correlation_id: "native:21628:6", host_generation: 1787222603802, icon_generation: Some(5), terminal: Applied, message: "" }
terminal=NotifyIconCompatibilityTerminal { correlation_id: "native:31292:6", host_generation: 1787222603802, icon_generation: Some(7), terminal: NoChange, message: "" }
terminal=NotifyIconCompatibilityTerminal { correlation_id: "native:39188:6", host_generation: 1787222603802, icon_generation: Some(7), terminal: NoChange, message: "" }
terminal=NotifyIconCompatibilityTerminal { correlation_id: "native:31492:6", host_generation: 1787222603802, icon_generation: Some(7), terminal: NoChange, message: "" }
terminal=NotifyIconCompatibilityTerminal { correlation_id: "native:21196:6", host_generation: 1787222603802, icon_generation: Some(7), terminal: NoChange, message: "" }
terminal=NotifyIconCompatibilityTerminal { correlation_id: "native:17868:6", host_generation: 1787222603802, icon_generation: None, terminal: InvalidRequest, message: "notify-icon-owned-invalid" }
terminal=NotifyIconCompatibilityTerminal { correlation_id: "native:27612:8", host_generation: 1787222603802, icon_generation: Some(7), terminal: Applied, message: "" }
terminal=NotifyIconCompatibilityTerminal { correlation_id: "native:30136:8", host_generation: 1787222603802, icon_generation: Some(9), terminal: NoChange, message: "" }
terminal=NotifyIconCompatibilityTerminal { correlation_id: "native:23428:10", host_generation: 1787222603802, icon_generation: Some(9), terminal: Applied, message: "" }
terminal=NotifyIconCompatibilityTerminal { correlation_id: "native:7616:10", host_generation: 1787222603802, icon_generation: None, terminal: InvalidRequest, message: "notify-icon-owner-or-identity-invalid" }
terminal=NotifyIconCompatibilityTerminal { correlation_id: "native:29408:10", host_generation: 1787222603802, icon_generation: None, terminal: InvalidRequest, message: "notify-icon-owner-or-identity-invalid" }
terminal=NotifyIconCompatibilityTerminal { correlation_id: "native:31292:12", host_generation: 1787222603802, icon_generation: Some(11), terminal: Applied, message: "" }
terminal=NotifyIconCompatibilityTerminal { correlation_id: "native:39188:14", host_generation: 1787222603802, icon_generation: Some(13), terminal: Applied, message: "" }
terminal=NotifyIconCompatibilityTerminal { correlation_id: "native:31492:16", host_generation: 1787222603802, icon_generation: Some(15), terminal: Applied, message: "" }
terminal=NotifyIconCompatibilityTerminal { correlation_id: "native:21196:18", host_generation: 1787222603802, icon_generation: Some(17), terminal: Applied, message: "" }
terminal=NotifyIconCompatibilityTerminal { correlation_id: "native:30136:20", host_generation: 1787222603802, icon_generation: Some(19), terminal: Applied, message: "" }
terminal=NotifyIconCompatibilityTerminal { correlation_id: "native:39188:20", host_generation: 1787222603802, icon_generation: Some(21), terminal: Applied, message: "" }
terminal=NotifyIconCompatibilityTerminal { correlation_id: "native:7616:20", host_generation: 1787222603802, icon_generation: None, terminal: InvalidRequest, message: "notify-icon-owner-or-identity-invalid" }
terminal=NotifyIconCompatibilityTerminal { correlation_id: "native:7616:20", host_generation: 1787222603802, icon_generation: None, terminal: InvalidRequest, message: "notify-icon-copy-failed" }
dwData=1 cbData=1484 bytes=2334753401000000bc030000600101001b00000002000000650000009d02010043006f00720065002000540065006d0070002000760065007200730069006f00
dwData=1 cbData=1484 bytes=2334753400000000bc030000600101000000000007000000650000001f106100430070007500200030000a0054006300630064002000230030003a0020003400
dwData=1 cbData=1484 bytes=2334753402000000bc030000600101001b00000002000000650000009d02010043006f00720065002000540065006d0070002000760065007200730069006f00
snapshot-icons=10
dwData=1 cbData=1484 bytes=2334753400000000bc0300001403080001000000870000005480000035070a0e45007000690063002000470061006d006500730020005f55d552685600000000
dwData=1 cbData=1484 bytes=2334753401000000bc03000060010100000000000300000065000000010a3100430070007500200030000a0054006300630064002000230030003a0020003400
dwData=1 cbData=1484 bytes=2334753401000000bc03000060010100000000000500000065000000010a3100430070007500200030000a0054006300630064002000230030003a0020003400
dwData=1 cbData=1484 bytes=2334753400000000bc030000e80206000100000007000000010400002f090a0053007400650061006d0000000000000000000000000000000000000000000000
dwData=1 cbData=1484 bytes=2334753400000000bc03000018110300591b0000d70000002580000033000100530075007000650072004400650073006b0074006f007000200063006f006d00
dwData=1 cbData=1484 bytes=2334753404000000bc03000018110300591b0000d70000002580000033000100530075007000650072004400650073006b0074006f007000200063006f006d00
dwData=1 cbData=1484 bytes=2334753400000000bc030000181103005a1b0000d70000002580000033000100530075007000650072004400650073006b0074006f007000200063006f006d00
dwData=1 cbData=1484 bytes=2334753404000000bc030000181103005a1b0000d70000002580000033000100530075007000650072004400650073006b0074006f007000200063006f006d00
terminal=NotifyIconCompatibilityTerminal { correlation_id: "native:7616:20", host_generation: 1787222603802, icon_generation: Some(21), terminal: NoChange, message: "" }
terminal=NotifyIconCompatibilityTerminal { correlation_id: "native:7616:20", host_generation: 1787222603802, icon_generation: None, terminal: InvalidRequest, message: "notify-icon-owner-or-identity-invalid" }
terminal=NotifyIconCompatibilityTerminal { correlation_id: "native:7616:20", host_generation: 1787222603802, icon_generation: Some(21), terminal: NoChange, message: "" }
terminal=NotifyIconCompatibilityTerminal { correlation_id: "native:20784:22", host_generation: 1787222603802, icon_generation: Some(21), terminal: Applied, message: "" }
terminal=NotifyIconCompatibilityTerminal { correlation_id: "native:7616:22", host_generation: 1787222603802, icon_generation: None, terminal: InvalidRequest, message: "notify-icon-owner-or-identity-invalid" }
terminal=NotifyIconCompatibilityTerminal { correlation_id: "native:14740:24", host_generation: 1787222603802, icon_generation: Some(23), terminal: Applied, message: "" }
terminal=NotifyIconCompatibilityTerminal { correlation_id: "native:10800:27", host_generation: 1787222603802, icon_generation: Some(25), terminal: Applied, message: "" }
terminal=NotifyIconCompatibilityTerminal { correlation_id: "native:10800:27", host_generation: 1787222603802, icon_generation: Some(28), terminal: Applied, message: "" }
terminal=NotifyIconCompatibilityTerminal { correlation_id: "native:10800:29", host_generation: 1787222603802, icon_generation: Some(28), terminal: Applied, message: "" }
terminal=NotifyIconCompatibilityTerminal { correlation_id: "native:10800:29", host_generation: 1787222603802, icon_generation: Some(30), terminal: Applied, message: "" }
snapshot-icons=14
dwData=1 cbData=1484 bytes=2334753400000000bc030000181103005b1b0000d70000002580000033000100530075007000650072004400650073006b0074006f007000200063006f006d00
dwData=1 cbData=1484 bytes=2334753404000000bc030000181103005b1b0000d70000002580000033000100530075007000650072004400650073006b0074006f007000200063006f006d00
dwData=1 cbData=1484 bytes=2334753400000000bc030000181103005c1b0000d70000002580000033000100530075007000650072004400650073006b0074006f007000200063006f006d00
dwData=1 cbData=1484 bytes=2334753404000000bc030000181103005c1b0000d70000002580000033000100530075007000650072004400650073006b0074006f007000200063006f006d00
dwData=1 cbData=1484 bytes=2334753404000000bc03000014030800010000000000000000000000000000000000000000000000000000000000000000000000000000000000000000000000
dwData=1 cbData=1484 bytes=2334753400000000bc030000181103005d1b0000d70000002580000033000100530075007000650072004400650073006b0074006f007000200063006f006d00
dwData=1 cbData=1484 bytes=2334753404000000bc030000181103005d1b0000d70000002580000033000100530075007000650072004400650073006b0074006f007000200063006f006d00
dwData=1 cbData=1484 bytes=2334753400000000bc030000181103005e1b0000d70000002580000033000100530075007000650072004400650073006b0074006f007000200063006f006d00
dwData=1 cbData=1484 bytes=2334753404000000bc030000181103005e1b0000d70000002580000033000100530075007000650072004400650073006b0074006f007000200063006f006d00
dwData=1 cbData=1484 bytes=2334753401000000bc03000060010100000000000300000065000000c10f4000430070007500200030000a0054006300630064002000230030003a0020003400
dwData=1 cbData=1484 bytes=2334753401000000bc03000060010100000000000500000065000000c10f4000430070007500200030000a0054006300630064002000230030003a0020003400
dwData=1 cbData=1484 bytes=2334753400000000bc030000181103005f1b0000d70000002580000033000100530075007000650072004400650073006b0074006f007000200063006f006d00
dwData=1 cbData=1484 bytes=2334753404000000bc030000181103005f1b0000d70000002580000033000100530075007000650072004400650073006b0074006f007000200063006f006d00
terminal=NotifyIconCompatibilityTerminal { correlation_id: "native:10800:31", host_generation: 1787222603802, icon_generation: Some(30), terminal: Applied, message: "" }
terminal=NotifyIconCompatibilityTerminal { correlation_id: "native:10800:31", host_generation: 1787222603802, icon_generation: Some(32), terminal: Applied, message: "" }
terminal=NotifyIconCompatibilityTerminal { correlation_id: "native:10800:33", host_generation: 1787222603802, icon_generation: Some(32), terminal: Applied, message: "" }
terminal=NotifyIconCompatibilityTerminal { correlation_id: "native:10800:33", host_generation: 1787222603802, icon_generation: Some(34), terminal: Applied, message: "" }
terminal=NotifyIconCompatibilityTerminal { correlation_id: "native:20784:33", host_generation: 1787222603802, icon_generation: Some(34), terminal: Applied, message: "" }
terminal=NotifyIconCompatibilityTerminal { correlation_id: "native:10800:35", host_generation: 1787222603802, icon_generation: Some(34), terminal: Applied, message: "" }
terminal=NotifyIconCompatibilityTerminal { correlation_id: "native:10800:35", host_generation: 1787222603802, icon_generation: Some(36), terminal: Applied, message: "" }
terminal=NotifyIconCompatibilityTerminal { correlation_id: "native:10800:37", host_generation: 1787222603802, icon_generation: Some(36), terminal: Applied, message: "" }
terminal=NotifyIconCompatibilityTerminal { correlation_id: "native:10800:37", host_generation: 1787222603802, icon_generation: Some(38), terminal: Applied, message: "" }
terminal=NotifyIconCompatibilityTerminal { correlation_id: "native:7616:37", host_generation: 1787222603802, icon_generation: None, terminal: InvalidRequest, message: "notify-icon-owner-or-identity-invalid" }
terminal=NotifyIconCompatibilityTerminal { correlation_id: "native:10800:39", host_generation: 1787222603802, icon_generation: Some(38), terminal: Applied, message: "" }
terminal=NotifyIconCompatibilityTerminal { correlation_id: "native:10800:39", host_generation: 1787222603802, icon_generation: Some(40), terminal: Applied, message: "" }
dwData=1 cbData=1484 bytes=2334753400000000bc03000018110300601b0000d70000002580000033000100530075007000650072004400650073006b0074006f007000200063006f006d00
dwData=1 cbData=1484 bytes=2334753404000000bc03000018110300601b0000d70000002580000033000100530075007000650072004400650073006b0074006f007000200063006f006d00
terminal=NotifyIconCompatibilityTerminal { correlation_id: "native:10800:41", host_generation: 1787222603802, icon_generation: Some(40), terminal: Applied, message: "" }
terminal=NotifyIconCompatibilityTerminal { correlation_id: "native:10800:41", host_generation: 1787222603802, icon_generation: Some(42), terminal: Applied, message: "" }
dwData=1 cbData=1484 bytes=2334753400000000bc03000018110300611b0000d70000002580000033000100530075007000650072004400650073006b0074006f007000200063006f006d00
dwData=1 cbData=1484 bytes=2334753404000000bc03000018110300611b0000d70000002580000033000100530075007000650072004400650073006b0074006f007000200063006f006d00
dwData=1 cbData=1484 bytes=2334753400000000bc030000ea020800020000000700000072170000a3010e0052007500730074004400650073006b0020002d002000315cd27d0a0031002000
dwData=1 cbData=1484 bytes=2334753402000000bc03000050090100030000000000000000000000000000000000000000000000000000000000000000000000000000000000000000000000
dwData=1 cbData=1484 bytes=2334753400000000bc030000bc06020001000000070000000008000011073800540069006d00650053006e006100700070006500720020002800410063007400
dwData=1 cbData=1484 bytes=2334753402000000bc03000092071600030000002000000000000000000000000000000000000000000000000000000000000000000000000000000000000000
dwData=1 cbData=1484 bytes=2334753400000000bc030000d2020300000000000700000000140000e9028c00450076006500720079007400680069006e006700000000000000000000000000
dwData=1 cbData=1484 bytes=2334753402000000bc030000e8020600010000000700000001040000000000000000000000000000000000000000000000000000000000000000000000000000
dwData=1 cbData=1484 bytes=2334753400000000bc030000320801000000000087000000658000004d0307006a522066134e1a4e487200000000000000000000000000000000000000000000
dwData=1 cbData=1484 bytes=2334753400000000bc030000f20305000100000087000000018000008d047b004d0075004d00750050006c006100790065007200000000000000000000000000
dwData=1 cbData=1484 bytes=2334753402000000bc0300009407080001000000a700000003040000ab091a0a4d006900630072006f0073006f00660074002000330036003500200043006f00
dwData=1 cbData=1484 bytes=2334753402000000bc030000e80a0a00030000002000000000000000000000000000000000000000000000000000000000000000000000000000000000000000
dwData=1 cbData=1484 bytes=2334753402000000bc030000a8090100010000000700000000080000e10902004d006100610041007300730069007300740061006e007400410072006b006e00
dwData=1 cbData=1484 bytes=2334753402000000bc030000ae0302008200000000000000640400003304060044006900740074006f0000000000000000000000000000000000000000000000
dwData=1 cbData=1484 bytes=2334753401000000bc030000e205030064000000ae000000000000006f108307570069006e0064006f00770073002000895b6851276020002d002000fa5e708b
dwData=1 cbData=1484 bytes=2334753400000000bc03000050090100030000000300000001800000550901000000000000000000000000000000000000000000000000000000000000000000
dwData=1 cbData=1484 bytes=2334753402000000bc0300003a080800070000000000000000000000000000000000000000000000000000000000000000000000000000000000000000000000
dwData=1 cbData=1484 bytes=2334753401000000bc03000060010100000000000700000065000000150fb801430070007500200030000a0054006300630064002000230030003a0020003400
terminal=NotifyIconCompatibilityTerminal { correlation_id: "native:18828:2", host_generation: 1787222639329, icon_generation: Some(1), terminal: Applied, message: "" }
terminal=NotifyIconCompatibilityTerminal { correlation_id: "native:27612:2", host_generation: 1787222639329, icon_generation: Some(3), terminal: NoChange, message: "" }
terminal=NotifyIconCompatibilityTerminal { correlation_id: "native:33372:4", host_generation: 1787222639329, icon_generation: Some(3), terminal: Applied, message: "" }
terminal=NotifyIconCompatibilityTerminal { correlation_id: "native:23428:4", host_generation: 1787222639329, icon_generation: Some(5), terminal: NoChange, message: "" }
terminal=NotifyIconCompatibilityTerminal { correlation_id: "native:18180:4", host_generation: 1787222639329, icon_generation: None, terminal: InvalidRequest, message: "notify-icon-owner-or-identity-invalid" }
terminal=NotifyIconCompatibilityTerminal { correlation_id: "native:14740:4", host_generation: 1787222639329, icon_generation: Some(5), terminal: NoChange, message: "" }
terminal=NotifyIconCompatibilityTerminal { correlation_id: "native:29408:4", host_generation: 1787222639329, icon_generation: None, terminal: InvalidRequest, message: "notify-icon-owner-or-identity-invalid" }
terminal=NotifyIconCompatibilityTerminal { correlation_id: "native:21628:6", host_generation: 1787222639329, icon_generation: Some(5), terminal: Applied, message: "" }
terminal=NotifyIconCompatibilityTerminal { correlation_id: "native:39188:6", host_generation: 1787222639329, icon_generation: Some(7), terminal: NoChange, message: "" }
terminal=NotifyIconCompatibilityTerminal { correlation_id: "native:31492:6", host_generation: 1787222639329, icon_generation: Some(7), terminal: NoChange, message: "" }
terminal=NotifyIconCompatibilityTerminal { correlation_id: "native:31292:6", host_generation: 1787222639329, icon_generation: Some(7), terminal: NoChange, message: "" }
terminal=NotifyIconCompatibilityTerminal { correlation_id: "native:21196:6", host_generation: 1787222639329, icon_generation: Some(7), terminal: NoChange, message: "" }
terminal=NotifyIconCompatibilityTerminal { correlation_id: "native:17868:6", host_generation: 1787222639329, icon_generation: None, terminal: InvalidRequest, message: "notify-icon-owned-invalid" }
terminal=NotifyIconCompatibilityTerminal { correlation_id: "native:27612:8", host_generation: 1787222639329, icon_generation: Some(7), terminal: Applied, message: "" }
terminal=NotifyIconCompatibilityTerminal { correlation_id: "native:30136:8", host_generation: 1787222639329, icon_generation: Some(9), terminal: NoChange, message: "" }
dwData=1 cbData=1484 bytes=2334753400000000bc03000092071600030000002300000001800000bb0602000000000000000000000000000000000000000000000000000000000000000000
dwData=1 cbData=1484 bytes=2334753404000000bc030000320801000000000087000000658000004d0307006a522066134e1a4e487200000000000000000000000000000000000000000000
dwData=1 cbData=1484 bytes=2334753400000000bc0300009407080001000000a700000003040000ab091a0a4d006900630072006f0073006f00660074002000330036003500200043006f00
dwData=1 cbData=1484 bytes=2334753400000000bc030000e80a0a000300000027000000018000008a0b26004300680061007400470050005400000000000000000000000000000000000000
dwData=1 cbData=1484 bytes=2334753400000000bc030000a8090100010000000700000000080000e10902004d006100610041007300730069007300740061006e007400410072006b006e00
dwData=1 cbData=1484 bytes=2334753400000000bc030000ae0302008200000007000000640400003304060044006900740074006f0000000000000000000000000000000000000000000000
dwData=1 cbData=1484 bytes=2334753400000000bc0300003a0808000700000003000000018000003f090e000000000000000000000000000000000000000000000000000000000000000000
dwData=1 cbData=1484 bytes=2334753401000000bc03000060010100000000000700000065000000150fb901430070007500200030000a0054006300630064002000230030003a0020003400
dwData=1 cbData=1484 bytes=2334753404000000bc0300009407080001000000a700000003040000ab091a0a4d006900630072006f0073006f00660074002000330036003500200043006f00
dwData=1 cbData=1484 bytes=2334753401000000bc03000060010100000000000700000065000000fb118e00430070007500200030000a0054006300630064002000230030003a0020003400
dwData=1 cbData=1484 bytes=2334753402000000bc03000060010100000000000700000065000000fb118e00430070007500200030000a0054006300630064002000230030003a0020003400
dwData=1 cbData=1484 bytes=2334753400000000bc030000600101001b0000000700000065000000fb11900043006f00720065002000540065006d0070002000760065007200730069006f00
dwData=1 cbData=1484 bytes=2334753401000000bc030000600101001b00000002000000650000009d02010043006f00720065002000540065006d0070002000760065007200730069006f00
dwData=1 cbData=1484 bytes=2334753401000000bc030000600101001b00000002000000650000009d02010043006f00720065002000540065006d0070002000760065007200730069006f00
dwData=snapshot-icons=41
 cbData=1484 bytes=2334753400000000bc03000060010100000000000700000065000000fb119100430070007500200030000a0054006300630064002000230030003a0020003400
dwData=1 cbData=1484 bytes=2334753402000000bc030000600101001b00000002000000650000009d02010043006f00720065002000540065006d0070002000760065007200730069006f00
dwData=1 cbData=1484 bytes=2334753400000000bc0300001403080001000000870000005480000035070a0e45007000690063002000470061006d006500730020005f55d552685600000000
dwData=1 cbData=1484 bytes=2334753401000000bc03000060010100000000000500000065000000fb119100430070007500200030000a0054006300630064002000230030003a0020003400
dwData=1 cbData=1484 bytes=2334753400000000bc030000e80206000100000007000000010400002f090a0053007400650061006d0000000000000000000000000000000000000000000000
terminal=NotifyIconCompatibilityTerminal { correlation_id: "native:7616:8", host_generation: 1787222639329, icon_generation: None, terminal: InvalidRequest, message: "notify-icon-owner-or-identity-invalid" }
terminal=NotifyIconCompatibilityTerminal { correlation_id: "native:23428:10", host_generation: 1787222639329, icon_generation: Some(9), terminal: Applied, message: "" }
terminal=NotifyIconCompatibilityTerminal { correlation_id: "native:29408:10", host_generation: 1787222639329, icon_generation: None, terminal: InvalidRequest, message: "notify-icon-owner-or-identity-invalid" }
terminal=NotifyIconCompatibilityTerminal { correlation_id: "native:39188:12", host_generation: 1787222639329, icon_generation: Some(11), terminal: Applied, message: "" }
terminal=NotifyIconCompatibilityTerminal { correlation_id: "native:31492:14", host_generation: 1787222639329, icon_generation: Some(13), terminal: Applied, message: "" }
terminal=NotifyIconCompatibilityTerminal { correlation_id: "native:31292:16", host_generation: 1787222639329, icon_generation: Some(15), terminal: Applied, message: "" }
terminal=NotifyIconCompatibilityTerminal { correlation_id: "native:21196:18", host_generation: 1787222639329, icon_generation: Some(17), terminal: Applied, message: "" }
terminal=NotifyIconCompatibilityTerminal { correlation_id: "native:30136:20", host_generation: 1787222639329, icon_generation: Some(19), terminal: Applied, message: "" }
terminal=NotifyIconCompatibilityTerminal { correlation_id: "native:39188:20", host_generation: 1787222639329, icon_generation: Some(21), terminal: Applied, message: "" }
terminal=NotifyIconCompatibilityTerminal { correlation_id: "native:7616:20", host_generation: 1787222639329, icon_generation: None, terminal: InvalidRequest, message: "notify-icon-owner-or-identity-invalid" }
terminal=NotifyIconCompatibilityTerminal { correlation_id: "native:7616:20", host_generation: 1787222639329, icon_generation: None, terminal: InvalidRequest, message: "notify-icon-copy-failed" }
terminal=NotifyIconCompatibilityTerminal { correlation_id: "native:7616:20", host_generation: 1787222639329, icon_generation: Some(21), terminal: NoChange, message: "" }
terminal=NotifyIconCompatibilityTerminal { correlation_id: "native:7616:20", host_generation: 1787222639329, icon_generation: None, terminal: InvalidRequest, message: "notify-icon-owner-or-identity-invalid" }
terminal=NotifyIconCompatibilityTerminal { correlation_id: "native:7616:20", host_generation: 1787222639329, icon_generation: Some(21), terminal: NoChange, message: "" }
terminal=NotifyIconCompatibilityTerminal { correlation_id: "native:20784:22", host_generation: 1787222639329, icon_generation: Some(21), terminal: Applied, message: "" }
terminal=NotifyIconCompatibilityTerminal { correlation_id: "native:14740:24", host_generation: 1787222639329, icon_generation: Some(23), terminal: Applied, message: "" }
snapshot-icons=12
dwData=1 cbData=1484 bytes=2334753400000000bc0300004810bf00591b0000d70000002580000033000100530075007000650072004400650073006b0074006f007000200063006f006d00
dwData=1 cbData=1484 bytes=2334753404000000bc0300004810bf00591b0000d70000002580000033000100530075007000650072004400650073006b0074006f007000200063006f006d00
dwData=1 cbData=1484 bytes=2334753400000000bc0300004810bf005a1b0000d70000002580000033000100530075007000650072004400650073006b0074006f007000200063006f006d00
dwData=1 cbData=1484 bytes=2334753404000000bc0300004810bf005a1b0000d70000002580000033000100530075007000650072004400650073006b0074006f007000200063006f006d00
dwData=1 cbData=1484 bytes=2334753400000000bc0300004810bf005b1b0000d70000002580000033000100530075007000650072004400650073006b0074006f007000200063006f006d00
dwData=1 cbData=1484 bytes=2334753404000000bc0300004810bf005b1b0000d70000002580000033000100530075007000650072004400650073006b0074006f007000200063006f006d00
dwData=1 cbData=1484 bytes=2334753404000000bc03000014030800010000000000000000000000000000000000000000000000000000000000000000000000000000000000000000000000
dwData=1 cbData=1484 bytes=2334753400000000bc0300004810bf005c1b0000d70000002580000033000100530075007000650072004400650073006b0074006f007000200063006f006d00
dwData=1 cbData=1484 bytes=2334753404000000bc0300004810bf005c1b0000d70000002580000033000100530075007000650072004400650073006b0074006f007000200063006f006d00
dwData=1 cbData=1484 bytes=2334753400000000bc0300004810bf005d1b0000d70000002580000033000100530075007000650072004400650073006b0074006f007000200063006f006d00
dwData=1 cbData=1484 bytes=2334753404000000bc0300004810bf005d1b0000d70000002580000033000100530075007000650072004400650073006b0074006f007000200063006f006d00
dwData=1 cbData=1484 bytes=2334753400000000bc0300004810bf005e1b0000d70000002580000033000100530075007000650072004400650073006b0074006f007000200063006f006d00
dwData=1 cbData=1484 bytes=2334753404000000bc0300004810bf005e1b0000d70000002580000033000100530075007000650072004400650073006b0074006f007000200063006f006d00
dwData=1 cbData=1484 bytes=2334753400000000bc0300004810bf005f1b0000d70000002580000033000100530075007000650072004400650073006b0074006f007000200063006f006d00
dwData=1 cbData=1484 bytes=2334753404000000bc0300004810bf005f1b0000d70000002580000033000100530075007000650072004400650073006b0074006f007000200063006f006d00
dwData=1 cbData=1484 bytes=2334753400000000bc0300004810bf00601b0000d70000002580000033000100530075007000650072004400650073006b0074006f007000200063006f006d00
dwData=1 cbData=1484 bytes=2334753404000000bc0300004810bf00601b0000d70000002580000033000100530075007000650072004400650073006b0074006f007000200063006f006d00
terminal=NotifyIconCompatibilityTerminal { correlation_id: "native:9164:27", host_generation: 1787222639329, icon_generation: Some(25), terminal: Applied, message: "" }
terminal=NotifyIconCompatibilityTerminal { correlation_id: "native:9164:27", host_generation: 1787222639329, icon_generation: Some(28), terminal: Applied, message: "" }
terminal=NotifyIconCompatibilityTerminal { correlation_id: "native:9164:29", host_generation: 1787222639329, icon_generation: Some(28), terminal: Applied, message: "" }
terminal=NotifyIconCompatibilityTerminal { correlation_id: "native:9164:29", host_generation: 1787222639329, icon_generation: Some(30), terminal: Applied, message: "" }
terminal=NotifyIconCompatibilityTerminal { correlation_id: "native:9164:31", host_generation: 1787222639329, icon_generation: Some(30), terminal: Applied, message: "" }
terminal=NotifyIconCompatibilityTerminal { correlation_id: "native:9164:31", host_generation: 1787222639329, icon_generation: Some(32), terminal: Applied, message: "" }
terminal=NotifyIconCompatibilityTerminal { correlation_id: "native:20784:31", host_generation: 1787222639329, icon_generation: Some(32), terminal: Applied, message: "" }
terminal=NotifyIconCompatibilityTerminal { correlation_id: "native:9164:33", host_generation: 1787222639329, icon_generation: Some(32), terminal: Applied, message: "" }
terminal=NotifyIconCompatibilityTerminal { correlation_id: "native:9164:33", host_generation: 1787222639329, icon_generation: Some(34), terminal: Applied, message: "" }
terminal=NotifyIconCompatibilityTerminal { correlation_id: "native:9164:35", host_generation: 1787222639329, icon_generation: Some(34), terminal: Applied, message: "" }
terminal=NotifyIconCompatibilityTerminal { correlation_id: "native:9164:35", host_generation: 1787222639329, icon_generation: Some(36), terminal: Applied, message: "" }
terminal=NotifyIconCompatibilityTerminal { correlation_id: "native:9164:37", host_generation: 1787222639329, icon_generation: Some(36), terminal: Applied, message: "" }
terminal=NotifyIconCompatibilityTerminal { correlation_id: "native:9164:37", host_generation: 1787222639329, icon_generation: Some(38), terminal: Applied, message: "" }
terminal=NotifyIconCompatibilityTerminal { correlation_id: "native:9164:39", host_generation: 1787222639329, icon_generation: Some(38), terminal: Applied, message: "" }
terminal=NotifyIconCompatibilityTerminal { correlation_id: "native:9164:39", host_generation: 1787222639329, icon_generation: Some(40), terminal: Applied, message: "" }
terminal=NotifyIconCompatibilityTerminal { correlation_id: "native:9164:41", host_generation: 1787222639329, icon_generation: Some(40), terminal: Applied, message: "" }
terminal=NotifyIconCompatibilityTerminal { correlation_id: "native:9164:41", host_generation: 1787222639329, icon_generation: Some(42), terminal: Applied, message: "" }
snapshot-icons=20
dwData=1 cbData=1484 bytes=2334753400000000bc0300004810bf00611b0000d70000002580000033000100530075007000650072004400650073006b0074006f007000200063006f006d00
dwData=1 cbData=1484 bytes=2334753404000000bc0300004810bf00611b0000d70000002580000033000100530075007000650072004400650073006b0074006f007000200063006f006d00
dwData=1 cbData=1484 bytes=2334753400000000bc0300004810bf00621b0000d70000002580000033000100530075007000650072004400650073006b0074006f007000200063006f006d00
dwData=1 cbData=1484 bytes=2334753404000000bc0300004810bf00621b0000d70000002580000033000100530075007000650072004400650073006b0074006f007000200063006f006d00
dwData=1 cbData=1484 bytes=2334753400000000bc0300004810bf00631b0000d70000002580000033000100530075007000650072004400650073006b0074006f007000200063006f006d00
dwData=1 cbData=1484 bytes=2334753404000000bc0300004810bf00631b0000d70000002580000033000100530075007000650072004400650073006b0074006f007000200063006f006d00
dwData=1 cbData=1484 bytes=2334753401000000bc03000060010100000000000300000065000000030fc100430070007500200030000a0054006300630064002000230030003a0020003400
dwData=1 cbData=1484 bytes=2334753401000000bc03000060010100000000000500000065000000030fc100430070007500200030000a0054006300630064002000230030003a0020003500
dwData=1 cbData=1484 bytes=2334753400000000bc0300004810bf00641b0000d70000002580000033000100530075007000650072004400650073006b0074006f007000200063006f006d00
dwData=1 cbData=1484 bytes=2334753404000000bc0300004810bf00641b0000d70000002580000033000100530075007000650072004400650073006b0074006f007000200063006f006d00
dwData=1 cbData=1484 bytes=2334753400000000bc0300004810bf00651b0000d70000002580000033000100530075007000650072004400650073006b0074006f007000200063006f006d00
dwData=1 cbData=1484 bytes=2334753404000000bc0300004810bf00651b0000d70000002580000033000100530075007000650072004400650073006b0074006f007000200063006f006d00
dwData=1 cbData=1484 bytes=2334753400000000bc0300004810bf00661b0000d70000002580000033000100530075007000650072004400650073006b0074006f007000200063006f006d00
dwData=1 cbData=1484 bytes=2334753404000000bc0300004810bf00661b0000d70000002580000033000100530075007000650072004400650073006b0074006f007000200063006f006d00
dwData=1 cbData=1484 bytes=2334753400000000bc0300004810bf00671b0000d70000002580000033000100530075007000650072004400650073006b0074006f007000200063006f006d00
dwData=1 cbData=1484 bytes=2334753404000000bc0300004810bf00671b0000d70000002580000033000100530075007000650072004400650073006b0074006f007000200063006f006d00
dwData=1 cbData=1484 bytes=2334753400000000bc0300004810bf00681b0000d70000002580000033000100530075007000650072004400650073006b0074006f007000200063006f006d00
dwData=1 cbData=1484 bytes=2334753404000000bc0300004810bf00681b0000d70000002580000033000100530075007000650072004400650073006b0074006f007000200063006f006d00
terminal=NotifyIconCompatibilityTerminal { correlation_id: "native:9164:43", host_generation: 1787222639329, icon_generation: Some(42), terminal: Applied, message: "" }
terminal=NotifyIconCompatibilityTerminal { correlation_id: "native:9164:43", host_generation: 1787222639329, icon_generation: Some(44), terminal: Applied, message: "" }
terminal=NotifyIconCompatibilityTerminal { correlation_id: "native:9164:45", host_generation: 1787222639329, icon_generation: Some(44), terminal: Applied, message: "" }
terminal=NotifyIconCompatibilityTerminal { correlation_id: "native:9164:45", host_generation: 1787222639329, icon_generation: Some(46), terminal: Applied, message: "" }
terminal=NotifyIconCompatibilityTerminal { correlation_id: "native:9164:47", host_generation: 1787222639329, icon_generation: Some(46), terminal: Applied, message: "" }
terminal=NotifyIconCompatibilityTerminal { correlation_id: "native:9164:47", host_generation: 1787222639329, icon_generation: Some(48), terminal: Applied, message: "" }
terminal=NotifyIconCompatibilityTerminal { correlation_id: "native:7616:47", host_generation: 1787222639329, icon_generation: None, terminal: InvalidRequest, message: "notify-icon-owner-or-identity-invalid" }
terminal=NotifyIconCompatibilityTerminal { correlation_id: "native:9164:49", host_generation: 1787222639329, icon_generation: Some(48), terminal: Applied, message: "" }
terminal=NotifyIconCompatibilityTerminal { correlation_id: "native:9164:49", host_generation: 1787222639329, icon_generation: Some(50), terminal: Applied, message: "" }
terminal=NotifyIconCompatibilityTerminal { correlation_id: "native:9164:51", host_generation: 1787222639329, icon_generation: Some(50), terminal: Applied, message: "" }
terminal=NotifyIconCompatibilityTerminal { correlation_id: "native:9164:51", host_generation: 1787222639329, icon_generation: Some(52), terminal: Applied, message: "" }
terminal=NotifyIconCompatibilityTerminal { correlation_id: "native:9164:53", host_generation: 1787222639329, icon_generation: Some(52), terminal: Applied, message: "" }
terminal=NotifyIconCompatibilityTerminal { correlation_id: "native:9164:53", host_generation: 1787222639329, icon_generation: Some(54), terminal: Applied, message: "" }
terminal=NotifyIconCompatibilityTerminal { correlation_id: "native:9164:55", host_generation: 1787222639329, icon_generation: Some(54), terminal: Applied, message: "" }
terminal=NotifyIconCompatibilityTerminal { correlation_id: "native:9164:55", host_generation: 1787222639329, icon_generation: Some(56), terminal: Applied, message: "" }
terminal=NotifyIconCompatibilityTerminal { correlation_id: "native:9164:57", host_generation: 1787222639329, icon_generation: Some(56), terminal: Applied, message: "" }
terminal=NotifyIconCompatibilityTerminal { correlation_id: "native:9164:57", host_generation: 1787222639329, icon_generation: Some(58), terminal: Applied, message: "" }
snapshot-icons=28
dwData=1 cbData=1484 bytes=2334753400000000bc0300004810bf00691b0000d70000002580000033000100530075007000650072004400650073006b0074006f007000200063006f006d00
dwData=1 cbData=1484 bytes=2334753404000000bc0300004810bf00691b0000d70000002580000033000100530075007000650072004400650073006b0074006f007000200063006f006d00
dwData=1 cbData=1484 bytes=2334753400000000bc0300004810bf006a1b0000d70000002580000033000100530075007000650072004400650073006b0074006f007000200063006f006d00
dwData=1 cbData=1484 bytes=2334753404000000bc0300004810bf006a1b0000d70000002580000033000100530075007000650072004400650073006b0074006f007000200063006f006d00
dwData=1 cbData=1484 bytes=2334753400000000bc0300004810bf006b1b0000d70000002580000033000100530075007000650072004400650073006b0074006f007000200063006f006d00
dwData=1 cbData=1484 bytes=2334753404000000bc0300004810bf006b1b0000d70000002580000033000100530075007000650072004400650073006b0074006f007000200063006f006d00
dwData=1 cbData=1484 bytes=2334753400000000bc0300004810bf006c1b0000d70000002580000033000100530075007000650072004400650073006b0074006f007000200063006f006d00
dwData=1 cbData=1484 bytes=2334753404000000bc0300004810bf006c1b0000d70000002580000033000100530075007000650072004400650073006b0074006f007000200063006f006d00
dwData=1 cbData=1484 bytes=2334753401000000bc0300004810bf00591b0000d70000002580000033000100530075007000650072004400650073006b0074006f007000200063006f006d00
terminal=NotifyIconCompatibilityTerminal { correlation_id: "native:9164:59", host_generation: 1787222639329, icon_generation: Some(58), terminal: Applied, message: "" }
terminal=NotifyIconCompatibilityTerminal { correlation_id: "native:9164:59", host_generation: 1787222639329, icon_generation: Some(60), terminal: Applied, message: "" }
terminal=NotifyIconCompatibilityTerminal { correlation_id: "native:9164:61", host_generation: 1787222639329, icon_generation: Some(60), terminal: Applied, message: "" }
terminal=NotifyIconCompatibilityTerminal { correlation_id: "native:9164:61", host_generation: 1787222639329, icon_generation: Some(62), terminal: Applied, message: "" }
terminal=NotifyIconCompatibilityTerminal { correlation_id: "native:9164:63", host_generation: 1787222639329, icon_generation: Some(62), terminal: Applied, message: "" }
terminal=NotifyIconCompatibilityTerminal { correlation_id: "native:9164:63", host_generation: 1787222639329, icon_generation: Some(64), terminal: Applied, message: "" }
terminal=NotifyIconCompatibilityTerminal { correlation_id: "native:9164:65", host_generation: 1787222639329, icon_generation: Some(64), terminal: Applied, message: "" }
terminal=NotifyIconCompatibilityTerminal { correlation_id: "native:9164:65", host_generation: 1787222639329, icon_generation: Some(66), terminal: Applied, message: "" }
terminal=NotifyIconCompatibilityTerminal { correlation_id: "native:9164:67", host_generation: 1787222639329, icon_generation: Some(66), terminal: Applied, message: "" }
snapshot-icons=32
dwData=1 cbData=1484 bytes=2334753401000000bc03000060010100000000000300000065000000eb0b3316430070007500200030000a0054006300630064002000230030003a0020003500
dwData=1 cbData=1484 bytes=2334753401000000bc03000060010100000000000500000065000000eb0b3316430070007500200030000a0054006300630064002000230030003a0020003400
terminal=NotifyIconCompatibilityTerminal { correlation_id: "native:7616:67", host_generation: 1787222639329, icon_generation: None, terminal: InvalidRequest, message: "notify-icon-owner-or-identity-invalid" }
snapshot-icons=32
dwData=1 cbData=1484 bytes=2334753401000000bc03000060010100000000000300000065000000a50fcf00430070007500200030000a0054006300630064002000230030003a0020003400
dwData=1 cbData=1484 bytes=2334753401000000bc03000060010100000000000500000065000000a50fcf00430070007500200030000a0054006300630064002000230030003a0020003400
terminal=NotifyIconCompatibilityTerminal { correlation_id: "native:7616:67", host_generation: 1787222639329, icon_generation: None, terminal: InvalidRequest, message: "notify-icon-owner-or-identity-invalid" }
snapshot-icons=32
snapshot-icons=32
dwData=1 cbData=1484 bytes=2334753401000000bc03000060010100000000000300000065000000f710ef05430070007500200030000a0054006300630064002000230030003a0020003400
dwData=1 cbData=1484 bytes=2334753401000000bc03000060010100000000000500000065000000f710ef05430070007500200030000a0054006300630064002000230030003a0020003400
terminal=NotifyIconCompatibilityTerminal { correlation_id: "native:7616:67", host_generation: 1787222639329, icon_generation: None, terminal: InvalidRequest, message: "notify-icon-owner-or-identity-invalid" }
snapshot-icons=32
snapshot-icons=32
dwData=1 cbData=1484 bytes=2334753401000000bc030000600101000000000003000000650000008d118300430070007500200030000a0054006300630064002000230030003a0020003400
dwData=1 cbData=1484 bytes=2334753401000000bc030000600101000000000005000000650000008d118300430070007500200030000a0054006300630064002000230030003a0020003400
terminal=NotifyIconCompatibilityTerminal { correlation_id: "native:7616:67", host_generation: 1787222639329, icon_generation: None, terminal: InvalidRequest, message: "notify-icon-owner-or-identity-invalid" }
snapshot-icons=32
dwData=1 cbData=1484 bytes=2334753401000000bc030000600101000000000005000000650000008d118300430070007500200030000a0054006300630064002000230030003a0020003500
terminal=NotifyIconCompatibilityTerminal { correlation_id: "native:7616:67", host_generation: 1787222639329, icon_generation: None, terminal: InvalidRequest, message: "notify-icon-owner-or-identity-invalid" }
snapshot-icons=32
snapshot-icons=32
dwData=1 cbData=1484 bytes=2334753401000000bc03000060010100000000000300000065000000b111b200430070007500200030000a0054006300630064002000230030003a0020003500
dwData=1 cbData=1484 bytes=2334753401000000bc03000060010100000000000500000065000000b111b200430070007500200030000a0054006300630064002000230030003a0020003500
terminal=NotifyIconCompatibilityTerminal { correlation_id: "native:7616:67", host_generation: 1787222639329, icon_generation: None, terminal: InvalidRequest, message: "notify-icon-owner-or-identity-invalid" }
snapshot-icons=32
dwData=1 cbData=1484 bytes=2334753400000000bc030000ea020800020000000700000072170000a3010e0052007500730074004400650073006b0020002d002000315cd27d0a0031002000
dwData=1 cbData=1484 bytes=2334753402000000bc03000050090100030000000000000000000000000000000000000000000000000000000000000000000000000000000000000000000000
dwData=1 cbData=1484 bytes=2334753400000000bc030000bc06020001000000070000000008000011073800540069006d00650053006e006100700070006500720020002800410063007400
dwData=1 cbData=1484 bytes=2334753402000000bc03000092071600030000002000000000000000000000000000000000000000000000000000000000000000000000000000000000000000
dwData=1 cbData=1484 bytes=2334753400000000bc030000d2020300000000000700000000140000e9028c00450076006500720079007400680069006e006700000000000000000000000000
dwData=1 cbData=1484 bytes=2334753402000000bc030000e8020600010000000700000001040000000000000000000000000000000000000000000000000000000000000000000000000000
dwData=1 cbData=1484 bytes=2334753402000000bc030000a8090100010000000700000000080000e10902004d006100610041007300730069007300740061006e007400410072006b006e00
dwData=1 cbData=1484 bytes=2334753400000000bc030000f20305000100000087000000018000008d047b004d0075004d00750050006c006100790065007200000000000000000000000000
dwData=1 cbData=1484 bytes=2334753400000000bc030000320801000000000087000000658000004d0307006a522066134e1a4e487200000000000000000000000000000000000000000000
dwData=1 cbData=1484 bytes=2334753402000000bc0300009407080001000000a700000003040000ab091a0a4d006900630072006f0073006f00660074002000330036003500200043006f00
dwData=1 cbData=1484 bytes=2334753402000000bc030000e80a0a00030000002000000000000000000000000000000000000000000000000000000000000000000000000000000000000000
dwData=1 cbData=1484 bytes=2334753402000000bc030000ae0302008200000000000000640400003304060044006900740074006f0000000000000000000000000000000000000000000000
dwData=1 cbData=1484 bytes=2334753401000000bc030000e205030064000000ae0000000000000093105f0a570069006e0064006f00770073002000895b6851276020002d002000fa5e708b
dwData=1 cbData=1484 bytes=2334753400000000bc03000050090100030000000300000001800000550901000000000000000000000000000000000000000000000000000000000000000000
dwData=1 cbData=1484 bytes=2334753402000000bc0300003a080800070000000000000000000000000000000000000000000000000000000000000000000000000000000000000000000000
dwData=1 cbData=1484 bytes=2334753401000000bc03000060010100000000000700000065000000bb04232a430070007500200030000a0054006300630064002000230030003a0020003400
dwData=1 cbData=1484 bytes=2334753400000000bc03000092071600030000002300000001800000bb0602000000000000000000000000000000000000000000000000000000000000000000
dwData=1 cbData=1484 bytes=2334753400000000bc030000a8090100010000000700000000080000e10902004d006100610041007300730069007300740061006e007400410072006b006e00
dwData=1 cbData=1484 bytes=2334753404000000bc030000320801000000000087000000658000004d0307006a522066134e1a4e487200000000000000000000000000000000000000000000
dwData=1 cbData=1484 bytes=2334753400000000bc0300009407080001000000a700000003040000ab091a0a4d006900630072006f0073006f00660074002000330036003500200043006f00
dwData=1 cbData=1484 bytes=2334753400000000bc030000e80a0a000300000027000000018000008a0b26004300680061007400470050005400000000000000000000000000000000000000
dwData=1 cbData=1484 bytes=2334753400000000bc030000ae0302008200000007000000640400003304060044006900740074006f0000000000000000000000000000000000000000000000
dwData=1 cbData=1484 bytes=2334753400000000bc0300003a0808000700000003000000018000003f090e000000000000000000000000000000000000000000000000000000000000000000
dwData=1 cbData=1484 bytes=2334753401000000bc03000060010100000000000700000065000000bb04242a430070007500200030000a0054006300630064002000230030003a0020003400
dwData=1 cbData=1484 bytes=2334753404000000bc0300009407080001000000a700000003040000ab091a0a4d006900630072006f0073006f00660074002000330036003500200043006f00
dwData=1 cbData=1484 bytes=2334753401000000bc0300006001010000000000070000006500000099118000430070007500200030000a0054006300630064002000230030003a0020003400
dwData=1 cbData=1484 bytes=2334753402000000bc0300006001010000000000070000006500000099118000430070007500200030000a0054006300630064002000230030003a0020003400
terminal=NotifyIconCompatibilityTerminal { correlation_id: "native:18828:2", host_generation: 1787222697559, icon_generation: Some(1), terminal: Applied, message: "" }
terminal=NotifyIconCompatibilityTerminal { correlation_id: "native:27612:2", host_generation: 1787222697559, icon_generation: Some(3), terminal: NoChange, message: "" }
terminal=NotifyIconCompatibilityTerminal { correlation_id: "native:33372:4", host_generation: 1787222697559, icon_generation: Some(3), terminal: Applied, message: "" }
terminal=NotifyIconCompatibilityTerminal { correlation_id: "native:23428:4", host_generation: 1787222697559, icon_generation: Some(5), terminal: NoChange, message: "" }
terminal=NotifyIconCompatibilityTerminal { correlation_id: "native:18180:4", host_generation: 1787222697559, icon_generation: None, terminal: InvalidRequest, message: "notify-icon-owner-or-identity-invalid" }
terminal=NotifyIconCompatibilityTerminal { correlation_id: "native:14740:4", host_generation: 1787222697559, icon_generation: Some(5), terminal: NoChange, message: "" }
terminal=NotifyIconCompatibilityTerminal { correlation_id: "native:31292:4", host_generation: 1787222697559, icon_generation: Some(5), terminal: NoChange, message: "" }
terminal=NotifyIconCompatibilityTerminal { correlation_id: "native:21628:6", host_generation: 1787222697559, icon_generation: Some(5), terminal: Applied, message: "" }
terminal=NotifyIconCompatibilityTerminal { correlation_id: "native:29408:6", host_generation: 1787222697559, icon_generation: None, terminal: InvalidRequest, message: "notify-icon-owner-or-identity-invalid" }
terminal=NotifyIconCompatibilityTerminal { correlation_id: "native:39188:6", host_generation: 1787222697559, icon_generation: Some(7), terminal: NoChange, message: "" }
terminal=NotifyIconCompatibilityTerminal { correlation_id: "native:31492:6", host_generation: 1787222697559, icon_generation: Some(7), terminal: NoChange, message: "" }
terminal=NotifyIconCompatibilityTerminal { correlation_id: "native:21196:6", host_generation: 1787222697559, icon_generation: Some(7), terminal: NoChange, message: "" }
terminal=NotifyIconCompatibilityTerminal { correlation_id: "native:17868:6", host_generation: 1787222697559, icon_generation: None, terminal: InvalidRequest, message: "notify-icon-owned-invalid" }
terminal=NotifyIconCompatibilityTerminal { correlation_id: "native:27612:8", host_generation: 1787222697559, icon_generation: Some(7), terminal: Applied, message: "" }
terminal=NotifyIconCompatibilityTerminal { correlation_id: "native:30136:8", host_generation: 1787222697559, icon_generation: Some(9), terminal: NoChange, message: "" }
terminal=NotifyIconCompatibilityTerminal { correlation_id: "native:7616:8", host_generation: 1787222697559, icon_generation: None, terminal: InvalidRequest, message: "notify-icon-owner-or-identity-invalid" }
terminal=NotifyIconCompatibilityTerminal { correlation_id: "native:23428:10", host_generation: 1787222697559, icon_generation: Some(9), terminal: Applied, message: "" }
terminal=NotifyIconCompatibilityTerminal { correlation_id: "native:31292:12", host_generation: 1787222697559, icon_generation: Some(11), terminal: Applied, message: "" }
terminal=NotifyIconCompatibilityTerminal { correlation_id: "native:29408:12", host_generation: 1787222697559, icon_generation: None, terminal: InvalidRequest, message: "notify-icon-owner-or-identity-invalid" }
terminal=NotifyIconCompatibilityTerminal { correlation_id: "native:39188:14", host_generation: 1787222697559, icon_generation: Some(13), terminal: Applied, message: "" }
terminal=NotifyIconCompatibilityTerminal { correlation_id: "native:31492:16", host_generation: 1787222697559, icon_generation: Some(15), terminal: Applied, message: "" }
terminal=NotifyIconCompatibilityTerminal { correlation_id: "native:21196:18", host_generation: 1787222697559, icon_generation: Some(17), terminal: Applied, message: "" }
terminal=NotifyIconCompatibilityTerminal { correlation_id: "native:30136:20", host_generation: 1787222697559, icon_generation: Some(19), terminal: Applied, message: "" }
terminal=NotifyIconCompatibilityTerminal { correlation_id: "native:39188:20", host_generation: 1787222697559, icon_generation: Some(21), terminal: Applied, message: "" }
dwData=1 cbData=1484 bytes=2334753400000000bc030000600101001b00000007000000650000009911830043006f00720065002000540065006d0070002000760065007200730069006f00
dwData=1 cbData=1484 bytes=2334753401000000bc030000600101001b00000002000000650000009d02010043006f00720065002000540065006d0070002000760065007200730069006f00
dwData=1 cbData=1484 bytes=2334753401000000bc030000600101001b00000002000000650000009d02010043006f00720065002000540065006d0070002000760065007200730069006f00
dwData=1 cbData=1484 bytes=2334753400000000bc03000060010100000000000700000065000000930fa713430070007500200030000a0054006300630064002000230030003a0020003400
dwData=1 cbData=1484 bytes=2334753402000000bc030000600101001b00000002000000650000009d02010043006f00720065002000540065006d0070002000760065007200730069006f00
snapshot-icons=10
dwData=1 cbData=1484 bytes=2334753400000000bc0300001403080001000000870000005480000035070a0e45007000690063002000470061006d006500730020005f55d552685600000000
dwData=1 cbData=1484 bytes=2334753401000000bc03000060010100000000000300000065000000b10ea700430070007500200030000a0054006300630064002000230030003a0020003400
dwData=1 cbData=1484 bytes=2334753401000000bc03000060010100000000000500000065000000b10ea700430070007500200030000a0054006300630064002000230030003a0020003400
dwData=1 cbData=1484 bytes=2334753400000000bc030000cc0f2200591b0000d70000002580000033000100530075007000650072004400650073006b0074006f007000200063006f006d00
dwData=1 cbData=1484 bytes=2334753404000000bc030000cc0f2200591b0000d70000002580000033000100530075007000650072004400650073006b0074006f007000200063006f006d00
dwData=1 cbData=1484 bytes=2334753400000000bc030000cc0f22005a1b0000d70000002580000033000100530075007000650072004400650073006b0074006f007000200063006f006d00
dwData=1 cbData=1484 bytes=2334753404000000bc030000cc0f22005a1b0000d70000002580000033000100530075007000650072004400650073006b0074006f007000200063006f006d00
terminal=NotifyIconCompatibilityTerminal { correlation_id: "native:7616:20", host_generation: 1787222697559, icon_generation: None, terminal: InvalidRequest, message: "notify-icon-owner-or-identity-invalid" }
terminal=NotifyIconCompatibilityTerminal { correlation_id: "native:7616:20", host_generation: 1787222697559, icon_generation: None, terminal: InvalidRequest, message: "notify-icon-copy-failed" }
terminal=NotifyIconCompatibilityTerminal { correlation_id: "native:7616:20", host_generation: 1787222697559, icon_generation: Some(21), terminal: NoChange, message: "" }
terminal=NotifyIconCompatibilityTerminal { correlation_id: "native:7616:20", host_generation: 1787222697559, icon_generation: None, terminal: InvalidRequest, message: "notify-icon-owner-or-identity-invalid" }
terminal=NotifyIconCompatibilityTerminal { correlation_id: "native:7616:20", host_generation: 1787222697559, icon_generation: Some(21), terminal: NoChange, message: "" }
terminal=NotifyIconCompatibilityTerminal { correlation_id: "native:20784:22", host_generation: 1787222697559, icon_generation: Some(21), terminal: Applied, message: "" }
terminal=NotifyIconCompatibilityTerminal { correlation_id: "native:7616:22", host_generation: 1787222697559, icon_generation: None, terminal: InvalidRequest, message: "notify-icon-owner-or-identity-invalid" }
terminal=NotifyIconCompatibilityTerminal { correlation_id: "native:45328:25", host_generation: 1787222697559, icon_generation: Some(23), terminal: Applied, message: "" }
terminal=NotifyIconCompatibilityTerminal { correlation_id: "native:45328:25", host_generation: 1787222697559, icon_generation: Some(26), terminal: Applied, message: "" }
terminal=NotifyIconCompatibilityTerminal { correlation_id: "native:45328:27", host_generation: 1787222697559, icon_generation: Some(26), terminal: Applied, message: "" }
terminal=NotifyIconCompatibilityTerminal { correlation_id: "native:45328:27", host_generation: 1787222697559, icon_generation: Some(28), terminal: Applied, message: "" }
snapshot-icons=13
dwData=1 cbData=1484 bytes=2334753400000000bc030000cc0f22005b1b0000d70000002580000033000100530075007000650072004400650073006b0074006f007000200063006f006d00
dwData=1 cbData=1484 bytes=2334753404000000bc030000cc0f22005b1b0000d70000002580000033000100530075007000650072004400650073006b0074006f007000200063006f006d00
dwData=1 cbData=1484 bytes=2334753400000000bc030000cc0f22005c1b0000d70000002580000033000100530075007000650072004400650073006b0074006f007000200063006f006d00
dwData=1 cbData=1484 bytes=2334753404000000bc030000cc0f22005c1b0000d70000002580000033000100530075007000650072004400650073006b0074006f007000200063006f006d00
dwData=1 cbData=1484 bytes=2334753400000000bc030000cc0f22005d1b0000d70000002580000033000100530075007000650072004400650073006b0074006f007000200063006f006d00
dwData=1 cbData=1484 bytes=2334753404000000bc030000cc0f22005d1b0000d70000002580000033000100530075007000650072004400650073006b0074006f007000200063006f006d00
dwData=1 cbData=1484 bytes=2334753404000000bc03000014030800010000000000000000000000000000000000000000000000000000000000000000000000000000000000000000000000
dwData=1 cbData=1484 bytes=2334753400000000bc030000cc0f22005e1b0000d70000002580000033000100530075007000650072004400650073006b0074006f007000200063006f006d00
dwData=1 cbData=1484 bytes=2334753404000000bc030000cc0f22005e1b0000d70000002580000033000100530075007000650072004400650073006b0074006f007000200063006f006d00
dwData=1 cbData=1484 bytes=2334753400000000bc030000cc0f22005f1b0000d70000002580000033000100530075007000650072004400650073006b0074006f007000200063006f006d00
dwData=1 cbData=1484 bytes=2334753404000000bc030000cc0f22005f1b0000d70000002580000033000100530075007000650072004400650073006b0074006f007000200063006f006d00
dwData=1 cbData=1484 bytes=2334753400000000bc030000cc0f2200601b0000d70000002580000033000100530075007000650072004400650073006b0074006f007000200063006f006d00
dwData=1 cbData=1484 bytes=2334753404000000bc030000cc0f2200601b0000d70000002580000033000100530075007000650072004400650073006b0074006f007000200063006f006d00
dwData=1 cbData=1484 bytes=2334753400000000bc030000cc0f2200611b0000d70000002580000033000100530075007000650072004400650073006b0074006f007000200063006f006d00
dwData=1 cbData=1484 bytes=2334753404000000bc030000cc0f2200611b0000d70000002580000033000100530075007000650072004400650073006b0074006f007000200063006f006d00
dwData=1 cbData=1484 bytes=2334753400000000bc030000cc0f2200621b0000d70000002580000033000100530075007000650072004400650073006b0074006f007000200063006f006d00
dwData=1 cbData=1484 bytes=2334753404000000bc030000cc0f2200621b0000d70000002580000033000100530075007000650072004400650073006b0074006f007000200063006f006d00
terminal=NotifyIconCompatibilityTerminal { correlation_id: "native:45328:29", host_generation: 1787222697559, icon_generation: Some(28), terminal: Applied, message: "" }
terminal=NotifyIconCompatibilityTerminal { correlation_id: "native:45328:29", host_generation: 1787222697559, icon_generation: Some(30), terminal: Applied, message: "" }
terminal=NotifyIconCompatibilityTerminal { correlation_id: "native:45328:31", host_generation: 1787222697559, icon_generation: Some(30), terminal: Applied, message: "" }
terminal=NotifyIconCompatibilityTerminal { correlation_id: "native:45328:31", host_generation: 1787222697559, icon_generation: Some(32), terminal: Applied, message: "" }
terminal=NotifyIconCompatibilityTerminal { correlation_id: "native:45328:33", host_generation: 1787222697559, icon_generation: Some(32), terminal: Applied, message: "" }
terminal=NotifyIconCompatibilityTerminal { correlation_id: "native:45328:33", host_generation: 1787222697559, icon_generation: Some(34), terminal: Applied, message: "" }
terminal=NotifyIconCompatibilityTerminal { correlation_id: "native:20784:33", host_generation: 1787222697559, icon_generation: Some(34), terminal: Applied, message: "" }
terminal=NotifyIconCompatibilityTerminal { correlation_id: "native:45328:35", host_generation: 1787222697559, icon_generation: Some(34), terminal: Applied, message: "" }
terminal=NotifyIconCompatibilityTerminal { correlation_id: "native:45328:35", host_generation: 1787222697559, icon_generation: Some(36), terminal: Applied, message: "" }
terminal=NotifyIconCompatibilityTerminal { correlation_id: "native:45328:37", host_generation: 1787222697559, icon_generation: Some(36), terminal: Applied, message: "" }
terminal=NotifyIconCompatibilityTerminal { correlation_id: "native:45328:37", host_generation: 1787222697559, icon_generation: Some(38), terminal: Applied, message: "" }
terminal=NotifyIconCompatibilityTerminal { correlation_id: "native:45328:39", host_generation: 1787222697559, icon_generation: Some(38), terminal: Applied, message: "" }
terminal=NotifyIconCompatibilityTerminal { correlation_id: "native:45328:39", host_generation: 1787222697559, icon_generation: Some(40), terminal: Applied, message: "" }
terminal=NotifyIconCompatibilityTerminal { correlation_id: "native:45328:41", host_generation: 1787222697559, icon_generation: Some(40), terminal: Applied, message: "" }
terminal=NotifyIconCompatibilityTerminal { correlation_id: "native:45328:41", host_generation: 1787222697559, icon_generation: Some(42), terminal: Applied, message: "" }
terminal=NotifyIconCompatibilityTerminal { correlation_id: "native:45328:43", host_generation: 1787222697559, icon_generation: Some(42), terminal: Applied, message: "" }
terminal=NotifyIconCompatibilityTerminal { correlation_id: "native:45328:43", host_generation: 1787222697559, icon_generation: Some(44), terminal: Applied, message: "" }
snapshot-icons=21
dwData=1 cbData=1484 bytes=2334753401000000bc03000060010100000000000300000065000000ed02321c430070007500200030000a0054006300630064002000230030003a0020003400
dwData=1 cbData=1484 bytes=2334753401000000bc03000060010100000000000500000065000000ed02321c430070007500200030000a0054006300630064002000230030003a0020003400
dwData=1 cbData=1484 bytes=2334753400000000bc030000cc0f2200631b0000d70000002580000033000100530075007000650072004400650073006b0074006f007000200063006f006d00
dwData=1 cbData=1484 bytes=2334753404000000bc030000cc0f2200631b0000d70000002580000033000100530075007000650072004400650073006b0074006f007000200063006f006d00
dwData=1 cbData=1484 bytes=2334753400000000bc030000cc0f2200641b0000d70000002580000033000100530075007000650072004400650073006b0074006f007000200063006f006d00
dwData=1 cbData=1484 bytes=2334753404000000bc030000cc0f2200641b0000d70000002580000033000100530075007000650072004400650073006b0074006f007000200063006f006d00
dwData=1 cbData=1484 bytes=2334753400000000bc030000cc0f2200651b0000d70000002580000033000100530075007000650072004400650073006b0074006f007000200063006f006d00
dwData=1 cbData=1484 bytes=2334753404000000bc030000cc0f2200651b0000d70000002580000033000100530075007000650072004400650073006b0074006f007000200063006f006d00
dwData=1 cbData=1484 bytes=2334753400000000bc030000cc0f2200661b0000d70000002580000033000100530075007000650072004400650073006b0074006f007000200063006f006d00
dwData=1 cbData=1484 bytes=2334753404000000bc030000cc0f2200661b0000d70000002580000033000100530075007000650072004400650073006b0074006f007000200063006f006d00
dwData=1 cbData=1484 bytes=2334753400000000bc030000cc0f2200671b0000d70000002580000033000100530075007000650072004400650073006b0074006f007000200063006f006d00
dwData=1 cbData=1484 bytes=2334753404000000bc030000cc0f2200671b0000d70000002580000033000100530075007000650072004400650073006b0074006f007000200063006f006d00
dwData=1 cbData=1484 bytes=2334753400000000bc030000cc0f2200681b0000d70000002580000033000100530075007000650072004400650073006b0074006f007000200063006f006d00
dwData=1 cbData=1484 bytes=2334753404000000bc030000cc0f2200681b0000d70000002580000033000100530075007000650072004400650073006b0074006f007000200063006f006d00
dwData=1 cbData=1484 bytes=2334753400000000bc030000cc0f2200691b0000d70000002580000033000100530075007000650072004400650073006b0074006f007000200063006f006d00
dwData=1 cbData=1484 bytes=2334753404000000bc030000cc0f2200691b0000d70000002580000033000100530075007000650072004400650073006b0074006f007000200063006f006d00
terminal=NotifyIconCompatibilityTerminal { correlation_id: "native:7616:43", host_generation: 1787222697559, icon_generation: None, terminal: InvalidRequest, message: "notify-icon-owner-or-identity-invalid" }
terminal=NotifyIconCompatibilityTerminal { correlation_id: "native:45328:45", host_generation: 1787222697559, icon_generation: Some(44), terminal: Applied, message: "" }
terminal=NotifyIconCompatibilityTerminal { correlation_id: "native:45328:45", host_generation: 1787222697559, icon_generation: Some(46), terminal: Applied, message: "" }
terminal=NotifyIconCompatibilityTerminal { correlation_id: "native:45328:47", host_generation: 1787222697559, icon_generation: Some(46), terminal: Applied, message: "" }
terminal=NotifyIconCompatibilityTerminal { correlation_id: "native:45328:47", host_generation: 1787222697559, icon_generation: Some(48), terminal: Applied, message: "" }
terminal=NotifyIconCompatibilityTerminal { correlation_id: "native:45328:49", host_generation: 1787222697559, icon_generation: Some(48), terminal: Applied, message: "" }
terminal=NotifyIconCompatibilityTerminal { correlation_id: "native:45328:49", host_generation: 1787222697559, icon_generation: Some(50), terminal: Applied, message: "" }
terminal=NotifyIconCompatibilityTerminal { correlation_id: "native:45328:51", host_generation: 1787222697559, icon_generation: Some(50), terminal: Applied, message: "" }
terminal=NotifyIconCompatibilityTerminal { correlation_id: "native:45328:51", host_generation: 1787222697559, icon_generation: Some(52), terminal: Applied, message: "" }
terminal=NotifyIconCompatibilityTerminal { correlation_id: "native:45328:53", host_generation: 1787222697559, icon_generation: Some(52), terminal: Applied, message: "" }
terminal=NotifyIconCompatibilityTerminal { correlation_id: "native:45328:53", host_generation: 1787222697559, icon_generation: Some(54), terminal: Applied, message: "" }
terminal=NotifyIconCompatibilityTerminal { correlation_id: "native:45328:55", host_generation: 1787222697559, icon_generation: Some(54), terminal: Applied, message: "" }
terminal=NotifyIconCompatibilityTerminal { correlation_id: "native:45328:55", host_generation: 1787222697559, icon_generation: Some(56), terminal: Applied, message: "" }
terminal=NotifyIconCompatibilityTerminal { correlation_id: "native:45328:57", host_generation: 1787222697559, icon_generation: Some(56), terminal: Applied, message: "" }
terminal=NotifyIconCompatibilityTerminal { correlation_id: "native:45328:57", host_generation: 1787222697559, icon_generation: Some(58), terminal: Applied, message: "" }
snapshot-icons=28
dwData=1 cbData=1484 bytes=2334753400000000bc030000cc0f22006a1b0000d70000002580000033000100530075007000650072004400650073006b0074006f007000200063006f006d00
dwData=1 cbData=1484 bytes=2334753404000000bc030000cc0f22006a1b0000d70000002580000033000100530075007000650072004400650073006b0074006f007000200063006f006d00
dwData=1 cbData=1484 bytes=2334753400000000bc030000cc0f22006b1b0000d70000002580000033000100530075007000650072004400650073006b0074006f007000200063006f006d00
dwData=1 cbData=1484 bytes=2334753404000000bc030000cc0f22006b1b0000d70000002580000033000100530075007000650072004400650073006b0074006f007000200063006f006d00
dwData=1 cbData=1484 bytes=2334753400000000bc030000cc0f22006c1b0000d70000002580000033000100530075007000650072004400650073006b0074006f007000200063006f006d00
dwData=1 cbData=1484 bytes=2334753404000000bc030000cc0f22006c1b0000d70000002580000033000100530075007000650072004400650073006b0074006f007000200063006f006d00
dwData=1 cbData=1484 bytes=2334753401000000bc030000cc0f2200591b0000d70000002580000033000100530075007000650072004400650073006b0074006f007000200063006f006d00
dwData=1 cbData=1484 bytes=2334753401000000bc03000060010100000000000300000065000000d10f2e1e430070007500200030000a0054006300630064002000230030003a0020003400
dwData=1 cbData=1484 bytes=2334753401000000bc03000060010100000000000500000065000000d10f2e1e430070007500200030000a0054006300630064002000230030003a0020003500
dwData=1 cbData=1484 bytes=2334753400000000bc030000e80206000100000007000000010400002f090a0053007400650061006d0000000000000000000000000000000000000000000000
terminal=NotifyIconCompatibilityTerminal { correlation_id: "native:45328:59", host_generation: 1787222697559, icon_generation: Some(58), terminal: Applied, message: "" }
terminal=NotifyIconCompatibilityTerminal { correlation_id: "native:45328:59", host_generation: 1787222697559, icon_generation: Some(60), terminal: Applied, message: "" }
terminal=NotifyIconCompatibilityTerminal { correlation_id: "native:45328:61", host_generation: 1787222697559, icon_generation: Some(60), terminal: Applied, message: "" }
terminal=NotifyIconCompatibilityTerminal { correlation_id: "native:45328:61", host_generation: 1787222697559, icon_generation: Some(62), terminal: Applied, message: "" }
terminal=NotifyIconCompatibilityTerminal { correlation_id: "native:45328:63", host_generation: 1787222697559, icon_generation: Some(62), terminal: Applied, message: "" }
terminal=NotifyIconCompatibilityTerminal { correlation_id: "native:45328:63", host_generation: 1787222697559, icon_generation: Some(64), terminal: Applied, message: "" }
terminal=NotifyIconCompatibilityTerminal { correlation_id: "native:45328:65", host_generation: 1787222697559, icon_generation: Some(64), terminal: Applied, message: "" }
terminal=NotifyIconCompatibilityTerminal { correlation_id: "native:7616:65", host_generation: 1787222697559, icon_generation: None, terminal: InvalidRequest, message: "notify-icon-owner-or-identity-invalid" }
terminal=NotifyIconCompatibilityTerminal { correlation_id: "native:14740:67", host_generation: 1787222697559, icon_generation: Some(66), terminal: Applied, message: "" }
snapshot-icons=32
snapshot-icons=32
dwData=1 cbData=1484 bytes=2334753401000000bc03000060010100000000000300000065000000f90e5300430070007500200030000a0054006300630064002000230030003a0020003500
dwData=1 cbData=1484 bytes=2334753401000000bc03000060010100000000000500000065000000f90e5300430070007500200030000a0054006300630064002000230030003a0020003600
terminal=NotifyIconCompatibilityTerminal { correlation_id: "native:7616:67", host_generation: 1787222697559, icon_generation: None, terminal: InvalidRequest, message: "notify-icon-owner-or-identity-invalid" }
snapshot-icons=32
snapshot-icons=32
dwData=1 cbData=1484 bytes=2334753401000000bc03000060010100000000000300000065000000e111c901430070007500200030000a0054006300630064002000230030003a0020003600
dwData=1 cbData=1484 bytes=2334753401000000bc03000060010100000000000500000065000000e111c901430070007500200030000a0054006300630064002000230030003a0020003500
terminal=NotifyIconCompatibilityTerminal { correlation_id: "native:7616:67", host_generation: 1787222697559, icon_generation: None, terminal: InvalidRequest, message: "notify-icon-owner-or-identity-invalid" }
snapshot-icons=32
dwData=1 cbData=1484 bytes=2334753401000000bc03000060010100000000000300000065000000710f1e14430070007500200030000a0054006300630064002000230030003a0020003500
dwData=1 cbData=1484 bytes=2334753401000000bc03000060010100000000000500000065000000710f1e14430070007500200030000a0054006300630064002000230030003a0020003500
terminal=NotifyIconCompatibilityTerminal { correlation_id: "native:7616:67", host_generation: 1787222697559, icon_generation: None, terminal: InvalidRequest, message: "notify-icon-owner-or-identity-invalid" }
snapshot-icons=32
snapshot-icons=32
dwData=1 cbData=1484 bytes=2334753401000000bc030000600101000000000003000000650000005a0e1c00430070007500200030000a0054006300630064002000230030003a0020003500
dwData=1 cbData=1484 bytes=2334753401000000bc030000600101000000000005000000650000005a0e1c00430070007500200030000a0054006300630064002000230030003a0020003400
terminal=NotifyIconCompatibilityTerminal { correlation_id: "native:7616:67", host_generation: 1787222697559, icon_generation: None, terminal: InvalidRequest, message: "notify-icon-owner-or-identity-invalid" }
snapshot-icons=32
dwData=1 cbData=1484 bytes=2334753401000000bc030000600101000000000003000000650000003c110800430070007500200030000a0054006300630064002000230030003a0020003400
dwData=1 cbData=1484 bytes=2334753401000000bc030000600101000000000005000000650000003c110800430070007500200030000a0054006300630064002000230030003a0020003500
dwData=1 cbData=1484 bytes=2334753400000000bc030000c4107e00000000008f00000065800000a01106000000000000000000000000000000000000000000000000000000000000000000
dwData=1 cbData=1484 bytes=2334753404000000bc030000c4107e00000000008f00000065800000a01106000000000000000000000000000000000000000000000000000000000000000000
dwData=1 cbData=1484 bytes=2334753401000000bc030000c4107e00000000008f00000065800000a01106000000000000000000000000000000000000000000000000000000000000000000
terminal=NotifyIconCompatibilityTerminal { correlation_id: "native:7616:67", host_generation: 1787222697559, icon_generation: None, terminal: InvalidRequest, message: "notify-icon-owner-or-identity-invalid" }
terminal=NotifyIconCompatibilityTerminal { correlation_id: "native:15400:67", host_generation: 1787222697559, icon_generation: None, terminal: InvalidRequest, message: "notify-icon-owner-or-identity-invalid" }
terminal=NotifyIconCompatibilityTerminal { correlation_id: "native:15400:67", host_generation: 1787222697559, icon_generation: None, terminal: InvalidRequest, message: "notify-icon-owner-or-identity-invalid" }
terminal=NotifyIconCompatibilityTerminal { correlation_id: "native:15400:67", host_generation: 1787222697559, icon_generation: None, terminal: InvalidRequest, message: "notify-icon-owner-or-identity-invalid" }
snapshot-icons=32
dwData=1 cbData=1484 bytes=2334753401000000bc030000c4107e00000000008f00000065800000a0110600b06548722c670b4e7d8f2d4e200030004d0042002f0030004d00420028003000
terminal=NotifyIconCompatibilityTerminal { correlation_id: "native:15400:67", host_generation: 1787222697559, icon_generation: None, terminal: InvalidRequest, message: "notify-icon-owner-or-identity-invalid" }
snapshot-icons=32
dwData=1 cbData=1484 bytes=2334753401000000bc030000600101000000000003000000650000003410fa01430070007500200030000a0054006300630064002000230030003a0020003500
dwData=1 cbData=1484 bytes=2334753401000000bc030000600101000000000005000000650000003410fa01430070007500200030000a0054006300630064002000230030003a0020003500
dwData=1 cbData=1484 bytes=2334753401000000bc030000c4107e00000000008f00000065800000a0110600b06548722c670b4e7d8f2d4e200030002e00310031004d0042002f0035003800
terminal=NotifyIconCompatibilityTerminal { correlation_id: "native:7616:67", host_generation: 1787222697559, icon_generation: None, terminal: InvalidRequest, message: "notify-icon-owner-or-identity-invalid" }
terminal=NotifyIconCompatibilityTerminal { correlation_id: "native:15400:67", host_generation: 1787222697559, icon_generation: None, terminal: InvalidRequest, message: "notify-icon-owner-or-identity-invalid" }
snapshot-icons=32
snapshot-icons=32
dwData=1 cbData=1484 bytes=2334753401000000bc030000600101000000000005000000650000003410fa01430070007500200030000a0054006300630064002000230030003a0020003500
dwData=1 cbData=1484 bytes=2334753401000000bc030000c4107e00000000008f00000065800000a0110600b06548722c670b4e7d8f2d4e200032002e00300039004d0042002f0035003800
terminal=NotifyIconCompatibilityTerminal { correlation_id: "native:7616:67", host_generation: 1787222697559, icon_generation: None, terminal: InvalidRequest, message: "notify-icon-owner-or-identity-invalid" }
terminal=NotifyIconCompatibilityTerminal { correlation_id: "native:15400:67", host_generation: 1787222697559, icon_generation: None, terminal: InvalidRequest, message: "notify-icon-owner-or-identity-invalid" }
snapshot-icons=32
dwData=1 cbData=1484 bytes=2334753401000000bc030000600101000000000003000000650000003e0edd01430070007500200030000a0054006300630064002000230030003a0020003500
dwData=1 cbData=1484 bytes=2334753401000000bc030000600101000000000005000000650000003e0edd01430070007500200030000a0054006300630064002000230030003a0020003400
terminal=NotifyIconCompatibilityTerminal { correlation_id: "native:7616:67", host_generation: 1787222697559, icon_generation: None, terminal: InvalidRequest, message: "notify-icon-owner-or-identity-invalid" }
snapshot-icons=32
dwData=1 cbData=1484 bytes=2334753401000000bc030000c4107e00000000008f00000065800000a0110600b06548722c670b4e7d8f2d4e200037002e00320034004d0042002f0035003800
terminal=NotifyIconCompatibilityTerminal { correlation_id: "native:15400:67", host_generation: 1787222697559, icon_generation: None, terminal: InvalidRequest, message: "notify-icon-owner-or-identity-invalid" }
snapshot-icons=32
dwData=1 cbData=1484 bytes=2334753401000000bc03000060010100000000000300000065000000ed037800430070007500200030000a0054006300630064002000230030003a0020003400
dwData=1 cbData=1484 bytes=2334753401000000bc03000060010100000000000500000065000000ed037800430070007500200030000a0054006300630064002000230030003a0020003500
dwData=1 cbData=1484 bytes=2334753401000000bc030000c4107e00000000008f00000065800000a0110600b06548722c670b4e7d8f2d4e2000320030002e00350038004d0042002f003500
terminal=NotifyIconCompatibilityTerminal { correlation_id: "native:7616:67", host_generation: 1787222697559, icon_generation: None, terminal: InvalidRequest, message: "notify-icon-owner-or-identity-invalid" }
terminal=NotifyIconCompatibilityTerminal { correlation_id: "native:15400:67", host_generation: 1787222697559, icon_generation: None, terminal: InvalidRequest, message: "notify-icon-owner-or-identity-invalid" }
snapshot-icons=32
dwData=1 cbData=1484 bytes=2334753401000000bc03000060010100000000000300000065000000c2051600430070007500200030000a0054006300630064002000230030003a0020003500
dwData=1 cbData=1484 bytes=2334753401000000bc03000060010100000000000500000065000000c2051600430070007500200030000a0054006300630064002000230030003a0020003500
terminal=NotifyIconCompatibilityTerminal { correlation_id: "native:7616:67", host_generation: 1787222697559, icon_generation: None, terminal: InvalidRequest, message: "notify-icon-owner-or-identity-invalid" }
snapshot-icons=32
dwData=1 cbData=1484 bytes=2334753401000000bc030000c4107e00000000008f00000065800000a0110600b06548722c670b4e7d8f2d4e2000330034002e00300033004d0042002f003500
terminal=NotifyIconCompatibilityTerminal { correlation_id: "native:15400:67", host_generation: 1787222697559, icon_generation: None, terminal: InvalidRequest, message: "notify-icon-owner-or-identity-invalid" }
snapshot-icons=32
dwData=1 cbData=1484 bytes=2334753401000000bc0300006001010000000000030000006500000022058e00430070007500200030000a0054006300630064002000230030003a0020003500
dwData=1 cbData=1484 bytes=2334753401000000bc0300006001010000000000050000006500000022058e00430070007500200030000a0054006300630064002000230030003a0020003500
terminal=NotifyIconCompatibilityTerminal { correlation_id: "native:7616:67", host_generation: 1787222697559, icon_generation: None, terminal: InvalidRequest, message: "notify-icon-owner-or-identity-invalid" }
snapshot-icons=32
dwData=1 cbData=1484 bytes=2334753401000000bc030000c4107e00000000008f00000065800000a0110600b06548722c670b4e7d8f2d4e2000340039002e00340037004d0042002f003500
terminal=NotifyIconCompatibilityTerminal { correlation_id: "native:15400:67", host_generation: 1787222697559, icon_generation: None, terminal: InvalidRequest, message: "notify-icon-owner-or-identity-invalid" }
snapshot-icons=32
dwData=1 cbData=1484 bytes=2334753401000000bc030000600101000000000003000000650000005403f500430070007500200030000a0054006300630064002000230030003a0020003500
dwData=1 cbData=1484 bytes=2334753401000000bc030000600101000000000005000000650000005403f500430070007500200030000a0054006300630064002000230030003a0020003500
dwData=1 cbData=1484 bytes=2334753401000000bc030000c4107e00000000008f00000065800000a0110600b06548722c670b4e7d8f2d4e2000360032002e00380030004d0042002f003500
terminal=NotifyIconCompatibilityTerminal { correlation_id: "native:7616:67", host_generation: 1787222697559, icon_generation: None, terminal: InvalidRequest, message: "notify-icon-owner-or-identity-invalid" }
terminal=NotifyIconCompatibilityTerminal { correlation_id: "native:15400:67", host_generation: 1787222697559, icon_generation: None, terminal: InvalidRequest, message: "notify-icon-owner-or-identity-invalid" }
snapshot-icons=32
dwData=1 cbData=1484 bytes=2334753401000000bc0300006001010000000000030000006500000008128d00430070007500200030000a0054006300630064002000230030003a0020003500
dwData=1 cbData=1484 bytes=2334753401000000bc0300006001010000000000050000006500000008128d00430070007500200030000a0054006300630064002000230030003a0020003500
terminal=NotifyIconCompatibilityTerminal { correlation_id: "native:7616:67", host_generation: 1787222697559, icon_generation: None, terminal: InvalidRequest, message: "notify-icon-owner-or-identity-invalid" }
snapshot-icons=32
dwData=1 cbData=1484 bytes=2334753401000000bc030000c4107e00000000008f00000065800000a0110600b06548722c670b4e7d8f2d4e2000370034002e00330032004d0042002f003500
terminal=NotifyIconCompatibilityTerminal { correlation_id: "native:15400:67", host_generation: 1787222697559, icon_generation: None, terminal: InvalidRequest, message: "notify-icon-owner-or-identity-invalid" }
snapshot-icons=32
dwData=1 cbData=1484 bytes=2334753401000000bc03000060010100000000000300000065000000dc117500430070007500200030000a0054006300630064002000230030003a0020003500
dwData=1 cbData=1484 bytes=2334753401000000bc03000060010100000000000500000065000000dc117500430070007500200030000a0054006300630064002000230030003a0020003500
terminal=NotifyIconCompatibilityTerminal { correlation_id: "native:7616:67", host_generation: 1787222697559, icon_generation: None, terminal: InvalidRequest, message: "notify-icon-owner-or-identity-invalid" }
snapshot-icons=32
dwData=1 cbData=1484 bytes=2334753401000000bc030000c4107e00000000008f00000065800000a0110600b06548722c670b4e7d8f2d4e2000380037002e00370035004d0042002f003500
terminal=NotifyIconCompatibilityTerminal { correlation_id: "native:15400:67", host_generation: 1787222697559, icon_generation: None, terminal: InvalidRequest, message: "notify-icon-owner-or-identity-invalid" }
snapshot-icons=32
dwData=1 cbData=1484 bytes=2334753401000000bc03000060010100000000000300000065000000cd110002430070007500200030000a0054006300630064002000230030003a0020003500
dwData=1 cbData=1484 bytes=2334753401000000bc03000060010100000000000500000065000000cd110002430070007500200030000a0054006300630064002000230030003a0020003500
terminal=NotifyIconCompatibilityTerminal { correlation_id: "native:7616:67", host_generation: 1787222697559, icon_generation: None, terminal: InvalidRequest, message: "notify-icon-owner-or-identity-invalid" }
snapshot-icons=32
dwData=1 cbData=1484 bytes=2334753401000000bc030000c4107e00000000008f00000065800000a0110600b06548722c670b4e7d8f2d4e20003100300031002e00380034004d0042002f00
terminal=NotifyIconCompatibilityTerminal { correlation_id: "native:15400:67", host_generation: 1787222697559, icon_generation: None, terminal: InvalidRequest, message: "notify-icon-owner-or-identity-invalid" }
snapshot-icons=32
dwData=1 cbData=1484 bytes=2334753401000000bc03000060010100000000000500000065000000cd110002430070007500200030000a0054006300630064002000230030003a0020003500
terminal=NotifyIconCompatibilityTerminal { correlation_id: "native:7616:67", host_generation: 1787222697559, icon_generation: None, terminal: InvalidRequest, message: "notify-icon-owner-or-identity-invalid" }
snapshot-icons=32
dwData=1 cbData=1484 bytes=2334753401000000bc03000060010100000000000500000065000000cd110002430070007500200030000a0054006300630064002000230030003a0020003500
terminal=NotifyIconCompatibilityTerminal { correlation_id: "native:7616:67", host_generation: 1787222697559, icon_generation: None, terminal: InvalidRequest, message: "notify-icon-owner-or-identity-invalid" }
snapshot-icons=32
dwData=1 cbData=1484 bytes=2334753401000000bc030000c4107e00000000008f00000065800000a0110600b06548722c670b4e7d8f2d4e20003100330030002e00340038004d0042002f00
terminal=NotifyIconCompatibilityTerminal { correlation_id: "native:15400:67", host_generation: 1787222697559, icon_generation: None, terminal: InvalidRequest, message: "notify-icon-owner-or-identity-invalid" }
snapshot-icons=32
dwData=1 cbData=1484 bytes=2334753401000000bc030000600101000000000003000000650000004e0e9e00430070007500200030000a0054006300630064002000230030003a0020003500
dwData=1 cbData=1484 bytes=2334753401000000bc030000600101000000000005000000650000004e0e9e00430070007500200030000a0054006300630064002000230030003a0020003500
terminal=NotifyIconCompatibilityTerminal { correlation_id: "native:7616:67", host_generation: 1787222697559, icon_generation: None, terminal: InvalidRequest, message: "notify-icon-owner-or-identity-invalid" }
snapshot-icons=32
dwData=1 cbData=1484 bytes=2334753401000000bc030000c4107e00000000008f00000065800000a0110600b06548722c670b4e7d8f2d4e20003100340031002e00330036004d0042002f00
terminal=NotifyIconCompatibilityTerminal { correlation_id: "native:15400:67", host_generation: 1787222697559, icon_generation: None, terminal: InvalidRequest, message: "notify-icon-owner-or-identity-invalid" }
snapshot-icons=32
dwData=1 cbData=1484 bytes=2334753401000000bc03000060010100000000000300000065000000100d9800430070007500200030000a0054006300630064002000230030003a0020003500
dwData=1 cbData=1484 bytes=2334753401000000bc03000060010100000000000500000065000000100d9800430070007500200030000a0054006300630064002000230030003a0020003500
dwData=1 cbData=1484 bytes=2334753401000000bc030000c4107e00000000008f00000065800000a0110600b06548722c670b4e7d8f2d4e20003100350031002e00320030004d0042002f00
terminal=NotifyIconCompatibilityTerminal { correlation_id: "native:7616:67", host_generation: 1787222697559, icon_generation: None, terminal: InvalidRequest, message: "notify-icon-owner-or-identity-invalid" }
terminal=NotifyIconCompatibilityTerminal { correlation_id: "native:15400:67", host_generation: 1787222697559, icon_generation: None, terminal: InvalidRequest, message: "notify-icon-owner-or-identity-invalid" }
snapshot-icons=32
dwData=1 cbData=1484 bytes=2334753403000000bc030000cc0f2200591b0000d70000002580000033000100530075007000650072004400650073006b0074006f007000200063006f006d00
dwData=1 cbData=1484 bytes=2334753402000000bc030000cc0f2200591b0000d70000002580000033000100530075007000650072004400650073006b0074006f007000200063006f006d00
dwData=1 cbData=1484 bytes=2334753402000000bc030000cc0f22005a1b0000d70000002580000033000100530075007000650072004400650073006b0074006f007000200063006f006d00
dwData=1 cbData=1484 bytes=2334753402000000bc030000cc0f22005b1b0000d70000002580000033000100530075007000650072004400650073006b0074006f007000200063006f006d00
dwData=1 cbData=1484 bytes=2334753402000000bc030000cc0f22005c1b0000d70000002580000033000100530075007000650072004400650073006b0074006f007000200063006f006d00
dwData=1 cbData=1484 bytes=2334753402000000bc030000cc0f22005d1b0000d70000002580000033000100530075007000650072004400650073006b0074006f007000200063006f006d00
dwData=1 cbData=1484 bytes=2334753402000000bc030000cc0f22005e1b0000d70000002580000033000100530075007000650072004400650073006b0074006f007000200063006f006d00
dwData=1 cbData=1484 bytes=2334753402000000bc030000cc0f22005f1b0000d70000002580000033000100530075007000650072004400650073006b0074006f007000200063006f006d00
dwData=1 cbData=1484 bytes=2334753402000000bc030000cc0f2200601b0000d70000002580000033000100530075007000650072004400650073006b0074006f007000200063006f006d00
dwData=1 cbData=1484 bytes=2334753402000000bc030000cc0f2200611b0000d70000002580000033000100530075007000650072004400650073006b0074006f007000200063006f006d00
dwData=1 cbData=1484 bytes=2334753402000000bc030000cc0f2200621b0000d70000002580000033000100530075007000650072004400650073006b0074006f007000200063006f006d00
dwData=1 cbData=1484 bytes=2334753402000000bc030000cc0f2200631b0000d70000002580000033000100530075007000650072004400650073006b0074006f007000200063006f006d00
dwData=1 cbData=1484 bytes=2334753402000000bc030000cc0f2200641b0000d70000002580000033000100530075007000650072004400650073006b0074006f007000200063006f006d00
dwData=1 cbData=1484 bytes=2334753402000000bc030000cc0f2200651b0000d70000002580000033000100530075007000650072004400650073006b0074006f007000200063006f006d00
dwData=1 cbData=1484 bytes=2334753402000000bc030000cc0f2200661b0000d70000002580000033000100530075007000650072004400650073006b0074006f007000200063006f006d00
dwData=1 cbData=1484 bytes=2334753402000000bc030000cc0f2200671b0000d70000002580000033000100530075007000650072004400650073006b0074006f007000200063006f006d00
dwData=1 cbData=1484 bytes=2334753402000000bc030000cc0f2200681b0000d70000002580000033000100530075007000650072004400650073006b0074006f007000200063006f006d00
dwData=1 cbData=1484 bytes=2334753402000000bc030000cc0f2200691b0000d70000002580000033000100530075007000650072004400650073006b0074006f007000200063006f006d00
dwData=1 cbData=1484 bytes=2334753402000000bc030000cc0f22006a1b0000d70000002580000033000100530075007000650072004400650073006b0074006f007000200063006f006d00
dwData=1 cbData=1484 bytes=2334753402000000bc030000cc0f22006b1b0000d70000002580000033000100530075007000650072004400650073006b0074006f007000200063006f006d00
dwData=1 cbData=1484 bytes=2334753402000000bc030000cc0f22006c1b0000d70000002580000033000100530075007000650072004400650073006b0074006f007000200063006f006d00
dwData=1 cbData=1484 bytes=2334753401000000bc030000600101000000000003000000650000006c0f9c00430070007500200030000a0054006300630064002000230030003a0020003500
dwData=1 cbData=1484 bytes=2334753401000000bc030000600101000000000005000000650000006c0f9c00430070007500200030000a0054006300630064002000230030003a0020003500
terminal=NotifyIconCompatibilityTerminal { correlation_id: "native:45328:68", host_generation: 1787222697559, icon_generation: None, terminal: InvalidRequest, message: "notify-icon-owner-or-identity-invalid" }
terminal=NotifyIconCompatibilityTerminal { correlation_id: "native:45328:68", host_generation: 1787222697559, icon_generation: None, terminal: InvalidRequest, message: "notify-icon-owner-or-identity-invalid" }
terminal=NotifyIconCompatibilityTerminal { correlation_id: "native:45328:68", host_generation: 1787222697559, icon_generation: None, terminal: InvalidRequest, message: "notify-icon-owner-or-identity-invalid" }
terminal=NotifyIconCompatibilityTerminal { correlation_id: "native:45328:68", host_generation: 1787222697559, icon_generation: None, terminal: InvalidRequest, message: "notify-icon-owner-or-identity-invalid" }
terminal=NotifyIconCompatibilityTerminal { correlation_id: "native:45328:68", host_generation: 1787222697559, icon_generation: None, terminal: InvalidRequest, message: "notify-icon-owner-or-identity-invalid" }
terminal=NotifyIconCompatibilityTerminal { correlation_id: "native:45328:68", host_generation: 1787222697559, icon_generation: None, terminal: InvalidRequest, message: "notify-icon-owner-or-identity-invalid" }
terminal=NotifyIconCompatibilityTerminal { correlation_id: "native:45328:68", host_generation: 1787222697559, icon_generation: None, terminal: InvalidRequest, message: "notify-icon-owner-or-identity-invalid" }
terminal=NotifyIconCompatibilityTerminal { correlation_id: "native:45328:68", host_generation: 1787222697559, icon_generation: None, terminal: InvalidRequest, message: "notify-icon-owner-or-identity-invalid" }
terminal=NotifyIconCompatibilityTerminal { correlation_id: "native:45328:68", host_generation: 1787222697559, icon_generation: None, terminal: InvalidRequest, message: "notify-icon-owner-or-identity-invalid" }
terminal=NotifyIconCompatibilityTerminal { correlation_id: "native:45328:68", host_generation: 1787222697559, icon_generation: None, terminal: InvalidRequest, message: "notify-icon-owner-or-identity-invalid" }
terminal=NotifyIconCompatibilityTerminal { correlation_id: "native:45328:68", host_generation: 1787222697559, icon_generation: None, terminal: InvalidRequest, message: "notify-icon-owner-or-identity-invalid" }
terminal=NotifyIconCompatibilityTerminal { correlation_id: "native:45328:68", host_generation: 1787222697559, icon_generation: None, terminal: InvalidRequest, message: "notify-icon-owner-or-identity-invalid" }
terminal=NotifyIconCompatibilityTerminal { correlation_id: "native:45328:68", host_generation: 1787222697559, icon_generation: None, terminal: InvalidRequest, message: "notify-icon-owner-or-identity-invalid" }
terminal=NotifyIconCompatibilityTerminal { correlation_id: "native:45328:68", host_generation: 1787222697559, icon_generation: None, terminal: InvalidRequest, message: "notify-icon-owner-or-identity-invalid" }
terminal=NotifyIconCompatibilityTerminal { correlation_id: "native:45328:68", host_generation: 1787222697559, icon_generation: None, terminal: InvalidRequest, message: "notify-icon-owner-or-identity-invalid" }
terminal=NotifyIconCompatibilityTerminal { correlation_id: "native:45328:68", host_generation: 1787222697559, icon_generation: None, terminal: InvalidRequest, message: "notify-icon-owner-or-identity-invalid" }
terminal=NotifyIconCompatibilityTerminal { correlation_id: "native:45328:68", host_generation: 1787222697559, icon_generation: None, terminal: InvalidRequest, message: "notify-icon-owner-or-identity-invalid" }
terminal=NotifyIconCompatibilityTerminal { correlation_id: "native:45328:68", host_generation: 1787222697559, icon_generation: None, terminal: InvalidRequest, message: "notify-icon-owner-or-identity-invalid" }
terminal=NotifyIconCompatibilityTerminal { correlation_id: "native:45328:68", host_generation: 1787222697559, icon_generation: None, terminal: InvalidRequest, message: "notify-icon-owner-or-identity-invalid" }
terminal=NotifyIconCompatibilityTerminal { correlation_id: "native:45328:68", host_generation: 1787222697559, icon_generation: None, terminal: InvalidRequest, message: "notify-icon-owner-or-identity-invalid" }
terminal=NotifyIconCompatibilityTerminal { correlation_id: "native:45328:68", host_generation: 1787222697559, icon_generation: None, terminal: InvalidRequest, message: "notify-icon-owner-or-identity-invalid" }
terminal=NotifyIconCompatibilityTerminal { correlation_id: "native:7616:68", host_generation: 1787222697559, icon_generation: None, terminal: InvalidRequest, message: "notify-icon-owner-or-identity-invalid" }
snapshot-icons=12
dwData=1 cbData=1484 bytes=2334753401000000bc030000c4107e00000000008f00000065800000a0110600b06548722c670b4e7d8f2d4e20003100360035002e00380032004d0042002f00
terminal=NotifyIconCompatibilityTerminal { correlation_id: "native:15400:68", host_generation: 1787222697559, icon_generation: None, terminal: InvalidRequest, message: "notify-icon-owner-or-identity-invalid" }
snapshot-icons=12
dwData=1 cbData=1484 bytes=2334753401000000bc030000600101000000000005000000650000006c0f9c00430070007500200030000a0054006300630064002000230030003a0020003500
terminal=NotifyIconCompatibilityTerminal { correlation_id: "native:7616:68", host_generation: 1787222697559, icon_generation: None, terminal: InvalidRequest, message: "notify-icon-owner-or-identity-invalid" }
snapshot-icons=12
dwData=1 cbData=1484 bytes=2334753401000000bc030000c4107e00000000008f00000065800000a0110600b06548722c670b4e7d8f2d4e20003100380030002e00340031004d0042002f00
terminal=NotifyIconCompatibilityTerminal { correlation_id: "native:15400:68", host_generation: 1787222697559, icon_generation: None, terminal: InvalidRequest, message: "notify-icon-owner-or-identity-invalid" }
snapshot-icons=12
dwData=1 cbData=1484 bytes=2334753401000000bc0300006001010000000000030000006500000043124e02430070007500200030000a0054006300630064002000230030003a0020003500
dwData=1 cbData=1484 bytes=2334753401000000bc0300006001010000000000050000006500000043124e02430070007500200030000a0054006300630064002000230030003a0020003600
dwData=1 cbData=1484 bytes=2334753401000000bc030000c4107e00000000008f00000065800000a0110600b06548722c670b4e7d8f2d4e20003100390032002e00370035004d0042002f00
terminal=NotifyIconCompatibilityTerminal { correlation_id: "native:7616:68", host_generation: 1787222697559, icon_generation: None, terminal: InvalidRequest, message: "notify-icon-owner-or-identity-invalid" }
terminal=NotifyIconCompatibilityTerminal { correlation_id: "native:15400:68", host_generation: 1787222697559, icon_generation: None, terminal: InvalidRequest, message: "notify-icon-owner-or-identity-invalid" }
snapshot-icons=12
dwData=1 cbData=1484 bytes=2334753400000000bc030000ea020800020000000700000072170000a3010e0052007500730074004400650073006b0020002d002000315cd27d0a0031002000
dwData=1 cbData=1484 bytes=2334753402000000bc03000050090100030000000000000000000000000000000000000000000000000000000000000000000000000000000000000000000000
dwData=1 cbData=1484 bytes=2334753400000000bc030000bc06020001000000070000000008000011073800540069006d00650053006e006100700070006500720020002800410063007400
dwData=1 cbData=1484 bytes=2334753402000000bc03000092071600030000002000000000000000000000000000000000000000000000000000000000000000000000000000000000000000
dwData=1 cbData=1484 bytes=2334753400000000bc030000d2020300000000000700000000140000e9028c00450076006500720079007400680069006e006700000000000000000000000000
dwData=1 cbData=1484 bytes=2334753402000000bc030000a8090100010000000700000000080000e10902004d006100610041007300730069007300740061006e007400410072006b006e00
dwData=1 cbData=1484 bytes=2334753400000000bc030000f20305000100000087000000018000008d047b004d0075004d00750050006c006100790065007200000000000000000000000000
dwData=1 cbData=1484 bytes=2334753402000000bc030000e80a0a00030000002000000000000000000000000000000000000000000000000000000000000000000000000000000000000000
dwData=1 cbData=1484 bytes=2334753402000000bc0300009407080001000000a700000003040000ab091a0a4d006900630072006f0073006f00660074002000330036003500200043006f00
dwData=1 cbData=1484 bytes=2334753402000000bc030000e8020600010000000700000001040000000000000000000000000000000000000000000000000000000000000000000000000000
dwData=1 cbData=1484 bytes=2334753402000000bc030000ae0302008200000000000000640400003304060044006900740074006f0000000000000000000000000000000000000000000000
dwData=1 cbData=1484 bytes=2334753400000000bc030000c4107e00000000008f00000065800000a0110600b06548722c670b4e7d8f2d4e20003500370032002e00390031004d0042002f00
dwData=1 cbData=1484 bytes=2334753401000000bc030000e205030064000000ae00000000000000690f5a00570069006e0064006f00770073002000895b6851276020002d002000fa5e708b
dwData=1 cbData=1484 bytes=2334753400000000bc03000050090100030000000300000001800000550901000000000000000000000000000000000000000000000000000000000000000000
dwData=1 cbData=1484 bytes=2334753402000000bc0300003a080800070000000000000000000000000000000000000000000000000000000000000000000000000000000000000000000000
dwData=1 cbData=1484 bytes=2334753401000000bc03000060010100000000000700000065000000070fdd02430070007500200030000a0054006300630064002000230030003a0020003400
dwData=1 cbData=1484 bytes=2334753400000000bc03000092071600030000002300000001800000bb0602000000000000000000000000000000000000000000000000000000000000000000
dwData=1 cbData=1484 bytes=2334753400000000bc030000a8090100010000000700000000080000e10902004d006100610041007300730069007300740061006e007400410072006b006e00
dwData=1 cbData=1484 bytes=2334753400000000bc030000e80a0a000300000027000000018000008a0b26004300680061007400470050005400000000000000000000000000000000000000
dwData=1 cbData=1484 bytes=2334753400000000bc0300009407080001000000a700000003040000ab091a0a4d006900630072006f0073006f00660074002000330036003500200043006f00
dwData=1 cbData=1484 bytes=2334753404000000bc030000c4107e00000000008f00000065800000a0110600b06548722c670b4e7d8f2d4e20003500370032002e00390031004d0042002f00
dwData=1 cbData=1484 bytes=2334753400000000bc030000ae0302008200000007000000640400003304060044006900740074006f0000000000000000000000000000000000000000000000
dwData=1 cbData=1484 bytes=2334753400000000bc0300003a0808000700000003000000018000003f090e000000000000000000000000000000000000000000000000000000000000000000
dwData=1 cbData=1484 bytes=2334753404000000bc0300009407080001000000a700000003040000ab091a0a4d006900630072006f0073006f00660074002000330036003500200043006f00
dwData=1 cbData=1484 bytes=2334753401000000bc03000060010100000000000700000065000000070fde02430070007500200030000a0054006300630064002000230030003a0020003400
terminal=NotifyIconCompatibilityTerminal { correlation_id: "native:18828:2", host_generation: 1787222762704, icon_generation: Some(1), terminal: Applied, message: "" }
terminal=NotifyIconCompatibilityTerminal { correlation_id: "native:27612:2", host_generation: 1787222762704, icon_generation: Some(3), terminal: NoChange, message: "" }
terminal=NotifyIconCompatibilityTerminal { correlation_id: "native:33372:4", host_generation: 1787222762704, icon_generation: Some(3), terminal: Applied, message: "" }
dwData=terminal=NotifyIconCompatibilityTerminal { correlation_id: "native:23428:4", host_generation: 1787222762704, icon_generation: Some(5), terminal: NoChange, message: "" }1
 cbData=1484 bytes=2334753401000000bc03000060010100000000000700000065000000070fe102430070007500200030000a0054006300630064002000230030003a0020003400
terminal=NotifyIconCompatibilityTerminal { correlation_id: "native:18180:4", host_generation: 1787222762704, icon_generation: None, terminal: InvalidRequest, message: "notify-icon-owner-or-identity-invalid" }
terminal=NotifyIconCompatibilityTerminal { correlation_id: "native:31292:4", host_generation: 1787222762704, icon_generation: Some(5), terminal: NoChange, message: "" }
terminal=NotifyIconCompatibilityTerminal { correlation_id: "native:21628:6", host_generation: 1787222762704, icon_generation: Some(5), terminal: Applied, message: "" }
terminal=NotifyIconCompatibilityTerminal { correlation_id: "native:31492:6", host_generation: 1787222762704, icon_generation: Some(7), terminal: NoChange, message: "" }
terminal=NotifyIconCompatibilityTerminal { correlation_id: "native:39188:6", host_generation: 1787222762704, icon_generation: Some(7), terminal: NoChange, message: "" }
terminal=NotifyIconCompatibilityTerminal { correlation_id: "native:14740:6", host_generation: 1787222762704, icon_generation: Some(7), terminal: NoChange, message: "" }
terminal=NotifyIconCompatibilityTerminal { correlation_id: "native:21196:6", host_generation: 1787222762704, icon_generation: Some(7), terminal: NoChange, message: "" }
terminal=NotifyIconCompatibilityTerminal { correlation_id: "native:15400:6", host_generation: 1787222762704, icon_generation: None, terminal: InvalidRequest, message: "notify-icon-owner-or-identity-invalid" }
terminal=NotifyIconCompatibilityTerminal { correlation_id: "native:17868:6", host_generation: 1787222762704, icon_generation: None, terminal: InvalidRequest, message: "notify-icon-owned-invalid" }
terminal=NotifyIconCompatibilityTerminal { correlation_id: "native:27612:8", host_generation: 1787222762704, icon_generation: Some(7), terminal: Applied, message: "" }
terminal=NotifyIconCompatibilityTerminal { correlation_id: "native:30136:8", host_generation: 1787222762704, icon_generation: Some(9), terminal: NoChange, message: "" }
terminal=NotifyIconCompatibilityTerminal { correlation_id: "native:7616:8", host_generation: 1787222762704, icon_generation: None, terminal: InvalidRequest, message: "notify-icon-owner-or-identity-invalid" }
terminal=NotifyIconCompatibilityTerminal { correlation_id: "native:23428:10", host_generation: 1787222762704, icon_generation: Some(9), terminal: Applied, message: "" }
terminal=NotifyIconCompatibilityTerminal { correlation_id: "native:31292:12", host_generation: 1787222762704, icon_generation: Some(11), terminal: Applied, message: "" }
terminal=NotifyIconCompatibilityTerminal { correlation_id: "native:31492:14", host_generation: 1787222762704, icon_generation: Some(13), terminal: Applied, message: "" }
terminal=NotifyIconCompatibilityTerminal { correlation_id: "native:39188:16", host_generation: 1787222762704, icon_generation: Some(15), terminal: Applied, message: "" }
terminal=NotifyIconCompatibilityTerminal { correlation_id: "native:15400:16", host_generation: 1787222762704, icon_generation: None, terminal: InvalidRequest, message: "notify-icon-owner-or-identity-invalid" }
terminal=NotifyIconCompatibilityTerminal { correlation_id: "native:21196:18", host_generation: 1787222762704, icon_generation: Some(17), terminal: Applied, message: "" }
terminal=NotifyIconCompatibilityTerminal { correlation_id: "native:30136:20", host_generation: 1787222762704, icon_generation: Some(19), terminal: Applied, message: "" }
terminal=NotifyIconCompatibilityTerminal { correlation_id: "native:39188:20", host_generation: 1787222762704, icon_generation: Some(21), terminal: Applied, message: "" }
dwData=1 cbData=1484 bytes=2334753402000000bc03000060010100000000000700000065000000070fe102430070007500200030000a0054006300630064002000230030003a0020003400
dwData=1 cbData=1484 bytes=2334753400000000bc030000600101001b0000000700000065000000070fe20243006f00720065002000540065006d0070002000760065007200730069006f00
dwData=1 cbData=1484 bytes=2334753401000000bc030000600101001b00000002000000650000009d02010043006f00720065002000540065006d0070002000760065007200730069006f00
dwData=1 cbData=1484 bytes=2334753401000000bc030000600101001b00000002000000650000009d02010043006f00720065002000540065006d0070002000760065007200730069006f00
dwData=1 cbData=1484 bytes=2334753400000000bc03000060010100000000000700000065000000070fe302430070007500200030000a0054006300630064002000230030003a0020003400
dwData=1 cbData=1484 bytes=2334753402000000bc030000600101001b00000002000000650000009d02010043006f00720065002000540065006d0070002000760065007200730069006f00
snapshot-icons=10
dwData=1 cbData=1484 bytes=2334753400000000bc0300001403080001000000870000005480000035070a0e45007000690063002000470061006d006500730020005f55d552685600000000
dwData=1 cbData=1484 bytes=2334753401000000bc03000060010100000000000500000065000000070fe302430070007500200030000a0054006300630064002000230030003a0020003400
dwData=1 cbData=1484 bytes=2334753400000000bc030000e80206000100000007000000010400002f090a0053007400650061006d0000000000000000000000000000000000000000000000
dwData=1 cbData=1484 bytes=2334753400000000bc030000c8120900591b0000d70000002580000033000100530075007000650072004400650073006b0074006f007000200063006f006d00
dwData=1 cbData=1484 bytes=2334753404000000bc030000c8120900591b0000d70000002580000033000100530075007000650072004400650073006b0074006f007000200063006f006d00
dwData=1 cbData=1484 bytes=2334753400000000bc030000c81209005a1b0000d70000002580000033000100530075007000650072004400650073006b0074006f007000200063006f006d00
dwData=1 cbData=1484 bytes=2334753404000000bc030000c81209005a1b0000d70000002580000033000100530075007000650072004400650073006b0074006f007000200063006f006d00
terminal=NotifyIconCompatibilityTerminal { correlation_id: "native:7616:20", host_generation: 1787222762704, icon_generation: None, terminal: InvalidRequest, message: "notify-icon-owner-or-identity-invalid" }
terminal=NotifyIconCompatibilityTerminal { correlation_id: "native:7616:20", host_generation: 1787222762704, icon_generation: None, terminal: InvalidRequest, message: "notify-icon-owner-or-identity-invalid" }
terminal=NotifyIconCompatibilityTerminal { correlation_id: "native:7616:20", host_generation: 1787222762704, icon_generation: None, terminal: InvalidRequest, message: "notify-icon-copy-failed" }
dwData=1 cbData=1484 bytes=2334753400000000bc030000c81209005b1b0000d70000002580000033000100530075007000650072004400650073006b0074006f007000200063006f006d00
terminal=NotifyIconCompatibilityTerminal { correlation_id: "native:7616:20", host_generation: 1787222762704, icon_generation: Some(21), terminal: NoChange, message: "" }
terminal=NotifyIconCompatibilityTerminal { correlation_id: "native:7616:20", host_generation: 1787222762704, icon_generation: None, terminal: InvalidRequest, message: "notify-icon-owner-or-identity-invalid" }
terminal=NotifyIconCompatibilityTerminal { correlation_id: "native:7616:20", host_generation: 1787222762704, icon_generation: Some(21), terminal: NoChange, message: "" }
terminal=NotifyIconCompatibilityTerminal { correlation_id: "native:20784:22", host_generation: 1787222762704, icon_generation: Some(21), terminal: Applied, message: "" }
terminal=NotifyIconCompatibilityTerminal { correlation_id: "native:14740:24", host_generation: 1787222762704, icon_generation: Some(23), terminal: Applied, message: "" }
terminal=NotifyIconCompatibilityTerminal { correlation_id: "native:27420:27", host_generation: 1787222762704, icon_generation: Some(25), terminal: Applied, message: "" }
terminal=NotifyIconCompatibilityTerminal { correlation_id: "native:27420:27", host_generation: 1787222762704, icon_generation: Some(28), terminal: Applied, message: "" }
terminal=NotifyIconCompatibilityTerminal { correlation_id: "native:27420:29", host_generation: 1787222762704, icon_generation: Some(28), terminal: Applied, message: "" }
terminal=NotifyIconCompatibilityTerminal { correlation_id: "native:27420:29", host_generation: 1787222762704, icon_generation: Some(30), terminal: Applied, message: "" }
snapshot-icons=14
dwData=1 cbData=1484 bytes=2334753404000000bc030000c81209005b1b0000d70000002580000033000100530075007000650072004400650073006b0074006f007000200063006f006d00
dwData=1 cbData=1484 bytes=2334753400000000bc030000c81209005c1b0000d70000002580000033000100530075007000650072004400650073006b0074006f007000200063006f006d00
dwData=1 cbData=1484 bytes=2334753404000000bc030000c81209005c1b0000d70000002580000033000100530075007000650072004400650073006b0074006f007000200063006f006d00
dwData=1 cbData=1484 bytes=2334753404000000bc03000014030800010000000000000000000000000000000000000000000000000000000000000000000000000000000000000000000000
dwData=1 cbData=1484 bytes=2334753400000000bc030000c81209005d1b0000d70000002580000033000100530075007000650072004400650073006b0074006f007000200063006f006d00
dwData=1 cbData=1484 bytes=2334753404000000bc030000c81209005d1b0000d70000002580000033000100530075007000650072004400650073006b0074006f007000200063006f006d00
terminal=NotifyIconCompatibilityTerminal { correlation_id: "native:27420:31", host_generation: 1787222762704, icon_generation: Some(30), terminal: Applied, message: "" }
terminal=NotifyIconCompatibilityTerminal { correlation_id: "native:27420:31", host_generation: 1787222762704, icon_generation: Some(32), terminal: Applied, message: "" }
terminal=NotifyIconCompatibilityTerminal { correlation_id: "native:27420:33", host_generation: 1787222762704, icon_generation: Some(32), terminal: Applied, message: "" }
terminal=NotifyIconCompatibilityTerminal { correlation_id: "native:27420:33", host_generation: 1787222762704, icon_generation: Some(34), terminal: Applied, message: "" }
terminal=NotifyIconCompatibilityTerminal { correlation_id: "native:20784:33", host_generation: 1787222762704, icon_generation: Some(34), terminal: Applied, message: "" }
terminal=NotifyIconCompatibilityTerminal { correlation_id: "native:27420:35", host_generation: 1787222762704, icon_generation: Some(34), terminal: Applied, message: "" }
terminal=NotifyIconCompatibilityTerminal { correlation_id: "native:27420:35", host_generation: 1787222762704, icon_generation: Some(36), terminal: Applied, message: "" }
dwData=1 cbData=1484 bytes=2334753400000000bc030000c81209005e1b0000d70000002580000033000100530075007000650072004400650073006b0074006f007000200063006f006d00
dwData=1 cbData=1484 bytes=2334753404000000bc030000c81209005e1b0000d70000002580000033000100530075007000650072004400650073006b0074006f007000200063006f006d00
dwData=1 cbData=1484 bytes=2334753400000000bc030000c81209005f1b0000d70000002580000033000100530075007000650072004400650073006b0074006f007000200063006f006d00
dwData=1 cbData=1484 bytes=2334753404000000bc030000c81209005f1b0000d70000002580000033000100530075007000650072004400650073006b0074006f007000200063006f006d00
terminal=NotifyIconCompatibilityTerminal { correlation_id: "native:27420:37", host_generation: 1787222762704, icon_generation: Some(36), terminal: Applied, message: "" }
terminal=NotifyIconCompatibilityTerminal { correlation_id: "native:27420:37", host_generation: 1787222762704, icon_generation: Some(38), terminal: Applied, message: "" }
terminal=NotifyIconCompatibilityTerminal { correlation_id: "native:27420:39", host_generation: 1787222762704, icon_generation: Some(38), terminal: Applied, message: "" }
terminal=NotifyIconCompatibilityTerminal { correlation_id: "native:27420:39", host_generation: 1787222762704, icon_generation: Some(40), terminal: Applied, message: "" }
dwData=1 cbData=1484 bytes=2334753400000000bc030000c8120900601b0000d70000002580000033000100530075007000650072004400650073006b0074006f007000200063006f006d00
dwData=1 cbData=1484 bytes=2334753404000000bc030000c8120900601b0000d70000002580000033000100530075007000650072004400650073006b0074006f007000200063006f006d00
dwData=1 cbData=1484 bytes=2334753401000000bc03000060010100000000000500000065000000070fe302430070007500200030000a0054006300630064002000230030003a0020003600
dwData=1 cbData=1484 bytes=2334753400000000bc030000c8120900611b0000d70000002580000033000100530075007000650072004400650073006b0074006f007000200063006f006d00
dwData=1 cbData=1484 bytes=2334753404000000bc030000c8120900611b0000d70000002580000033000100530075007000650072004400650073006b0074006f007000200063006f006d00
terminal=NotifyIconCompatibilityTerminal { correlation_id: "native:27420:41", host_generation: 1787222762704, icon_generation: Some(40), terminal: Applied, message: "" }
terminal=NotifyIconCompatibilityTerminal { correlation_id: "native:27420:41", host_generation: 1787222762704, icon_generation: Some(42), terminal: Applied, message: "" }
terminal=NotifyIconCompatibilityTerminal { correlation_id: "native:7616:41", host_generation: 1787222762704, icon_generation: None, terminal: InvalidRequest, message: "notify-icon-owner-or-identity-invalid" }
terminal=NotifyIconCompatibilityTerminal { correlation_id: "native:27420:43", host_generation: 1787222762704, icon_generation: Some(42), terminal: Applied, message: "" }
terminal=NotifyIconCompatibilityTerminal { correlation_id: "native:27420:43", host_generation: 1787222762704, icon_generation: Some(44), terminal: Applied, message: "" }
dwData=1 cbData=1484 bytes=2334753400000000bc030000c8120900621b0000d70000002580000033000100530075007000650072004400650073006b0074006f007000200063006f006d00
dwData=1 cbData=1484 bytes=2334753404000000bc030000c8120900621b0000d70000002580000033000100530075007000650072004400650073006b0074006f007000200063006f006d00
terminal=NotifyIconCompatibilityTerminal { correlation_id: "native:27420:45", host_generation: 1787222762704, icon_generation: Some(44), terminal: Applied, message: "" }
terminal=NotifyIconCompatibilityTerminal { correlation_id: "native:27420:45", host_generation: 1787222762704, icon_generation: Some(46), terminal: Applied, message: "" }
snapshot-icons=22
dwData=1 cbData=1484 bytes=2334753400000000bc030000c8120900631b0000d70000002580000033000100530075007000650072004400650073006b0074006f007000200063006f006d00
dwData=1 cbData=1484 bytes=2334753404000000bc030000c8120900631b0000d70000002580000033000100530075007000650072004400650073006b0074006f007000200063006f006d00
dwData=1 cbData=1484 bytes=2334753400000000bc030000c8120900641b0000d70000002580000033000100530075007000650072004400650073006b0074006f007000200063006f006d00
dwData=1 cbData=1484 bytes=2334753404000000bc030000c8120900641b0000d70000002580000033000100530075007000650072004400650073006b0074006f007000200063006f006d00
dwData=1 cbData=1484 bytes=2334753400000000bc030000c8120900651b0000d70000002580000033000100530075007000650072004400650073006b0074006f007000200063006f006d00
dwData=1 cbData=1484 bytes=2334753404000000bc030000c8120900651b0000d70000002580000033000100530075007000650072004400650073006b0074006f007000200063006f006d00
dwData=1 cbData=1484 bytes=2334753400000000bc030000c8120900661b0000d70000002580000033000100530075007000650072004400650073006b0074006f007000200063006f006d00
dwData=1 cbData=1484 bytes=2334753404000000bc030000c8120900661b0000d70000002580000033000100530075007000650072004400650073006b0074006f007000200063006f006d00
dwData=1 cbData=1484 bytes=2334753400000000bc030000c8120900671b0000d70000002580000033000100530075007000650072004400650073006b0074006f007000200063006f006d00
dwData=1 cbData=1484 bytes=2334753404000000bc030000c8120900671b0000d70000002580000033000100530075007000650072004400650073006b0074006f007000200063006f006d00
dwData=1 cbData=1484 bytes=2334753400000000bc030000c8120900681b0000d70000002580000033000100530075007000650072004400650073006b0074006f007000200063006f006d00
dwData=1 cbData=1484 bytes=2334753404000000bc030000c8120900681b0000d70000002580000033000100530075007000650072004400650073006b0074006f007000200063006f006d00
dwData=1 cbData=1484 bytes=2334753400000000bc030000c8120900691b0000d70000002580000033000100530075007000650072004400650073006b0074006f007000200063006f006d00
dwData=1 cbData=1484 bytes=2334753404000000bc030000c8120900691b0000d70000002580000033000100530075007000650072004400650073006b0074006f007000200063006f006d00
terminal=NotifyIconCompatibilityTerminal { correlation_id: "native:27420:47", host_generation: 1787222762704, icon_generation: Some(46), terminal: Applied, message: "" }
terminal=NotifyIconCompatibilityTerminal { correlation_id: "native:27420:47", host_generation: 1787222762704, icon_generation: Some(48), terminal: Applied, message: "" }
terminal=NotifyIconCompatibilityTerminal { correlation_id: "native:27420:49", host_generation: 1787222762704, icon_generation: Some(48), terminal: Applied, message: "" }
terminal=NotifyIconCompatibilityTerminal { correlation_id: "native:27420:49", host_generation: 1787222762704, icon_generation: Some(50), terminal: Applied, message: "" }
terminal=NotifyIconCompatibilityTerminal { correlation_id: "native:27420:51", host_generation: 1787222762704, icon_generation: Some(50), terminal: Applied, message: "" }
terminal=NotifyIconCompatibilityTerminal { correlation_id: "native:27420:51", host_generation: 1787222762704, icon_generation: Some(52), terminal: Applied, message: "" }
terminal=NotifyIconCompatibilityTerminal { correlation_id: "native:27420:53", host_generation: 1787222762704, icon_generation: Some(52), terminal: Applied, message: "" }
terminal=NotifyIconCompatibilityTerminal { correlation_id: "native:27420:53", host_generation: 1787222762704, icon_generation: Some(54), terminal: Applied, message: "" }
terminal=NotifyIconCompatibilityTerminal { correlation_id: "native:27420:55", host_generation: 1787222762704, icon_generation: Some(54), terminal: Applied, message: "" }
terminal=NotifyIconCompatibilityTerminal { correlation_id: "native:27420:55", host_generation: 1787222762704, icon_generation: Some(56), terminal: Applied, message: "" }
terminal=NotifyIconCompatibilityTerminal { correlation_id: "native:27420:57", host_generation: 1787222762704, icon_generation: Some(56), terminal: Applied, message: "" }
terminal=NotifyIconCompatibilityTerminal { correlation_id: "native:27420:57", host_generation: 1787222762704, icon_generation: Some(58), terminal: Applied, message: "" }
terminal=NotifyIconCompatibilityTerminal { correlation_id: "native:27420:59", host_generation: 1787222762704, icon_generation: Some(58), terminal: Applied, message: "" }
terminal=NotifyIconCompatibilityTerminal { correlation_id: "native:27420:59", host_generation: 1787222762704, icon_generation: Some(60), terminal: Applied, message: "" }
snapshot-icons=29
dwData=1 cbData=1484 bytes=2334753400000000bc030000c81209006a1b0000d70000002580000033000100530075007000650072004400650073006b0074006f007000200063006f006d00
dwData=1 cbData=1484 bytes=2334753404000000bc030000c81209006a1b0000d70000002580000033000100530075007000650072004400650073006b0074006f007000200063006f006d00
dwData=1 cbData=1484 bytes=2334753400000000bc030000c81209006b1b0000d70000002580000033000100530075007000650072004400650073006b0074006f007000200063006f006d00
dwData=1 cbData=1484 bytes=2334753404000000bc030000c81209006b1b0000d70000002580000033000100530075007000650072004400650073006b0074006f007000200063006f006d00
dwData=1 cbData=1484 bytes=2334753400000000bc030000c81209006c1b0000d70000002580000033000100530075007000650072004400650073006b0074006f007000200063006f006d00
dwData=1 cbData=1484 bytes=2334753404000000bc030000c81209006c1b0000d70000002580000033000100530075007000650072004400650073006b0074006f007000200063006f006d00
dwData=1 cbData=1484 bytes=2334753401000000bc03000060010100000000000500000065000000070fe302430070007500200030000a0054006300630064002000230030003a0020003400
dwData=1 cbData=1484 bytes=2334753401000000bc030000c8120900591b0000d70000002580000033000100530075007000650072004400650073006b0074006f007000200063006f006d00
terminal=NotifyIconCompatibilityTerminal { correlation_id: "native:27420:61", host_generation: 1787222762704, icon_generation: Some(60), terminal: Applied, message: "" }
terminal=NotifyIconCompatibilityTerminal { correlation_id: "native:27420:61", host_generation: 1787222762704, icon_generation: Some(62), terminal: Applied, message: "" }
terminal=NotifyIconCompatibilityTerminal { correlation_id: "native:27420:63", host_generation: 1787222762704, icon_generation: Some(62), terminal: Applied, message: "" }
terminal=NotifyIconCompatibilityTerminal { correlation_id: "native:27420:63", host_generation: 1787222762704, icon_generation: Some(64), terminal: Applied, message: "" }
terminal=NotifyIconCompatibilityTerminal { correlation_id: "native:27420:65", host_generation: 1787222762704, icon_generation: Some(64), terminal: Applied, message: "" }
terminal=NotifyIconCompatibilityTerminal { correlation_id: "native:27420:65", host_generation: 1787222762704, icon_generation: Some(66), terminal: Applied, message: "" }
terminal=NotifyIconCompatibilityTerminal { correlation_id: "native:7616:65", host_generation: 1787222762704, icon_generation: None, terminal: InvalidRequest, message: "notify-icon-owner-or-identity-invalid" }
terminal=NotifyIconCompatibilityTerminal { correlation_id: "native:27420:67", host_generation: 1787222762704, icon_generation: Some(66), terminal: Applied, message: "" }
snapshot-icons=32
snapshot-icons=32
dwData=1 cbData=1484 bytes=2334753401000000bc03000060010100000000000500000065000000070fe302430070007500200030000a0054006300630064002000230030003a0020003400
terminal=NotifyIconCompatibilityTerminal { correlation_id: "native:7616:67", host_generation: 1787222762704, icon_generation: None, terminal: InvalidRequest, message: "notify-icon-owner-or-identity-invalid" }
snapshot-icons=32
dwData=1 cbData=1484 bytes=2334753401000000bc03000060010100000000000500000065000000070fe302430070007500200030000a0054006300630064002000230030003a0020003400
terminal=NotifyIconCompatibilityTerminal { correlation_id: "native:7616:67", host_generation: 1787222762704, icon_generation: None, terminal: InvalidRequest, message: "notify-icon-owner-or-identity-invalid" }
snapshot-icons=32
snapshot-icons=32
dwData=1 cbData=1484 bytes=2334753401000000bc0300006001010000000000030000006500000007100d63430070007500200030000a0054006300630064002000230030003a0020003400
dwData=1 cbData=1484 bytes=2334753401000000bc0300006001010000000000050000006500000007100d63430070007500200030000a0054006300630064002000230030003a0020003400
terminal=NotifyIconCompatibilityTerminal { correlation_id: "native:7616:67", host_generation: 1787222762704, icon_generation: None, terminal: InvalidRequest, message: "notify-icon-owner-or-identity-invalid" }
snapshot-icons=32
snapshot-icons=32
dwData=1 cbData=1484 bytes=2334753401000000bc0300006001010000000000050000006500000007100d63430070007500200030000a0054006300630064002000230030003a0020003400
terminal=NotifyIconCompatibilityTerminal { correlation_id: "native:7616:67", host_generation: 1787222762704, icon_generation: None, terminal: InvalidRequest, message: "notify-icon-owner-or-identity-invalid" }
snapshot-icons=32
dwData=1 cbData=1484 bytes=2334753401000000bc0300006001010000000000030000006500000011115d07430070007500200030000a0054006300630064002000230030003a0020003400
dwData=1 cbData=1484 bytes=2334753401000000bc0300006001010000000000050000006500000011115d07430070007500200030000a0054006300630064002000230030003a0020003400
terminal=NotifyIconCompatibilityTerminal { correlation_id: "native:7616:67", host_generation: 1787222762704, icon_generation: None, terminal: InvalidRequest, message: "notify-icon-owner-or-identity-invalid" }
snapshot-icons=32
snapshot-icons=32
dwData=1 cbData=1484 bytes=2334753401000000bc0300006001010000000000050000006500000011115d07430070007500200030000a0054006300630064002000230030003a0020003400
terminal=NotifyIconCompatibilityTerminal { correlation_id: "native:7616:67", host_generation: 1787222762704, icon_generation: None, terminal: InvalidRequest, message: "notify-icon-owner-or-identity-invalid" }
snapshot-icons=32
snapshot-icons=32
dwData=1 cbData=1484 bytes=2334753401000000bc0300006001010000000000050000006500000011115d07430070007500200030000a0054006300630064002000230030003a0020003400
terminal=NotifyIconCompatibilityTerminal { correlation_id: "native:7616:67", host_generation: 1787222762704, icon_generation: None, terminal: InvalidRequest, message: "notify-icon-owner-or-identity-invalid" }
snapshot-icons=32
snapshot-icons=32
dwData=1 cbData=1484 bytes=2334753401000000bc0300006001010000000000050000006500000011115d07430070007500200030000a0054006300630064002000230030003a0020003400
terminal=NotifyIconCompatibilityTerminal { correlation_id: "native:7616:67", host_generation: 1787222762704, icon_generation: None, terminal: InvalidRequest, message: "notify-icon-owner-or-identity-invalid" }
snapshot-icons=32
dwData=1 cbData=1484 bytes=2334753401000000bc0300006001010000000000050000006500000011115d07430070007500200030000a0054006300630064002000230030003a0020003400
terminal=NotifyIconCompatibilityTerminal { correlation_id: "native:7616:67", host_generation: 1787222762704, icon_generation: None, terminal: InvalidRequest, message: "notify-icon-owner-or-identity-invalid" }
snapshot-icons=32
snapshot-icons=32
dwData=1 cbData=1484 bytes=2334753401000000bc0300006001010000000000050000006500000011115d07430070007500200030000a0054006300630064002000230030003a0020003400
terminal=NotifyIconCompatibilityTerminal { correlation_id: "native:7616:67", host_generation: 1787222762704, icon_generation: None, terminal: InvalidRequest, message: "notify-icon-owner-or-identity-invalid" }
snapshot-icons=32
snapshot-icons=32
dwData=1 cbData=1484 bytes=2334753401000000bc0300006001010000000000050000006500000011115d07430070007500200030000a0054006300630064002000230030003a0020003400
terminal=NotifyIconCompatibilityTerminal { correlation_id: "native:7616:67", host_generation: 1787222762704, icon_generation: None, terminal: InvalidRequest, message: "notify-icon-owner-or-identity-invalid" }
snapshot-icons=32
dwData=1 cbData=1484 bytes=2334753401000000bc0300006001010000000000050000006500000011115d07430070007500200030000a0054006300630064002000230030003a0020003400
terminal=NotifyIconCompatibilityTerminal { correlation_id: "native:7616:67", host_generation: 1787222762704, icon_generation: None, terminal: InvalidRequest, message: "notify-icon-owner-or-identity-invalid" }
snapshot-icons=32
snapshot-icons=32
dwData=1 cbData=1484 bytes=2334753401000000bc03000060010100000000000300000065000000d5127300430070007500200030000a0054006300630064002000230030003a0020003400
dwData=1 cbData=1484 bytes=2334753401000000bc03000060010100000000000500000065000000d5127300430070007500200030000a0054006300630064002000230030003a0020003500
terminal=NotifyIconCompatibilityTerminal { correlation_id: "native:7616:67", host_generation: 1787222762704, icon_generation: None, terminal: InvalidRequest, message: "notify-icon-owner-or-identity-invalid" }
snapshot-icons=32
snapshot-icons=32
dwData=1 cbData=1484 bytes=2334753401000000bc03000060010100000000000300000065000000b110fb08430070007500200030000a0054006300630064002000230030003a0020003500
dwData=1 cbData=1484 bytes=2334753401000000bc03000060010100000000000500000065000000b110fb08430070007500200030000a0054006300630064002000230030003a0020003400
terminal=NotifyIconCompatibilityTerminal { correlation_id: "native:7616:67", host_generation: 1787222762704, icon_generation: None, terminal: InvalidRequest, message: "notify-icon-owner-or-identity-invalid" }
snapshot-icons=32
snapshot-icons=32
dwData=1 cbData=1484 bytes=2334753401000000bc0300006001010000000000030000006500000057101a03430070007500200030000a0054006300630064002000230030003a0020003400
dwData=1 cbData=1484 bytes=2334753401000000bc0300006001010000000000050000006500000057101a03430070007500200030000a0054006300630064002000230030003a0020003600
terminal=NotifyIconCompatibilityTerminal { correlation_id: "native:7616:67", host_generation: 1787222762704, icon_generation: None, terminal: InvalidRequest, message: "notify-icon-owner-or-identity-invalid" }
snapshot-icons=32
dwData=1 cbData=1484 bytes=2334753401000000bc0300006001010000000000050000006500000057101a03430070007500200030000a0054006300630064002000230030003a0020003600
terminal=NotifyIconCompatibilityTerminal { correlation_id: "native:7616:67", host_generation: 1787222762704, icon_generation: None, terminal: InvalidRequest, message: "notify-icon-owner-or-identity-invalid" }
snapshot-icons=32
snapshot-icons=32
dwData=1 cbData=1484 bytes=2334753401000000bc0300006001010000000000050000006500000057101a03430070007500200030000a0054006300630064002000230030003a0020003400
terminal=NotifyIconCompatibilityTerminal { correlation_id: "native:7616:67", host_generation: 1787222762704, icon_generation: None, terminal: InvalidRequest, message: "notify-icon-owner-or-identity-invalid" }
snapshot-icons=32
snapshot-icons=32
dwData=1 cbData=1484 bytes=2334753401000000bc0300006001010000000000030000006500000073100c0d430070007500200030000a0054006300630064002000230030003a0020003400
dwData=1 cbData=1484 bytes=2334753401000000bc0300006001010000000000050000006500000073100c0d430070007500200030000a0054006300630064002000230030003a0020003400
terminal=NotifyIconCompatibilityTerminal { correlation_id: "native:7616:67", host_generation: 1787222762704, icon_generation: None, terminal: InvalidRequest, message: "notify-icon-owner-or-identity-invalid" }
snapshot-icons=32
snapshot-icons=32
dwData=1 cbData=1484 bytes=2334753401000000bc03000060010100000000000300000065000000e9129a00430070007500200030000a0054006300630064002000230030003a0020003400
dwData=1 cbData=1484 bytes=2334753401000000bc03000060010100000000000500000065000000e9129a00430070007500200030000a0054006300630064002000230030003a0020003400
terminal=NotifyIconCompatibilityTerminal { correlation_id: "native:7616:67", host_generation: 1787222762704, icon_generation: None, terminal: InvalidRequest, message: "notify-icon-owner-or-identity-invalid" }
snapshot-icons=32
dwData=1 cbData=1484 bytes=2334753401000000bc030000600101000000000003000000650000009b0f4f78430070007500200030000a0054006300630064002000230030003a0020003400
dwData=1 cbData=1484 bytes=2334753401000000bc030000600101000000000005000000650000009b0f4f78430070007500200030000a0054006300630064002000230030003a0020003400
dwData=1 cbData=1484 bytes=2334753403000000bc030000c8120900591b0000d70000002580000033000100530075007000650072004400650073006b0074006f007000200063006f006d00
dwData=1 cbData=1484 bytes=2334753402000000bc030000c8120900591b0000d70000002580000033000100530075007000650072004400650073006b0074006f007000200063006f006d00
dwData=1 cbData=1484 bytes=2334753402000000bc030000c81209005a1b0000d70000002580000033000100530075007000650072004400650073006b0074006f007000200063006f006d00
dwData=1 cbData=1484 bytes=2334753402000000bc030000c81209005b1b0000d70000002580000033000100530075007000650072004400650073006b0074006f007000200063006f006d00
dwData=1 cbData=1484 bytes=2334753402000000bc030000c81209005c1b0000d70000002580000033000100530075007000650072004400650073006b0074006f007000200063006f006d00
dwData=1 cbData=1484 bytes=2334753402000000bc030000c81209005d1b0000d70000002580000033000100530075007000650072004400650073006b0074006f007000200063006f006d00
dwData=1 cbData=1484 bytes=2334753402000000bc030000c81209005e1b0000d70000002580000033000100530075007000650072004400650073006b0074006f007000200063006f006d00
dwData=1 cbData=1484 bytes=2334753402000000bc030000c81209005f1b0000d70000002580000033000100530075007000650072004400650073006b0074006f007000200063006f006d00
dwData=1 cbData=1484 bytes=2334753402000000bc030000c8120900601b0000d70000002580000033000100530075007000650072004400650073006b0074006f007000200063006f006d00
dwData=1 cbData=1484 bytes=2334753402000000bc030000c8120900611b0000d70000002580000033000100530075007000650072004400650073006b0074006f007000200063006f006d00
dwData=1 cbData=1484 bytes=2334753402000000bc030000c8120900621b0000d70000002580000033000100530075007000650072004400650073006b0074006f007000200063006f006d00
dwData=1 cbData=1484 bytes=2334753402000000bc030000c8120900631b0000d70000002580000033000100530075007000650072004400650073006b0074006f007000200063006f006d00
dwData=1 cbData=1484 bytes=2334753402000000bc030000c8120900641b0000d70000002580000033000100530075007000650072004400650073006b0074006f007000200063006f006d00
dwData=1 cbData=1484 bytes=2334753402000000bc030000c8120900651b0000d70000002580000033000100530075007000650072004400650073006b0074006f007000200063006f006d00
dwData=1 cbData=1484 bytes=2334753402000000bc030000c8120900661b0000d70000002580000033000100530075007000650072004400650073006b0074006f007000200063006f006d00
dwData=1 cbData=1484 bytes=2334753402000000bc030000c8120900671b0000d70000002580000033000100530075007000650072004400650073006b0074006f007000200063006f006d00
dwData=1 cbData=1484 bytes=2334753402000000bc030000c8120900681b0000d70000002580000033000100530075007000650072004400650073006b0074006f007000200063006f006d00
dwData=1 cbData=1484 bytes=2334753402000000bc030000c8120900691b0000d70000002580000033000100530075007000650072004400650073006b0074006f007000200063006f006d00
dwData=1 cbData=1484 bytes=2334753402000000bc030000c81209006a1b0000d70000002580000033000100530075007000650072004400650073006b0074006f007000200063006f006d00
dwData=1 cbData=1484 bytes=2334753402000000bc030000c81209006b1b0000d70000002580000033000100530075007000650072004400650073006b0074006f007000200063006f006d00
dwData=1 cbData=1484 bytes=2334753402000000bc030000c81209006c1b0000d70000002580000033000100530075007000650072004400650073006b0074006f007000200063006f006d00
terminal=NotifyIconCompatibilityTerminal { correlation_id: "native:7616:68", host_generation: 1787222762704, icon_generation: None, terminal: InvalidRequest, message: "notify-icon-owner-or-identity-invalid" }
terminal=NotifyIconCompatibilityTerminal { correlation_id: "native:27420:68", host_generation: 1787222762704, icon_generation: None, terminal: InvalidRequest, message: "notify-icon-owner-or-identity-invalid" }
terminal=NotifyIconCompatibilityTerminal { correlation_id: "native:27420:68", host_generation: 1787222762704, icon_generation: None, terminal: InvalidRequest, message: "notify-icon-owner-or-identity-invalid" }
terminal=NotifyIconCompatibilityTerminal { correlation_id: "native:27420:68", host_generation: 1787222762704, icon_generation: None, terminal: InvalidRequest, message: "notify-icon-owner-or-identity-invalid" }
terminal=NotifyIconCompatibilityTerminal { correlation_id: "native:27420:68", host_generation: 1787222762704, icon_generation: None, terminal: InvalidRequest, message: "notify-icon-owner-or-identity-invalid" }
terminal=NotifyIconCompatibilityTerminal { correlation_id: "native:27420:68", host_generation: 1787222762704, icon_generation: None, terminal: InvalidRequest, message: "notify-icon-owner-or-identity-invalid" }
terminal=NotifyIconCompatibilityTerminal { correlation_id: "native:27420:68", host_generation: 1787222762704, icon_generation: None, terminal: InvalidRequest, message: "notify-icon-owner-or-identity-invalid" }
terminal=NotifyIconCompatibilityTerminal { correlation_id: "native:27420:68", host_generation: 1787222762704, icon_generation: None, terminal: InvalidRequest, message: "notify-icon-owner-or-identity-invalid" }
terminal=NotifyIconCompatibilityTerminal { correlation_id: "native:27420:68", host_generation: 1787222762704, icon_generation: None, terminal: InvalidRequest, message: "notify-icon-owner-or-identity-invalid" }
terminal=NotifyIconCompatibilityTerminal { correlation_id: "native:27420:68", host_generation: 1787222762704, icon_generation: None, terminal: InvalidRequest, message: "notify-icon-owner-or-identity-invalid" }
terminal=NotifyIconCompatibilityTerminal { correlation_id: "native:27420:68", host_generation: 1787222762704, icon_generation: None, terminal: InvalidRequest, message: "notify-icon-owner-or-identity-invalid" }
terminal=NotifyIconCompatibilityTerminal { correlation_id: "native:27420:68", host_generation: 1787222762704, icon_generation: None, terminal: InvalidRequest, message: "notify-icon-owner-or-identity-invalid" }
terminal=NotifyIconCompatibilityTerminal { correlation_id: "native:27420:68", host_generation: 1787222762704, icon_generation: None, terminal: InvalidRequest, message: "notify-icon-owner-or-identity-invalid" }
terminal=NotifyIconCompatibilityTerminal { correlation_id: "native:27420:68", host_generation: 1787222762704, icon_generation: None, terminal: InvalidRequest, message: "notify-icon-owner-or-identity-invalid" }
terminal=NotifyIconCompatibilityTerminal { correlation_id: "native:27420:68", host_generation: 1787222762704, icon_generation: None, terminal: InvalidRequest, message: "notify-icon-owner-or-identity-invalid" }
terminal=NotifyIconCompatibilityTerminal { correlation_id: "native:27420:68", host_generation: 1787222762704, icon_generation: None, terminal: InvalidRequest, message: "notify-icon-owner-or-identity-invalid" }
terminal=NotifyIconCompatibilityTerminal { correlation_id: "native:27420:68", host_generation: 1787222762704, icon_generation: None, terminal: InvalidRequest, message: "notify-icon-owner-or-identity-invalid" }
terminal=NotifyIconCompatibilityTerminal { correlation_id: "native:27420:68", host_generation: 1787222762704, icon_generation: None, terminal: InvalidRequest, message: "notify-icon-owner-or-identity-invalid" }
terminal=NotifyIconCompatibilityTerminal { correlation_id: "native:27420:68", host_generation: 1787222762704, icon_generation: None, terminal: InvalidRequest, message: "notify-icon-owner-or-identity-invalid" }
terminal=NotifyIconCompatibilityTerminal { correlation_id: "native:27420:68", host_generation: 1787222762704, icon_generation: None, terminal: InvalidRequest, message: "notify-icon-owner-or-identity-invalid" }
terminal=NotifyIconCompatibilityTerminal { correlation_id: "native:27420:68", host_generation: 1787222762704, icon_generation: None, terminal: InvalidRequest, message: "notify-icon-owner-or-identity-invalid" }
terminal=NotifyIconCompatibilityTerminal { correlation_id: "native:27420:68", host_generation: 1787222762704, icon_generation: None, terminal: InvalidRequest, message: "notify-icon-owner-or-identity-invalid" }
snapshot-icons=12
snapshot-icons=12
dwData=1 cbData=1484 bytes=2334753401000000bc03000060010100000000000300000065000000870ec302430070007500200030000a0054006300630064002000230030003a0020003400
dwData=1 cbData=1484 bytes=2334753401000000bc03000060010100000000000500000065000000870ec302430070007500200030000a0054006300630064002000230030003a0020003400
terminal=NotifyIconCompatibilityTerminal { correlation_id: "native:7616:68", host_generation: 1787222762704, icon_generation: None, terminal: InvalidRequest, message: "notify-icon-owner-or-identity-invalid" }
snapshot-icons=12
snapshot-icons=12
dwData=1 cbData=1484 bytes=2334753401000000bc03000060010100000000000300000065000000070abc00430070007500200030000a0054006300630064002000230030003a0020003400
dwData=1 cbData=1484 bytes=2334753401000000bc03000060010100000000000500000065000000070abc00430070007500200030000a0054006300630064002000230030003a0020003500
terminal=NotifyIconCompatibilityTerminal { correlation_id: "native:7616:68", host_generation: 1787222762704, icon_generation: None, terminal: InvalidRequest, message: "notify-icon-owner-or-identity-invalid" }
snapshot-icons=12
dwData=1 cbData=1484 bytes=2334753401000000bc03000060010100000000000300000065000000750b0e3b430070007500200030000a0054006300630064002000230030003a0020003500
dwData=1 cbData=1484 bytes=2334753401000000bc03000060010100000000000500000065000000750b0e3b430070007500200030000a0054006300630064002000230030003a0020003400
terminal=NotifyIconCompatibilityTerminal { correlation_id: "native:7616:68", host_generation: 1787222762704, icon_generation: None, terminal: InvalidRequest, message: "notify-icon-owner-or-identity-invalid" }
snapshot-icons=12
dwData=1 cbData=1484 bytes=2334753400000000bc030000ea020800020000000700000072170000a3010e0052007500730074004400650073006b0020002d002000315cd27d0a0031002000
dwData=1 cbData=1484 bytes=2334753402000000bc03000050090100030000000000000000000000000000000000000000000000000000000000000000000000000000000000000000000000
dwData=1 cbData=1484 bytes=2334753400000000bc030000bc06020001000000070000000008000011073800540069006d00650053006e006100700070006500720020002800410063007400
dwData=1 cbData=1484 bytes=2334753402000000bc03000092071600030000002000000000000000000000000000000000000000000000000000000000000000000000000000000000000000
dwData=1 cbData=1484 bytes=2334753400000000bc030000d2020300000000000700000000140000e9028c00450076006500720079007400680069006e006700000000000000000000000000
dwData=1 cbData=1484 bytes=2334753402000000bc030000e8020600010000000700000001040000000000000000000000000000000000000000000000000000000000000000000000000000
dwData=1 cbData=1484 bytes=2334753400000000bc030000f20305000100000087000000018000008d047b004d0075004d00750050006c006100790065007200000000000000000000000000
dwData=1 cbData=1484 bytes=2334753402000000bc030000e80a0a00030000002000000000000000000000000000000000000000000000000000000000000000000000000000000000000000
dwData=1 cbData=1484 bytes=2334753402000000bc030000a8090100010000000700000000080000e10902004d006100610041007300730069007300740061006e007400410072006b006e00
dwData=1 cbData=1484 bytes=2334753402000000bc0300009407080001000000a700000003040000ab091a0a4d006900630072006f0073006f00660074002000330036003500200043006f00
dwData=1 cbData=1484 bytes=2334753402000000bc030000ae0302008200000000000000640400003304060044006900740074006f0000000000000000000000000000000000000000000000
dwData=1 cbData=1484 bytes=2334753401000000bc030000e205030064000000ae0000000000000013116407570069006e0064006f00770073002000895b6851276020002d002000fa5e708b
dwData=1 cbData=1484 bytes=2334753400000000bc03000050090100030000000300000001800000550901000000000000000000000000000000000000000000000000000000000000000000
dwData=1 cbData=1484 bytes=2334753400000000bc030000c4107e00000000008f00000065800000a0110600b06548722c670b4e7d8f2d4e20003500370032002e00390031004d0042002f00
dwData=1 cbData=1484 bytes=2334753402000000bc0300003a080800070000000000000000000000000000000000000000000000000000000000000000000000000000000000000000000000
dwData=1 cbData=1484 bytes=2334753401000000bc0300006001010000000000070000006500000011138101430070007500200030000a0054006300630064002000230030003a0020003400
dwData=1 cbData=1484 bytes=2334753400000000bc03000092071600030000002300000001800000bb0602000000000000000000000000000000000000000000000000000000000000000000
dwData=1 cbData=1484 bytes=2334753400000000bc030000e80a0a000300000027000000018000008a0b26004300680061007400470050005400000000000000000000000000000000000000
dwData=1 cbData=1484 bytes=2334753400000000bc030000a8090100010000000700000000080000e10902004d006100610041007300730069007300740061006e007400410072006b006e00
dwData=1 cbData=1484 bytes=2334753400000000bc0300009407080001000000a700000003040000ab091a0a4d006900630072006f0073006f00660074002000330036003500200043006f00
dwData=1 cbData=1484 bytes=2334753400000000bc030000ae0302008200000007000000640400003304060044006900740074006f0000000000000000000000000000000000000000000000
dwData=1 cbData=1484 bytes=2334753404000000bc030000c4107e00000000008f00000065800000a0110600b06548722c670b4e7d8f2d4e20003500370032002e00390031004d0042002f00
dwData=1 cbData=1484 bytes=2334753400000000bc0300003a0808000700000003000000018000003f090e000000000000000000000000000000000000000000000000000000000000000000
dwData=1 cbData=1484 bytes=2334753404000000bc0300009407080001000000a700000003040000ab091a0a4d006900630072006f0073006f00660074002000330036003500200043006f00
dwData=1 cbData=1484 bytes=2334753401000000bc0300006001010000000000070000006500000011138201430070007500200030000a0054006300630064002000230030003a0020003400
terminal=NotifyIconCompatibilityTerminal { correlation_id: "native:18828:2", host_generation: 1787222829806, icon_generation: Some(1), terminal: Applied, message: "" }
dwData=1 cbData=1484 bytes=2334753401000000bc03000060010100000000000700000065000000d304314d430070007500200030000a0054006300630064002000230030003a0020003400
terminal=NotifyIconCompatibilityTerminal { correlation_id: "native:27612:2", host_generation: 1787222829806, icon_generation: Some(3), terminal: NoChange, message: "" }
terminal=NotifyIconCompatibilityTerminal { correlation_id: "native:33372:4", host_generation: 1787222829806, icon_generation: Some(3), terminal: Applied, message: "" }
terminal=NotifyIconCompatibilityTerminal { correlation_id: "native:23428:4", host_generation: 1787222829806, icon_generation: Some(5), terminal: NoChange, message: "" }
terminal=NotifyIconCompatibilityTerminal { correlation_id: "native:18180:4", host_generation: 1787222829806, icon_generation: None, terminal: InvalidRequest, message: "notify-icon-owner-or-identity-invalid" }
terminal=NotifyIconCompatibilityTerminal { correlation_id: "native:14740:4", host_generation: 1787222829806, icon_generation: Some(5), terminal: NoChange, message: "" }
terminal=NotifyIconCompatibilityTerminal { correlation_id: "native:21628:6", host_generation: 1787222829806, icon_generation: Some(5), terminal: Applied, message: "" }
terminal=NotifyIconCompatibilityTerminal { correlation_id: "native:31492:6", host_generation: 1787222829806, icon_generation: Some(7), terminal: NoChange, message: "" }
terminal=NotifyIconCompatibilityTerminal { correlation_id: "native:31292:6", host_generation: 1787222829806, icon_generation: Some(7), terminal: NoChange, message: "" }
terminal=NotifyIconCompatibilityTerminal { correlation_id: "native:39188:6", host_generation: 1787222829806, icon_generation: Some(7), terminal: NoChange, message: "" }
terminal=NotifyIconCompatibilityTerminal { correlation_id: "native:21196:6", host_generation: 1787222829806, icon_generation: Some(7), terminal: NoChange, message: "" }
terminal=NotifyIconCompatibilityTerminal { correlation_id: "native:17868:6", host_generation: 1787222829806, icon_generation: None, terminal: InvalidRequest, message: "notify-icon-owned-invalid" }
terminal=NotifyIconCompatibilityTerminal { correlation_id: "native:27612:8", host_generation: 1787222829806, icon_generation: Some(7), terminal: Applied, message: "" }
terminal=NotifyIconCompatibilityTerminal { correlation_id: "native:15400:8", host_generation: 1787222829806, icon_generation: None, terminal: InvalidRequest, message: "notify-icon-owner-or-identity-invalid" }
terminal=NotifyIconCompatibilityTerminal { correlation_id: "native:30136:8", host_generation: 1787222829806, icon_generation: Some(9), terminal: NoChange, message: "" }
terminal=NotifyIconCompatibilityTerminal { correlation_id: "native:7616:8", host_generation: 1787222829806, icon_generation: None, terminal: InvalidRequest, message: "notify-icon-owner-or-identity-invalid" }
terminal=NotifyIconCompatibilityTerminal { correlation_id: "native:23428:10", host_generation: 1787222829806, icon_generation: Some(9), terminal: Applied, message: "" }
terminal=NotifyIconCompatibilityTerminal { correlation_id: "native:31492:12", host_generation: 1787222829806, icon_generation: Some(11), terminal: Applied, message: "" }
terminal=NotifyIconCompatibilityTerminal { correlation_id: "native:31292:14", host_generation: 1787222829806, icon_generation: Some(13), terminal: Applied, message: "" }
terminal=NotifyIconCompatibilityTerminal { correlation_id: "native:39188:16", host_generation: 1787222829806, icon_generation: Some(15), terminal: Applied, message: "" }
terminal=NotifyIconCompatibilityTerminal { correlation_id: "native:21196:18", host_generation: 1787222829806, icon_generation: Some(17), terminal: Applied, message: "" }
terminal=NotifyIconCompatibilityTerminal { correlation_id: "native:15400:18", host_generation: 1787222829806, icon_generation: None, terminal: InvalidRequest, message: "notify-icon-owner-or-identity-invalid" }
terminal=NotifyIconCompatibilityTerminal { correlation_id: "native:30136:20", host_generation: 1787222829806, icon_generation: Some(19), terminal: Applied, message: "" }
terminal=NotifyIconCompatibilityTerminal { correlation_id: "native:39188:20", host_generation: 1787222829806, icon_generation: Some(21), terminal: Applied, message: "" }
dwData=1 cbData=1484 bytes=2334753402000000bc03000060010100000000000700000065000000d304314d430070007500200030000a0054006300630064002000230030003a0020003400
dwData=1 cbData=1484 bytes=2334753400000000bc030000600101001b0000000700000065000000d304324d43006f00720065002000540065006d0070002000760065007200730069006f00
dwData=1 cbData=1484 bytes=2334753401000000bc030000600101001b00000002000000650000009d02010043006f00720065002000540065006d0070002000760065007200730069006f00
dwData=1 cbData=1484 bytes=2334753401000000bc030000600101001b00000002000000650000009d02010043006f00720065002000540065006d0070002000760065007200730069006f00
dwData=1 cbData=1484 bytes=2334753400000000bc03000060010100000000000700000065000000d304334d430070007500200030000a0054006300630064002000230030003a0020003400
dwData=1 cbData=1484 bytes=2334753402000000bc030000600101001b00000002000000650000009d02010043006f00720065002000540065006d0070002000760065007200730069006f00
snapshot-icons=10
dwData=1 cbData=1484 bytes=2334753400000000bc0300001403080001000000870000005480000035070a0e45007000690063002000470061006d006500730020005f55d552685600000000
dwData=1 cbData=1484 bytes=2334753401000000bc03000060010100000000000500000065000000d304334d430070007500200030000a0054006300630064002000230030003a0020003500
terminal=NotifyIconCompatibilityTerminal { correlation_id: "native:7616:20", host_generation: 1787222829806, icon_generation: None, terminal: InvalidRequest, message: "notify-icon-owner-or-identity-invalid" }
terminal=NotifyIconCompatibilityTerminal { correlation_id: "native:7616:20", host_generation: 1787222829806, icon_generation: None, terminal: InvalidRequest, message: "notify-icon-owner-or-identity-invalid" }
terminal=NotifyIconCompatibilityTerminal { correlation_id: "native:7616:20", host_generation: 1787222829806, icon_generation: None, terminal: InvalidRequest, message: "notify-icon-copy-failed" }
terminal=NotifyIconCompatibilityTerminal { correlation_id: "native:7616:20", host_generation: 1787222829806, icon_generation: Some(21), terminal: NoChange, message: "" }
terminal=NotifyIconCompatibilityTerminal { correlation_id: "native:7616:20", host_generation: 1787222829806, icon_generation: None, terminal: InvalidRequest, message: "notify-icon-owner-or-identity-invalid" }
terminal=NotifyIconCompatibilityTerminal { correlation_id: "native:7616:20", host_generation: 1787222829806, icon_generation: Some(21), terminal: NoChange, message: "" }
terminal=NotifyIconCompatibilityTerminal { correlation_id: "native:20784:22", host_generation: 1787222829806, icon_generation: Some(21), terminal: Applied, message: "" }
snapshot-icons=11
dwData=1 cbData=1484 bytes=2334753400000000bc030000b4100601591b0000d70000002580000033000100530075007000650072004400650073006b0074006f007000200063006f006d00
dwData=1 cbData=1484 bytes=2334753404000000bc030000b4100601591b0000d70000002580000033000100530075007000650072004400650073006b0074006f007000200063006f006d00
dwData=1 cbData=1484 bytes=2334753400000000bc030000b41006015a1b0000d70000002580000033000100530075007000650072004400650073006b0074006f007000200063006f006d00
dwData=1 cbData=1484 bytes=2334753404000000bc030000b41006015a1b0000d70000002580000033000100530075007000650072004400650073006b0074006f007000200063006f006d00
dwData=1 cbData=1484 bytes=2334753400000000bc030000b41006015b1b0000d70000002580000033000100530075007000650072004400650073006b0074006f007000200063006f006d00
dwData=1 cbData=1484 bytes=2334753404000000bc030000b41006015b1b0000d70000002580000033000100530075007000650072004400650073006b0074006f007000200063006f006d00
dwData=1 cbData=1484 bytes=2334753400000000bc030000b41006015c1b0000d70000002580000033000100530075007000650072004400650073006b0074006f007000200063006f006d00
dwData=1 cbData=1484 bytes=2334753404000000bc030000b41006015c1b0000d70000002580000033000100530075007000650072004400650073006b0074006f007000200063006f006d00
dwData=1 cbData=1484 bytes=2334753404000000bc03000014030800010000000000000000000000000000000000000000000000000000000000000000000000000000000000000000000000
dwData=1 cbData=1484 bytes=2334753400000000bc030000b41006015d1b0000d70000002580000033000100530075007000650072004400650073006b0074006f007000200063006f006d00
dwData=1 cbData=1484 bytes=2334753404000000bc030000b41006015d1b0000d70000002580000033000100530075007000650072004400650073006b0074006f007000200063006f006d00
dwData=1 cbData=1484 bytes=2334753400000000bc030000b41006015e1b0000d70000002580000033000100530075007000650072004400650073006b0074006f007000200063006f006d00
dwData=1 cbData=1484 bytes=2334753404000000bc030000b41006015e1b0000d70000002580000033000100530075007000650072004400650073006b0074006f007000200063006f006d00
dwData=1 cbData=1484 bytes=2334753401000000bc03000060010100000000000300000065000000ff10120a430070007500200030000a0054006300630064002000230030003a0020003500
dwData=1 cbData=1484 bytes=2334753401000000bc03000060010100000000000500000065000000ff10120a430070007500200030000a0054006300630064002000230030003a0020003400
dwData=1 cbData=1484 bytes=2334753400000000bc030000b41006015f1b0000d70000002580000033000100530075007000650072004400650073006b0074006f007000200063006f006d00
dwData=1 cbData=1484 bytes=2334753404000000bc030000b41006015f1b0000d70000002580000033000100530075007000650072004400650073006b0074006f007000200063006f006d00
dwData=1 cbData=1484 bytes=2334753400000000bc030000b4100601601b0000d70000002580000033000100530075007000650072004400650073006b0074006f007000200063006f006d00
dwData=1 cbData=1484 bytes=2334753404000000bc030000b4100601601b0000d70000002580000033000100530075007000650072004400650073006b0074006f007000200063006f006d00
terminal=NotifyIconCompatibilityTerminal { correlation_id: "native:49872:25", host_generation: 1787222829806, icon_generation: Some(23), terminal: Applied, message: "" }
terminal=NotifyIconCompatibilityTerminal { correlation_id: "native:49872:25", host_generation: 1787222829806, icon_generation: Some(26), terminal: Applied, message: "" }
terminal=NotifyIconCompatibilityTerminal { correlation_id: "native:49872:27", host_generation: 1787222829806, icon_generation: Some(26), terminal: Applied, message: "" }
terminal=NotifyIconCompatibilityTerminal { correlation_id: "native:49872:27", host_generation: 1787222829806, icon_generation: Some(28), terminal: Applied, message: "" }
terminal=NotifyIconCompatibilityTerminal { correlation_id: "native:49872:29", host_generation: 1787222829806, icon_generation: Some(28), terminal: Applied, message: "" }
terminal=NotifyIconCompatibilityTerminal { correlation_id: "native:49872:29", host_generation: 1787222829806, icon_generation: Some(30), terminal: Applied, message: "" }
terminal=NotifyIconCompatibilityTerminal { correlation_id: "native:49872:31", host_generation: 1787222829806, icon_generation: Some(30), terminal: Applied, message: "" }
terminal=NotifyIconCompatibilityTerminal { correlation_id: "native:49872:31", host_generation: 1787222829806, icon_generation: Some(32), terminal: Applied, message: "" }
terminal=NotifyIconCompatibilityTerminal { correlation_id: "native:20784:31", host_generation: 1787222829806, icon_generation: Some(32), terminal: Applied, message: "" }
terminal=NotifyIconCompatibilityTerminal { correlation_id: "native:49872:33", host_generation: 1787222829806, icon_generation: Some(32), terminal: Applied, message: "" }
terminal=NotifyIconCompatibilityTerminal { correlation_id: "native:49872:33", host_generation: 1787222829806, icon_generation: Some(34), terminal: Applied, message: "" }
terminal=NotifyIconCompatibilityTerminal { correlation_id: "native:49872:35", host_generation: 1787222829806, icon_generation: Some(34), terminal: Applied, message: "" }
terminal=NotifyIconCompatibilityTerminal { correlation_id: "native:49872:35", host_generation: 1787222829806, icon_generation: Some(36), terminal: Applied, message: "" }
terminal=NotifyIconCompatibilityTerminal { correlation_id: "native:7616:35", host_generation: 1787222829806, icon_generation: None, terminal: InvalidRequest, message: "notify-icon-owner-or-identity-invalid" }
terminal=NotifyIconCompatibilityTerminal { correlation_id: "native:49872:37", host_generation: 1787222829806, icon_generation: Some(36), terminal: Applied, message: "" }
terminal=NotifyIconCompatibilityTerminal { correlation_id: "native:49872:37", host_generation: 1787222829806, icon_generation: Some(38), terminal: Applied, message: "" }
terminal=NotifyIconCompatibilityTerminal { correlation_id: "native:49872:39", host_generation: 1787222829806, icon_generation: Some(38), terminal: Applied, message: "" }
terminal=NotifyIconCompatibilityTerminal { correlation_id: "native:49872:39", host_generation: 1787222829806, icon_generation: Some(40), terminal: Applied, message: "" }
snapshot-icons=19
dwData=1 cbData=1484 bytes=2334753400000000bc030000b4100601611b0000d70000002580000033000100530075007000650072004400650073006b0074006f007000200063006f006d00
dwData=1 cbData=1484 bytes=2334753404000000bc030000b4100601611b0000d70000002580000033000100530075007000650072004400650073006b0074006f007000200063006f006d00
dwData=1 cbData=1484 bytes=2334753400000000bc030000b4100601621b0000d70000002580000033000100530075007000650072004400650073006b0074006f007000200063006f006d00
dwData=1 cbData=1484 bytes=2334753404000000bc030000b4100601621b0000d70000002580000033000100530075007000650072004400650073006b0074006f007000200063006f006d00
dwData=1 cbData=1484 bytes=2334753400000000bc030000b4100601631b0000d70000002580000033000100530075007000650072004400650073006b0074006f007000200063006f006d00
dwData=1 cbData=1484 bytes=2334753404000000bc030000b4100601631b0000d70000002580000033000100530075007000650072004400650073006b0074006f007000200063006f006d00
dwData=1 cbData=1484 bytes=2334753400000000bc030000b4100601641b0000d70000002580000033000100530075007000650072004400650073006b0074006f007000200063006f006d00
dwData=1 cbData=1484 bytes=2334753404000000bc030000b4100601641b0000d70000002580000033000100530075007000650072004400650073006b0074006f007000200063006f006d00
dwData=1 cbData=1484 bytes=2334753400000000bc030000b4100601651b0000d70000002580000033000100530075007000650072004400650073006b0074006f007000200063006f006d00
dwData=1 cbData=1484 bytes=2334753404000000bc030000b4100601651b0000d70000002580000033000100530075007000650072004400650073006b0074006f007000200063006f006d00
dwData=1 cbData=1484 bytes=2334753400000000bc030000b4100601661b0000d70000002580000033000100530075007000650072004400650073006b0074006f007000200063006f006d00
dwData=1 cbData=1484 bytes=2334753404000000bc030000b4100601661b0000d70000002580000033000100530075007000650072004400650073006b0074006f007000200063006f006d00
dwData=1 cbData=1484 bytes=2334753400000000bc030000b4100601671b0000d70000002580000033000100530075007000650072004400650073006b0074006f007000200063006f006d00
dwData=1 cbData=1484 bytes=2334753404000000bc030000b4100601671b0000d70000002580000033000100530075007000650072004400650073006b0074006f007000200063006f006d00
dwData=1 cbData=1484 bytes=2334753400000000bc030000b4100601681b0000d70000002580000033000100530075007000650072004400650073006b0074006f007000200063006f006d00
dwData=1 cbData=1484 bytes=2334753404000000bc030000b4100601681b0000d70000002580000033000100530075007000650072004400650073006b0074006f007000200063006f006d00
terminal=NotifyIconCompatibilityTerminal { correlation_id: "native:49872:41", host_generation: 1787222829806, icon_generation: Some(40), terminal: Applied, message: "" }
terminal=NotifyIconCompatibilityTerminal { correlation_id: "native:49872:41", host_generation: 1787222829806, icon_generation: Some(42), terminal: Applied, message: "" }
terminal=NotifyIconCompatibilityTerminal { correlation_id: "native:49872:43", host_generation: 1787222829806, icon_generation: Some(42), terminal: Applied, message: "" }
terminal=NotifyIconCompatibilityTerminal { correlation_id: "native:49872:43", host_generation: 1787222829806, icon_generation: Some(44), terminal: Applied, message: "" }
terminal=NotifyIconCompatibilityTerminal { correlation_id: "native:49872:45", host_generation: 1787222829806, icon_generation: Some(44), terminal: Applied, message: "" }
terminal=NotifyIconCompatibilityTerminal { correlation_id: "native:49872:45", host_generation: 1787222829806, icon_generation: Some(46), terminal: Applied, message: "" }
terminal=NotifyIconCompatibilityTerminal { correlation_id: "native:49872:47", host_generation: 1787222829806, icon_generation: Some(46), terminal: Applied, message: "" }
terminal=NotifyIconCompatibilityTerminal { correlation_id: "native:49872:47", host_generation: 1787222829806, icon_generation: Some(48), terminal: Applied, message: "" }
terminal=NotifyIconCompatibilityTerminal { correlation_id: "native:49872:49", host_generation: 1787222829806, icon_generation: Some(48), terminal: Applied, message: "" }
terminal=NotifyIconCompatibilityTerminal { correlation_id: "native:49872:49", host_generation: 1787222829806, icon_generation: Some(50), terminal: Applied, message: "" }
terminal=NotifyIconCompatibilityTerminal { correlation_id: "native:49872:51", host_generation: 1787222829806, icon_generation: Some(50), terminal: Applied, message: "" }
terminal=NotifyIconCompatibilityTerminal { correlation_id: "native:49872:51", host_generation: 1787222829806, icon_generation: Some(52), terminal: Applied, message: "" }
terminal=NotifyIconCompatibilityTerminal { correlation_id: "native:49872:53", host_generation: 1787222829806, icon_generation: Some(52), terminal: Applied, message: "" }
terminal=NotifyIconCompatibilityTerminal { correlation_id: "native:49872:53", host_generation: 1787222829806, icon_generation: Some(54), terminal: Applied, message: "" }
terminal=NotifyIconCompatibilityTerminal { correlation_id: "native:49872:55", host_generation: 1787222829806, icon_generation: Some(54), terminal: Applied, message: "" }
terminal=NotifyIconCompatibilityTerminal { correlation_id: "native:49872:55", host_generation: 1787222829806, icon_generation: Some(56), terminal: Applied, message: "" }
snapshot-icons=27
dwData=1 cbData=1484 bytes=2334753400000000bc030000b4100601691b0000d70000002580000033000100530075007000650072004400650073006b0074006f007000200063006f006d00
dwData=1 cbData=1484 bytes=2334753404000000bc030000b4100601691b0000d70000002580000033000100530075007000650072004400650073006b0074006f007000200063006f006d00
dwData=1 cbData=1484 bytes=2334753400000000bc030000b41006016a1b0000d70000002580000033000100530075007000650072004400650073006b0074006f007000200063006f006d00
dwData=1 cbData=1484 bytes=2334753404000000bc030000b41006016a1b0000d70000002580000033000100530075007000650072004400650073006b0074006f007000200063006f006d00
dwData=1 cbData=1484 bytes=2334753401000000bc030000600101000000000003000000650000007f125800430070007500200030000a0054006300630064002000230030003a0020003400
dwData=1 cbData=1484 bytes=2334753401000000bc030000600101000000000005000000650000007f125800430070007500200030000a0054006300630064002000230030003a0020003500
dwData=1 cbData=1484 bytes=2334753400000000bc030000e80206000100000007000000010400002f090a0053007400650061006d0000000000000000000000000000000000000000000000
dwData=1 cbData=1484 bytes=2334753400000000bc030000b41006016b1b0000d70000002580000033000100530075007000650072004400650073006b0074006f007000200063006f006d00
dwData=1 cbData=1484 bytes=2334753404000000bc030000b41006016b1b0000d70000002580000033000100530075007000650072004400650073006b0074006f007000200063006f006d00
dwData=1 cbData=1484 bytes=2334753400000000bc030000b41006016c1b0000d70000002580000033000100530075007000650072004400650073006b0074006f007000200063006f006d00
dwData=1 cbData=1484 bytes=2334753404000000bc030000b41006016c1b0000d70000002580000033000100530075007000650072004400650073006b0074006f007000200063006f006d00
dwData=1 cbData=1484 bytes=2334753401000000bc030000b4100601591b0000d70000002580000033000100530075007000650072004400650073006b0074006f007000200063006f006d00
terminal=NotifyIconCompatibilityTerminal { correlation_id: "native:49872:57", host_generation: 1787222829806, icon_generation: Some(56), terminal: Applied, message: "" }
terminal=NotifyIconCompatibilityTerminal { correlation_id: "native:49872:57", host_generation: 1787222829806, icon_generation: Some(58), terminal: Applied, message: "" }
terminal=NotifyIconCompatibilityTerminal { correlation_id: "native:49872:59", host_generation: 1787222829806, icon_generation: Some(58), terminal: Applied, message: "" }
terminal=NotifyIconCompatibilityTerminal { correlation_id: "native:49872:59", host_generation: 1787222829806, icon_generation: Some(60), terminal: Applied, message: "" }
terminal=NotifyIconCompatibilityTerminal { correlation_id: "native:7616:59", host_generation: 1787222829806, icon_generation: None, terminal: InvalidRequest, message: "notify-icon-owner-or-identity-invalid" }
terminal=NotifyIconCompatibilityTerminal { correlation_id: "native:14740:61", host_generation: 1787222829806, icon_generation: Some(60), terminal: Applied, message: "" }
terminal=NotifyIconCompatibilityTerminal { correlation_id: "native:49872:63", host_generation: 1787222829806, icon_generation: Some(62), terminal: Applied, message: "" }
terminal=NotifyIconCompatibilityTerminal { correlation_id: "native:49872:63", host_generation: 1787222829806, icon_generation: Some(64), terminal: Applied, message: "" }
terminal=NotifyIconCompatibilityTerminal { correlation_id: "native:49872:65", host_generation: 1787222829806, icon_generation: Some(64), terminal: Applied, message: "" }
terminal=NotifyIconCompatibilityTerminal { correlation_id: "native:49872:65", host_generation: 1787222829806, icon_generation: Some(66), terminal: Applied, message: "" }
terminal=NotifyIconCompatibilityTerminal { correlation_id: "native:49872:67", host_generation: 1787222829806, icon_generation: Some(66), terminal: Applied, message: "" }
snapshot-icons=32
dwData=1 cbData=1484 bytes=2334753401000000bc03000060010100000000000300000065000000a3053b00430070007500200030000a0054006300630064002000230030003a0020003500
dwData=1 cbData=1484 bytes=2334753401000000bc03000060010100000000000500000065000000a3053b00430070007500200030000a0054006300630064002000230030003a0020003400
terminal=NotifyIconCompatibilityTerminal { correlation_id: "native:7616:67", host_generation: 1787222829806, icon_generation: None, terminal: InvalidRequest, message: "notify-icon-owner-or-identity-invalid" }
snapshot-icons=32
snapshot-icons=32
dwData=1 cbData=1484 bytes=2334753401000000bc03000060010100000000000500000065000000a3053b00430070007500200030000a0054006300630064002000230030003a0020003500
terminal=NotifyIconCompatibilityTerminal { correlation_id: "native:7616:67", host_generation: 1787222829806, icon_generation: None, terminal: InvalidRequest, message: "notify-icon-owner-or-identity-invalid" }
snapshot-icons=32
snapshot-icons=32
dwData=1 cbData=1484 bytes=2334753401000000bc03000060010100000000000500000065000000a3053b00430070007500200030000a0054006300630064002000230030003a0020003400
terminal=NotifyIconCompatibilityTerminal { correlation_id: "native:7616:67", host_generation: 1787222829806, icon_generation: None, terminal: InvalidRequest, message: "notify-icon-owner-or-identity-invalid" }
snapshot-icons=32
snapshot-icons=32
dwData=1 cbData=1484 bytes=2334753401000000bc03000060010100000000000300000065000000950ef424430070007500200030000a0054006300630064002000230030003a0020003400
dwData=1 cbData=1484 bytes=2334753401000000bc03000060010100000000000500000065000000950ef424430070007500200030000a0054006300630064002000230030003a0020003400
terminal=NotifyIconCompatibilityTerminal { correlation_id: "native:7616:67", host_generation: 1787222829806, icon_generation: None, terminal: InvalidRequest, message: "notify-icon-owner-or-identity-invalid" }
snapshot-icons=32
dwData=1 cbData=1484 bytes=2334753401000000bc030000600101000000000003000000650000009b114002430070007500200030000a0054006300630064002000230030003a0020003400
dwData=1 cbData=1484 bytes=2334753401000000bc030000600101000000000005000000650000009b114002430070007500200030000a0054006300630064002000230030003a0020003500
terminal=NotifyIconCompatibilityTerminal { correlation_id: "native:7616:67", host_generation: 1787222829806, icon_generation: None, terminal: InvalidRequest, message: "notify-icon-owner-or-identity-invalid" }
snapshot-icons=32
snapshot-icons=32
dwData=1 cbData=1484 bytes=2334753401000000bc03000060010100000000000300000065000000e1034502430070007500200030000a0054006300630064002000230030003a0020003500
dwData=1 cbData=1484 bytes=2334753401000000bc03000060010100000000000500000065000000e1034502430070007500200030000a0054006300630064002000230030003a0020003400
terminal=NotifyIconCompatibilityTerminal { correlation_id: "native:7616:67", host_generation: 1787222829806, icon_generation: None, terminal: InvalidRequest, message: "notify-icon-owner-or-identity-invalid" }
snapshot-icons=32
snapshot-icons=32
dwData=1 cbData=1484 bytes=2334753401000000bc03000060010100000000000300000065000000250fe823430070007500200030000a0054006300630064002000230030003a0020003400
dwData=1 cbData=1484 bytes=2334753401000000bc03000060010100000000000500000065000000250fe823430070007500200030000a0054006300630064002000230030003a0020003400
terminal=NotifyIconCompatibilityTerminal { correlation_id: "native:7616:67", host_generation: 1787222829806, icon_generation: None, terminal: InvalidRequest, message: "notify-icon-owner-or-identity-invalid" }
snapshot-icons=32
dwData=1 cbData=1484 bytes=2334753401000000bc030000600101000000000003000000650000001b11dd07430070007500200030000a0054006300630064002000230030003a0020003400
dwData=1 cbData=1484 bytes=2334753401000000bc030000600101000000000005000000650000001b11dd07430070007500200030000a0054006300630064002000230030003a0020003400
terminal=NotifyIconCompatibilityTerminal { correlation_id: "native:7616:67", host_generation: 1787222829806, icon_generation: None, terminal: InvalidRequest, message: "notify-icon-owner-or-identity-invalid" }
snapshot-icons=32
snapshot-icons=32
dwData=1 cbData=1484 bytes=2334753401000000bc03000060010100000000000300000065000000cd0e4803430070007500200030000a0054006300630064002000230030003a0020003400
dwData=1 cbData=1484 bytes=2334753401000000bc03000060010100000000000500000065000000cd0e4803430070007500200030000a0054006300630064002000230030003a0020003400
terminal=NotifyIconCompatibilityTerminal { correlation_id: "native:7616:67", host_generation: 1787222829806, icon_generation: None, terminal: InvalidRequest, message: "notify-icon-owner-or-identity-invalid" }
snapshot-icons=32
snapshot-icons=32
dwData=1 cbData=1484 bytes=2334753401000000bc030000600101000000000003000000650000007b100005430070007500200030000a0054006300630064002000230030003a0020003400
dwData=1 cbData=1484 bytes=2334753401000000bc030000600101000000000005000000650000007b100005430070007500200030000a0054006300630064002000230030003a0020003500
terminal=NotifyIconCompatibilityTerminal { correlation_id: "native:7616:67", host_generation: 1787222829806, icon_generation: None, terminal: InvalidRequest, message: "notify-icon-owner-or-identity-invalid" }
snapshot-icons=32
dwData=1 cbData=1484 bytes=2334753401000000bc030000600101000000000005000000650000007b100005430070007500200030000a0054006300630064002000230030003a0020003400
terminal=NotifyIconCompatibilityTerminal { correlation_id: "native:7616:67", host_generation: 1787222829806, icon_generation: None, terminal: InvalidRequest, message: "notify-icon-owner-or-identity-invalid" }
snapshot-icons=32
snapshot-icons=32
dwData=1 cbData=1484 bytes=2334753401000000bc030000600101000000000005000000650000007b100005430070007500200030000a0054006300630064002000230030003a0020003400
terminal=NotifyIconCompatibilityTerminal { correlation_id: "native:7616:67", host_generation: 1787222829806, icon_generation: None, terminal: InvalidRequest, message: "notify-icon-owner-or-identity-invalid" }
snapshot-icons=32
snapshot-icons=32
dwData=1 cbData=1484 bytes=2334753401000000bc030000600101000000000005000000650000007b100005430070007500200030000a0054006300630064002000230030003a0020003400
terminal=NotifyIconCompatibilityTerminal { correlation_id: "native:7616:67", host_generation: 1787222829806, icon_generation: None, terminal: InvalidRequest, message: "notify-icon-owner-or-identity-invalid" }
snapshot-icons=32
snapshot-icons=32
dwData=1 cbData=1484 bytes=2334753401000000bc030000600101000000000005000000650000007b100005430070007500200030000a0054006300630064002000230030003a0020003400
terminal=NotifyIconCompatibilityTerminal { correlation_id: "native:7616:67", host_generation: 1787222829806, icon_generation: None, terminal: InvalidRequest, message: "notify-icon-owner-or-identity-invalid" }
snapshot-icons=32
snapshot-icons=32
dwData=1 cbData=1484 bytes=2334753401000000bc030000600101000000000005000000650000007b100005430070007500200030000a0054006300630064002000230030003a0020003500
terminal=NotifyIconCompatibilityTerminal { correlation_id: "native:7616:67", host_generation: 1787222829806, icon_generation: None, terminal: InvalidRequest, message: "notify-icon-owner-or-identity-invalid" }
snapshot-icons=32
dwData=1 cbData=1484 bytes=2334753401000000bc030000600101000000000005000000650000007b100005430070007500200030000a0054006300630064002000230030003a0020003400
terminal=NotifyIconCompatibilityTerminal { correlation_id: "native:7616:67", host_generation: 1787222829806, icon_generation: None, terminal: InvalidRequest, message: "notify-icon-owner-or-identity-invalid" }
snapshot-icons=32
snapshot-icons=32
dwData=1 cbData=1484 bytes=2334753401000000bc03000060010100000000000300000065000000eb10b702430070007500200030000a0054006300630064002000230030003a0020003400
dwData=1 cbData=1484 bytes=2334753401000000bc03000060010100000000000500000065000000eb10b702430070007500200030000a0054006300630064002000230030003a0020003500
terminal=NotifyIconCompatibilityTerminal { correlation_id: "native:7616:67", host_generation: 1787222829806, icon_generation: None, terminal: InvalidRequest, message: "notify-icon-owner-or-identity-invalid" }
snapshot-icons=32
snapshot-icons=32
dwData=1 cbData=1484 bytes=2334753401000000bc03000060010100000000000500000065000000eb10b702430070007500200030000a0054006300630064002000230030003a0020003500
terminal=NotifyIconCompatibilityTerminal { correlation_id: "native:7616:67", host_generation: 1787222829806, icon_generation: None, terminal: InvalidRequest, message: "notify-icon-owner-or-identity-invalid" }
snapshot-icons=32
dwData=1 cbData=1484 bytes=2334753401000000bc03000060010100000000000500000065000000eb10b702430070007500200030000a0054006300630064002000230030003a0020003500
terminal=NotifyIconCompatibilityTerminal { correlation_id: "native:7616:67", host_generation: 1787222829806, icon_generation: None, terminal: InvalidRequest, message: "notify-icon-owner-or-identity-invalid" }
snapshot-icons=32
snapshot-icons=32
dwData=1 cbData=1484 bytes=2334753401000000bc03000060010100000000000500000065000000eb10b702430070007500200030000a0054006300630064002000230030003a0020003400
dwData=1 cbData=1484 bytes=2334753403000000bc030000b4100601591b0000d70000002580000033000100530075007000650072004400650073006b0074006f007000200063006f006d00
dwData=1 cbData=1484 bytes=2334753402000000bc030000b4100601591b0000d70000002580000033000100530075007000650072004400650073006b0074006f007000200063006f006d00
dwData=1 cbData=1484 bytes=2334753402000000bc030000b41006015a1b0000d70000002580000033000100530075007000650072004400650073006b0074006f007000200063006f006d00
dwData=1 cbData=1484 bytes=2334753402000000bc030000b41006015b1b0000d70000002580000033000100530075007000650072004400650073006b0074006f007000200063006f006d00
dwData=1 cbData=1484 bytes=2334753402000000bc030000b41006015c1b0000d70000002580000033000100530075007000650072004400650073006b0074006f007000200063006f006d00
dwData=1 cbData=1484 bytes=2334753402000000bc030000b41006015d1b0000d70000002580000033000100530075007000650072004400650073006b0074006f007000200063006f006d00
dwData=1 cbData=1484 bytes=2334753402000000bc030000b41006015e1b0000d70000002580000033000100530075007000650072004400650073006b0074006f007000200063006f006d00
dwData=1 cbData=1484 bytes=2334753402000000bc030000b41006015f1b0000d70000002580000033000100530075007000650072004400650073006b0074006f007000200063006f006d00
dwData=1 cbData=1484 bytes=2334753402000000bc030000b4100601601b0000d70000002580000033000100530075007000650072004400650073006b0074006f007000200063006f006d00
dwData=1 cbData=1484 bytes=2334753402000000bc030000b4100601611b0000d70000002580000033000100530075007000650072004400650073006b0074006f007000200063006f006d00
dwData=1 cbData=1484 bytes=2334753402000000bc030000b4100601621b0000d70000002580000033000100530075007000650072004400650073006b0074006f007000200063006f006d00
dwData=1 cbData=1484 bytes=2334753402000000bc030000b4100601631b0000d70000002580000033000100530075007000650072004400650073006b0074006f007000200063006f006d00
dwData=1 cbData=1484 bytes=2334753402000000bc030000b4100601641b0000d70000002580000033000100530075007000650072004400650073006b0074006f007000200063006f006d00
dwData=1 cbData=1484 bytes=2334753402000000bc030000b4100601651b0000d70000002580000033000100530075007000650072004400650073006b0074006f007000200063006f006d00
dwData=1 cbData=1484 bytes=2334753402000000bc030000b4100601661b0000d70000002580000033000100530075007000650072004400650073006b0074006f007000200063006f006d00
dwData=1 cbData=1484 bytes=2334753402000000bc030000b4100601671b0000d70000002580000033000100530075007000650072004400650073006b0074006f007000200063006f006d00
dwData=1 cbData=1484 bytes=2334753402000000bc030000b4100601681b0000d70000002580000033000100530075007000650072004400650073006b0074006f007000200063006f006d00
dwData=1 cbData=1484 bytes=2334753402000000bc030000b4100601691b0000d70000002580000033000100530075007000650072004400650073006b0074006f007000200063006f006d00
dwData=1 cbData=1484 bytes=2334753402000000bc030000b41006016a1b0000d70000002580000033000100530075007000650072004400650073006b0074006f007000200063006f006d00
dwData=1 cbData=1484 bytes=2334753402000000bc030000b41006016b1b0000d70000002580000033000100530075007000650072004400650073006b0074006f007000200063006f006d00
dwData=1 cbData=1484 bytes=2334753402000000bc030000b41006016c1b0000d70000002580000033000100530075007000650072004400650073006b0074006f007000200063006f006d00
terminal=NotifyIconCompatibilityTerminal { correlation_id: "native:7616:68", host_generation: 1787222829806, icon_generation: None, terminal: InvalidRequest, message: "notify-icon-owner-or-identity-invalid" }
terminal=NotifyIconCompatibilityTerminal { correlation_id: "native:49872:68", host_generation: 1787222829806, icon_generation: None, terminal: InvalidRequest, message: "notify-icon-owner-or-identity-invalid" }
terminal=NotifyIconCompatibilityTerminal { correlation_id: "native:49872:68", host_generation: 1787222829806, icon_generation: None, terminal: InvalidRequest, message: "notify-icon-owner-or-identity-invalid" }
terminal=NotifyIconCompatibilityTerminal { correlation_id: "native:49872:68", host_generation: 1787222829806, icon_generation: None, terminal: InvalidRequest, message: "notify-icon-owner-or-identity-invalid" }
terminal=NotifyIconCompatibilityTerminal { correlation_id: "native:49872:68", host_generation: 1787222829806, icon_generation: None, terminal: InvalidRequest, message: "notify-icon-owner-or-identity-invalid" }
terminal=NotifyIconCompatibilityTerminal { correlation_id: "native:49872:68", host_generation: 1787222829806, icon_generation: None, terminal: InvalidRequest, message: "notify-icon-owner-or-identity-invalid" }
terminal=NotifyIconCompatibilityTerminal { correlation_id: "native:49872:68", host_generation: 1787222829806, icon_generation: None, terminal: InvalidRequest, message: "notify-icon-owner-or-identity-invalid" }
terminal=NotifyIconCompatibilityTerminal { correlation_id: "native:49872:68", host_generation: 1787222829806, icon_generation: None, terminal: InvalidRequest, message: "notify-icon-owner-or-identity-invalid" }
terminal=NotifyIconCompatibilityTerminal { correlation_id: "native:49872:68", host_generation: 1787222829806, icon_generation: None, terminal: InvalidRequest, message: "notify-icon-owner-or-identity-invalid" }
terminal=NotifyIconCompatibilityTerminal { correlation_id: "native:49872:68", host_generation: 1787222829806, icon_generation: None, terminal: InvalidRequest, message: "notify-icon-owner-or-identity-invalid" }
terminal=NotifyIconCompatibilityTerminal { correlation_id: "native:49872:68", host_generation: 1787222829806, icon_generation: None, terminal: InvalidRequest, message: "notify-icon-owner-or-identity-invalid" }
terminal=NotifyIconCompatibilityTerminal { correlation_id: "native:49872:68", host_generation: 1787222829806, icon_generation: None, terminal: InvalidRequest, message: "notify-icon-owner-or-identity-invalid" }
terminal=NotifyIconCompatibilityTerminal { correlation_id: "native:49872:68", host_generation: 1787222829806, icon_generation: None, terminal: InvalidRequest, message: "notify-icon-owner-or-identity-invalid" }
terminal=NotifyIconCompatibilityTerminal { correlation_id: "native:49872:68", host_generation: 1787222829806, icon_generation: None, terminal: InvalidRequest, message: "notify-icon-owner-or-identity-invalid" }
terminal=NotifyIconCompatibilityTerminal { correlation_id: "native:49872:68", host_generation: 1787222829806, icon_generation: None, terminal: InvalidRequest, message: "notify-icon-owner-or-identity-invalid" }
terminal=NotifyIconCompatibilityTerminal { correlation_id: "native:49872:68", host_generation: 1787222829806, icon_generation: None, terminal: InvalidRequest, message: "notify-icon-owner-or-identity-invalid" }
terminal=NotifyIconCompatibilityTerminal { correlation_id: "native:49872:68", host_generation: 1787222829806, icon_generation: None, terminal: InvalidRequest, message: "notify-icon-owner-or-identity-invalid" }
terminal=NotifyIconCompatibilityTerminal { correlation_id: "native:49872:68", host_generation: 1787222829806, icon_generation: None, terminal: InvalidRequest, message: "notify-icon-owner-or-identity-invalid" }
terminal=NotifyIconCompatibilityTerminal { correlation_id: "native:49872:68", host_generation: 1787222829806, icon_generation: None, terminal: InvalidRequest, message: "notify-icon-owner-or-identity-invalid" }
terminal=NotifyIconCompatibilityTerminal { correlation_id: "native:49872:68", host_generation: 1787222829806, icon_generation: None, terminal: InvalidRequest, message: "notify-icon-owner-or-identity-invalid" }
terminal=NotifyIconCompatibilityTerminal { correlation_id: "native:49872:68", host_generation: 1787222829806, icon_generation: None, terminal: InvalidRequest, message: "notify-icon-owner-or-identity-invalid" }
terminal=NotifyIconCompatibilityTerminal { correlation_id: "native:49872:68", host_generation: 1787222829806, icon_generation: None, terminal: InvalidRequest, message: "notify-icon-owner-or-identity-invalid" }
snapshot-icons=12
snapshot-icons=12
dwData=1 cbData=1484 bytes=2334753401000000bc03000060010100000000000300000065000000bf109107430070007500200030000a0054006300630064002000230030003a0020003400
dwData=1 cbData=1484 bytes=2334753401000000bc03000060010100000000000500000065000000bf109107430070007500200030000a0054006300630064002000230030003a0020003500
terminal=NotifyIconCompatibilityTerminal { correlation_id: "native:7616:68", host_generation: 1787222829806, icon_generation: None, terminal: InvalidRequest, message: "notify-icon-owner-or-identity-invalid" }
snapshot-icons=12
dwData=1 cbData=1484 bytes=2334753401000000bc03000060010100000000000500000065000000bf109107430070007500200030000a0054006300630064002000230030003a0020003500
terminal=NotifyIconCompatibilityTerminal { correlation_id: "native:7616:68", host_generation: 1787222829806, icon_generation: None, terminal: InvalidRequest, message: "notify-icon-owner-or-identity-invalid" }
snapshot-icons=12
snapshot-icons=12
dwData=1 cbData=1484 bytes=2334753401000000bc0300006001010000000000030000006500000059101104430070007500200030000a0054006300630064002000230030003a0020003500
dwData=1 cbData=1484 bytes=2334753401000000bc0300006001010000000000050000006500000059101104430070007500200030000a0054006300630064002000230030003a0020003500
dwData=1 cbData=1484 bytes=2334753400000000bc030000ea020800020000000700000072170000a3010e0052007500730074004400650073006b0020002d002000315cd27d0a0031002000
dwData=1 cbData=1484 bytes=2334753402000000bc03000050090100030000000000000000000000000000000000000000000000000000000000000000000000000000000000000000000000
dwData=1 cbData=1484 bytes=2334753400000000bc030000bc06020001000000070000000008000011073800540069006d00650053006e006100700070006500720020002800410063007400
dwData=1 cbData=1484 bytes=2334753402000000bc03000092071600030000002000000000000000000000000000000000000000000000000000000000000000000000000000000000000000
dwData=1 cbData=1484 bytes=2334753400000000bc030000d2020300000000000700000000140000e9028c00450076006500720079007400680069006e006700000000000000000000000000
dwData=1 cbData=1484 bytes=2334753402000000bc030000e8020600010000000700000001040000000000000000000000000000000000000000000000000000000000000000000000000000
dwData=1 cbData=1484 bytes=2334753400000000bc030000f20305000100000087000000018000008d047b004d0075004d00750050006c006100790065007200000000000000000000000000
dwData=1 cbData=1484 bytes=2334753402000000bc030000e80a0a00030000002000000000000000000000000000000000000000000000000000000000000000000000000000000000000000
dwData=1 cbData=1484 bytes=2334753402000000bc030000a8090100010000000700000000080000e10902004d006100610041007300730069007300740061006e007400410072006b006e00
dwData=1 cbData=1484 bytes=2334753402000000bc0300009407080001000000a700000003040000ab091a0a4d006900630072006f0073006f00660074002000330036003500200043006f00
dwData=1 cbData=1484 bytes=2334753402000000bc030000ae0302008200000000000000640400003304060044006900740074006f0000000000000000000000000000000000000000000000
dwData=1 cbData=1484 bytes=2334753401000000bc030000e205030064000000ae00000000000000890ef802570069006e0064006f00770073002000895b6851276020002d002000fa5e708b
dwData=1 cbData=1484 bytes=2334753400000000bc03000050090100030000000300000001800000550901000000000000000000000000000000000000000000000000000000000000000000
dwData=1 cbData=1484 bytes=2334753400000000bc030000c4107e00000000008f00000065800000a0110600b06548722c670b4e7d8f2d4e20003500370032002e00390031004d0042002f00
dwData=1 cbData=1484 bytes=2334753402000000bc0300003a080800070000000000000000000000000000000000000000000000000000000000000000000000000000000000000000000000
dwData=1 cbData=1484 bytes=2334753401000000bc03000060010100000000000700000065000000d3043b4d430070007500200030000a0054006300630064002000230030003a0020003400
dwData=1 cbData=1484 bytes=2334753400000000bc03000092071600030000002300000001800000bb0602000000000000000000000000000000000000000000000000000000000000000000
dwData=1 cbData=1484 bytes=2334753400000000bc030000e80a0a000300000027000000018000008a0b26004300680061007400470050005400000000000000000000000000000000000000
dwData=1 cbData=1484 bytes=2334753400000000bc030000a8090100010000000700000000080000e10902004d006100610041007300730069007300740061006e007400410072006b006e00
dwData=1 cbData=1484 bytes=2334753400000000bc0300009407080001000000a700000003040000ab091a0a4d006900630072006f0073006f00660074002000330036003500200043006f00
dwData=1 cbData=1484 bytes=2334753400000000bc030000ae0302008200000007000000640400003304060044006900740074006f0000000000000000000000000000000000000000000000
dwData=1 cbData=1484 bytes=2334753404000000bc030000c4107e00000000008f00000065800000a0110600b06548722c670b4e7d8f2d4e20003500370032002e00390031004d0042002f00
dwData=1 cbData=1484 bytes=2334753400000000bc0300003a0808000700000003000000018000003f090e000000000000000000000000000000000000000000000000000000000000000000
dwData=1 cbData=1484 bytes=2334753404000000bc0300009407080001000000a700000003040000ab091a0a4d006900630072006f0073006f00660074002000330036003500200043006f00
dwData=1 cbData=1484 bytes=2334753401000000bc03000060010100000000000700000065000000d3043c4d430070007500200030000a0054006300630064002000230030003a0020003400
dwData=1 cbData=1484 bytes=2334753401000000bc03000060010100000000000700000065000000d3043e4d430070007500200030000a0054006300630064002000230030003a0020003400
dwData=1 cbData=1484 bytes=2334753402000000bc03000060010100000000000700000065000000d3043e4d430070007500200030000a0054006300630064002000230030003a0020003400
terminal=NotifyIconCompatibilityTerminal { correlation_id: "native:18828:2", host_generation: 1787222888887, icon_generation: Some(1), terminal: Applied, message: "" }
terminal=NotifyIconCompatibilityTerminal { correlation_id: "native:27612:2", host_generation: 1787222888887, icon_generation: Some(3), terminal: NoChange, message: "" }
terminal=NotifyIconCompatibilityTerminal { correlation_id: "native:33372:4", host_generation: 1787222888887, icon_generation: Some(3), terminal: Applied, message: "" }
terminal=NotifyIconCompatibilityTerminal { correlation_id: "native:23428:4", host_generation: 1787222888887, icon_generation: Some(5), terminal: NoChange, message: "" }
terminal=NotifyIconCompatibilityTerminal { correlation_id: "native:18180:4", host_generation: 1787222888887, icon_generation: None, terminal: InvalidRequest, message: "notify-icon-owner-or-identity-invalid" }
terminal=NotifyIconCompatibilityTerminal { correlation_id: "native:14740:4", host_generation: 1787222888887, icon_generation: Some(5), terminal: NoChange, message: "" }
terminal=NotifyIconCompatibilityTerminal { correlation_id: "native:21628:6", host_generation: 1787222888887, icon_generation: Some(5), terminal: Applied, message: "" }
terminal=NotifyIconCompatibilityTerminal { correlation_id: "native:31492:6", host_generation: 1787222888887, icon_generation: Some(7), terminal: NoChange, message: "" }
terminal=NotifyIconCompatibilityTerminal { correlation_id: "native:31292:6", host_generation: 1787222888887, icon_generation: Some(7), terminal: NoChange, message: "" }
terminal=NotifyIconCompatibilityTerminal { correlation_id: "native:39188:6", host_generation: 1787222888887, icon_generation: Some(7), terminal: NoChange, message: "" }
terminal=NotifyIconCompatibilityTerminal { correlation_id: "native:21196:6", host_generation: 1787222888887, icon_generation: Some(7), terminal: NoChange, message: "" }
terminal=NotifyIconCompatibilityTerminal { correlation_id: "native:17868:6", host_generation: 1787222888887, icon_generation: None, terminal: InvalidRequest, message: "notify-icon-owned-invalid" }
terminal=NotifyIconCompatibilityTerminal { correlation_id: "native:27612:8", host_generation: 1787222888887, icon_generation: Some(7), terminal: Applied, message: "" }
terminal=NotifyIconCompatibilityTerminal { correlation_id: "native:15400:8", host_generation: 1787222888887, icon_generation: None, terminal: InvalidRequest, message: "notify-icon-owner-or-identity-invalid" }
terminal=NotifyIconCompatibilityTerminal { correlation_id: "native:30136:8", host_generation: 1787222888887, icon_generation: Some(9), terminal: NoChange, message: "" }
terminal=NotifyIconCompatibilityTerminal { correlation_id: "native:7616:8", host_generation: 1787222888887, icon_generation: None, terminal: InvalidRequest, message: "notify-icon-owner-or-identity-invalid" }
terminal=NotifyIconCompatibilityTerminal { correlation_id: "native:23428:10", host_generation: 1787222888887, icon_generation: Some(9), terminal: Applied, message: "" }
terminal=NotifyIconCompatibilityTerminal { correlation_id: "native:31492:12", host_generation: 1787222888887, icon_generation: Some(11), terminal: Applied, message: "" }
terminal=NotifyIconCompatibilityTerminal { correlation_id: "native:31292:14", host_generation: 1787222888887, icon_generation: Some(13), terminal: Applied, message: "" }
terminal=NotifyIconCompatibilityTerminal { correlation_id: "native:39188:16", host_generation: 1787222888887, icon_generation: Some(15), terminal: Applied, message: "" }
terminal=NotifyIconCompatibilityTerminal { correlation_id: "native:21196:18", host_generation: 1787222888887, icon_generation: Some(17), terminal: Applied, message: "" }
terminal=NotifyIconCompatibilityTerminal { correlation_id: "native:15400:18", host_generation: 1787222888887, icon_generation: None, terminal: InvalidRequest, message: "notify-icon-owner-or-identity-invalid" }
terminal=NotifyIconCompatibilityTerminal { correlation_id: "native:30136:20", host_generation: 1787222888887, icon_generation: Some(19), terminal: Applied, message: "" }
terminal=NotifyIconCompatibilityTerminal { correlation_id: "native:39188:20", host_generation: 1787222888887, icon_generation: Some(21), terminal: Applied, message: "" }
dwData=1 cbData=1484 bytes=2334753400000000bc030000600101001b0000000700000065000000d304414d43006f00720065002000540065006d0070002000760065007200730069006f00
dwData=1 cbData=1484 bytes=2334753401000000bc030000600101001b00000002000000650000009d02010043006f00720065002000540065006d0070002000760065007200730069006f00
dwData=1 cbData=1484 bytes=2334753401000000bc030000600101001b00000002000000650000009d02010043006f00720065002000540065006d0070002000760065007200730069006f00
dwData=1 cbData=1484 bytes=2334753400000000bc03000060010100000000000700000065000000d304424d430070007500200030000a0054006300630064002000230030003a0020003400
dwData=1 cbData=1484 bytes=2334753402000000bc030000600101001b00000002000000650000009d02010043006f00720065002000540065006d0070002000760065007200730069006f00
snapshot-icons=10
dwData=1 cbData=1484 bytes=2334753400000000bc0300001403080001000000870000005480000035070a0e45007000690063002000470061006d006500730020005f55d552685600000000
dwData=1 cbData=1484 bytes=2334753401000000bc030000600101000000000003000000650000007d10fc09430070007500200030000a0054006300630064002000230030003a0020003400
dwData=1 cbData=1484 bytes=2334753401000000bc030000600101000000000005000000650000007d10fc09430070007500200030000a0054006300630064002000230030003a0020003400
dwData=1 cbData=1484 bytes=2334753400000000bc030000e80206000100000007000000010400002f090a0053007400650061006d0000000000000000000000000000000000000000000000
dwData=1 cbData=1484 bytes=2334753400000000bc03000054120800591b0000d70000002580000033000100530075007000650072004400650073006b0074006f007000200063006f006d00
dwData=1 cbData=1484 bytes=2334753404000000bc03000054120800591b0000d70000002580000033000100530075007000650072004400650073006b0074006f007000200063006f006d00
dwData=1 cbData=1484 bytes=2334753400000000bc030000541208005a1b0000d70000002580000033000100530075007000650072004400650073006b0074006f007000200063006f006d00
dwData=1 cbData=1484 bytes=2334753404000000bc030000541208005a1b0000d70000002580000033000100530075007000650072004400650073006b0074006f007000200063006f006d00
terminal=NotifyIconCompatibilityTerminal { correlation_id: "native:7616:20", host_generation: 1787222888887, icon_generation: None, terminal: InvalidRequest, message: "notify-icon-owner-or-identity-invalid" }
terminal=NotifyIconCompatibilityTerminal { correlation_id: "native:7616:20", host_generation: 1787222888887, icon_generation: None, terminal: InvalidRequest, message: "notify-icon-copy-failed" }
terminal=NotifyIconCompatibilityTerminal { correlation_id: "native:7616:20", host_generation: 1787222888887, icon_generation: Some(21), terminal: NoChange, message: "" }
terminal=NotifyIconCompatibilityTerminal { correlation_id: "native:7616:20", host_generation: 1787222888887, icon_generation: None, terminal: InvalidRequest, message: "notify-icon-owner-or-identity-invalid" }
terminal=NotifyIconCompatibilityTerminal { correlation_id: "native:7616:20", host_generation: 1787222888887, icon_generation: Some(21), terminal: NoChange, message: "" }
terminal=NotifyIconCompatibilityTerminal { correlation_id: "native:20784:22", host_generation: 1787222888887, icon_generation: Some(21), terminal: Applied, message: "" }
terminal=NotifyIconCompatibilityTerminal { correlation_id: "native:7616:22", host_generation: 1787222888887, icon_generation: None, terminal: InvalidRequest, message: "notify-icon-owner-or-identity-invalid" }
terminal=NotifyIconCompatibilityTerminal { correlation_id: "native:14740:24", host_generation: 1787222888887, icon_generation: Some(23), terminal: Applied, message: "" }
terminal=NotifyIconCompatibilityTerminal { correlation_id: "native:41076:27", host_generation: 1787222888887, icon_generation: Some(25), terminal: Applied, message: "" }
terminal=NotifyIconCompatibilityTerminal { correlation_id: "native:41076:27", host_generation: 1787222888887, icon_generation: Some(28), terminal: Applied, message: "" }
terminal=NotifyIconCompatibilityTerminal { correlation_id: "native:41076:29", host_generation: 1787222888887, icon_generation: Some(28), terminal: Applied, message: "" }
terminal=NotifyIconCompatibilityTerminal { correlation_id: "native:41076:29", host_generation: 1787222888887, icon_generation: Some(30), terminal: Applied, message: "" }
snapshot-icons=14
dwData=1 cbData=1484 bytes=2334753400000000bc030000541208005b1b0000d70000002580000033000100530075007000650072004400650073006b0074006f007000200063006f006d00
dwData=1 cbData=1484 bytes=2334753404000000bc030000541208005b1b0000d70000002580000033000100530075007000650072004400650073006b0074006f007000200063006f006d00
dwData=1 cbData=1484 bytes=2334753400000000bc030000541208005c1b0000d70000002580000033000100530075007000650072004400650073006b0074006f007000200063006f006d00
dwData=1 cbData=1484 bytes=2334753404000000bc030000541208005c1b0000d70000002580000033000100530075007000650072004400650073006b0074006f007000200063006f006d00
dwData=1 cbData=1484 bytes=2334753404000000bc03000014030800010000000000000000000000000000000000000000000000000000000000000000000000000000000000000000000000
dwData=1 cbData=1484 bytes=2334753400000000bc030000541208005d1b0000d70000002580000033000100530075007000650072004400650073006b0074006f007000200063006f006d00
dwData=1 cbData=1484 bytes=2334753404000000bc030000541208005d1b0000d70000002580000033000100530075007000650072004400650073006b0074006f007000200063006f006d00
dwData=1 cbData=1484 bytes=2334753401000000bc030000600101000000000003000000650000002312b201430070007500200030000a0054006300630064002000230030003a0020003400
dwData=1 cbData=1484 bytes=2334753401000000bc030000600101000000000005000000650000002312b201430070007500200030000a0054006300630064002000230030003a0020003400
dwData=1 cbData=1484 bytes=2334753400000000bc030000541208005e1b0000d70000002580000033000100530075007000650072004400650073006b0074006f007000200063006f006d00
dwData=1 cbData=1484 bytes=2334753404000000bc030000541208005e1b0000d70000002580000033000100530075007000650072004400650073006b0074006f007000200063006f006d00
dwData=1 cbData=1484 bytes=2334753400000000bc030000541208005f1b0000d70000002580000033000100530075007000650072004400650073006b0074006f007000200063006f006d00
dwData=1 cbData=1484 bytes=2334753404000000bc030000541208005f1b0000d70000002580000033000100530075007000650072004400650073006b0074006f007000200063006f006d00
dwData=1 cbData=1484 bytes=2334753400000000bc03000054120800601b0000d70000002580000033000100530075007000650072004400650073006b0074006f007000200063006f006d00
dwData=1 cbData=1484 bytes=2334753404000000bc03000054120800601b0000d70000002580000033000100530075007000650072004400650073006b0074006f007000200063006f006d00
dwData=1 cbData=1484 bytes=2334753400000000bc03000054120800611b0000d70000002580000033000100530075007000650072004400650073006b0074006f007000200063006f006d00
dwData=1 cbData=1484 bytes=2334753404000000bc03000054120800611b0000d70000002580000033000100530075007000650072004400650073006b0074006f007000200063006f006d00
terminal=NotifyIconCompatibilityTerminal { correlation_id: "native:41076:31", host_generation: 1787222888887, icon_generation: Some(30), terminal: Applied, message: "" }
terminal=NotifyIconCompatibilityTerminal { correlation_id: "native:41076:31", host_generation: 1787222888887, icon_generation: Some(32), terminal: Applied, message: "" }
terminal=NotifyIconCompatibilityTerminal { correlation_id: "native:41076:33", host_generation: 1787222888887, icon_generation: Some(32), terminal: Applied, message: "" }
terminal=NotifyIconCompatibilityTerminal { correlation_id: "native:41076:33", host_generation: 1787222888887, icon_generation: Some(34), terminal: Applied, message: "" }
terminal=NotifyIconCompatibilityTerminal { correlation_id: "native:20784:33", host_generation: 1787222888887, icon_generation: Some(34), terminal: Applied, message: "" }
terminal=NotifyIconCompatibilityTerminal { correlation_id: "native:41076:35", host_generation: 1787222888887, icon_generation: Some(34), terminal: Applied, message: "" }
terminal=NotifyIconCompatibilityTerminal { correlation_id: "native:41076:35", host_generation: 1787222888887, icon_generation: Some(36), terminal: Applied, message: "" }
terminal=NotifyIconCompatibilityTerminal { correlation_id: "native:7616:35", host_generation: 1787222888887, icon_generation: None, terminal: InvalidRequest, message: "notify-icon-owner-or-identity-invalid" }
terminal=NotifyIconCompatibilityTerminal { correlation_id: "native:41076:37", host_generation: 1787222888887, icon_generation: Some(36), terminal: Applied, message: "" }
terminal=NotifyIconCompatibilityTerminal { correlation_id: "native:41076:37", host_generation: 1787222888887, icon_generation: Some(38), terminal: Applied, message: "" }
terminal=NotifyIconCompatibilityTerminal { correlation_id: "native:41076:39", host_generation: 1787222888887, icon_generation: Some(38), terminal: Applied, message: "" }
terminal=NotifyIconCompatibilityTerminal { correlation_id: "native:41076:39", host_generation: 1787222888887, icon_generation: Some(40), terminal: Applied, message: "" }
terminal=NotifyIconCompatibilityTerminal { correlation_id: "native:41076:41", host_generation: 1787222888887, icon_generation: Some(40), terminal: Applied, message: "" }
terminal=NotifyIconCompatibilityTerminal { correlation_id: "native:41076:41", host_generation: 1787222888887, icon_generation: Some(42), terminal: Applied, message: "" }
terminal=NotifyIconCompatibilityTerminal { correlation_id: "native:41076:43", host_generation: 1787222888887, icon_generation: Some(42), terminal: Applied, message: "" }
terminal=NotifyIconCompatibilityTerminal { correlation_id: "native:41076:43", host_generation: 1787222888887, icon_generation: Some(44), terminal: Applied, message: "" }
snapshot-icons=21
dwData=1 cbData=1484 bytes=2334753400000000bc03000054120800621b0000d70000002580000033000100530075007000650072004400650073006b0074006f007000200063006f006d00
dwData=1 cbData=1484 bytes=2334753404000000bc03000054120800621b0000d70000002580000033000100530075007000650072004400650073006b0074006f007000200063006f006d00
dwData=1 cbData=1484 bytes=2334753400000000bc03000054120800631b0000d70000002580000033000100530075007000650072004400650073006b0074006f007000200063006f006d00
dwData=1 cbData=1484 bytes=2334753404000000bc03000054120800631b0000d70000002580000033000100530075007000650072004400650073006b0074006f007000200063006f006d00
dwData=1 cbData=1484 bytes=2334753400000000bc03000054120800641b0000d70000002580000033000100530075007000650072004400650073006b0074006f007000200063006f006d00
dwData=1 cbData=1484 bytes=2334753404000000bc03000054120800641b0000d70000002580000033000100530075007000650072004400650073006b0074006f007000200063006f006d00
dwData=1 cbData=1484 bytes=2334753400000000bc03000054120800651b0000d70000002580000033000100530075007000650072004400650073006b0074006f007000200063006f006d00
dwData=1 cbData=1484 bytes=2334753404000000bc03000054120800651b0000d70000002580000033000100530075007000650072004400650073006b0074006f007000200063006f006d00
dwData=1 cbData=1484 bytes=2334753400000000bc03000054120800661b0000d70000002580000033000100530075007000650072004400650073006b0074006f007000200063006f006d00
dwData=1 cbData=1484 bytes=2334753404000000bc03000054120800661b0000d70000002580000033000100530075007000650072004400650073006b0074006f007000200063006f006d00
dwData=1 cbData=1484 bytes=2334753400000000bc03000054120800671b0000d70000002580000033000100530075007000650072004400650073006b0074006f007000200063006f006d00
dwData=1 cbData=1484 bytes=2334753404000000bc03000054120800671b0000d70000002580000033000100530075007000650072004400650073006b0074006f007000200063006f006d00
dwData=1 cbData=1484 bytes=2334753400000000bc03000054120800681b0000d70000002580000033000100530075007000650072004400650073006b0074006f007000200063006f006d00
dwData=1 cbData=1484 bytes=2334753404000000bc03000054120800681b0000d70000002580000033000100530075007000650072004400650073006b0074006f007000200063006f006d00
terminal=NotifyIconCompatibilityTerminal { correlation_id: "native:41076:45", host_generation: 1787222888887, icon_generation: Some(44), terminal: Applied, message: "" }
terminal=NotifyIconCompatibilityTerminal { correlation_id: "native:41076:45", host_generation: 1787222888887, icon_generation: Some(46), terminal: Applied, message: "" }
terminal=NotifyIconCompatibilityTerminal { correlation_id: "native:41076:47", host_generation: 1787222888887, icon_generation: Some(46), terminal: Applied, message: "" }
terminal=NotifyIconCompatibilityTerminal { correlation_id: "native:41076:47", host_generation: 1787222888887, icon_generation: Some(48), terminal: Applied, message: "" }
terminal=NotifyIconCompatibilityTerminal { correlation_id: "native:41076:49", host_generation: 1787222888887, icon_generation: Some(48), terminal: Applied, message: "" }
terminal=NotifyIconCompatibilityTerminal { correlation_id: "native:41076:49", host_generation: 1787222888887, icon_generation: Some(50), terminal: Applied, message: "" }
terminal=NotifyIconCompatibilityTerminal { correlation_id: "native:41076:51", host_generation: 1787222888887, icon_generation: Some(50), terminal: Applied, message: "" }
terminal=NotifyIconCompatibilityTerminal { correlation_id: "native:41076:51", host_generation: 1787222888887, icon_generation: Some(52), terminal: Applied, message: "" }
terminal=NotifyIconCompatibilityTerminal { correlation_id: "native:41076:53", host_generation: 1787222888887, icon_generation: Some(52), terminal: Applied, message: "" }
terminal=NotifyIconCompatibilityTerminal { correlation_id: "native:41076:53", host_generation: 1787222888887, icon_generation: Some(54), terminal: Applied, message: "" }
terminal=NotifyIconCompatibilityTerminal { correlation_id: "native:41076:55", host_generation: 1787222888887, icon_generation: Some(54), terminal: Applied, message: "" }
terminal=NotifyIconCompatibilityTerminal { correlation_id: "native:41076:55", host_generation: 1787222888887, icon_generation: Some(56), terminal: Applied, message: "" }
terminal=NotifyIconCompatibilityTerminal { correlation_id: "native:41076:57", host_generation: 1787222888887, icon_generation: Some(56), terminal: Applied, message: "" }
terminal=NotifyIconCompatibilityTerminal { correlation_id: "native:41076:57", host_generation: 1787222888887, icon_generation: Some(58), terminal: Applied, message: "" }
snapshot-icons=28
dwData=1 cbData=1484 bytes=2334753400000000bc03000054120800691b0000d70000002580000033000100530075007000650072004400650073006b0074006f007000200063006f006d00
dwData=1 cbData=1484 bytes=2334753404000000bc03000054120800691b0000d70000002580000033000100530075007000650072004400650073006b0074006f007000200063006f006d00
dwData=1 cbData=1484 bytes=2334753401000000bc0300006001010000000000030000006500000085110301430070007500200030000a0054006300630064002000230030003a0020003400
dwData=1 cbData=1484 bytes=2334753401000000bc0300006001010000000000050000006500000085110301430070007500200030000a0054006300630064002000230030003a0020003400
dwData=1 cbData=1484 bytes=2334753400000000bc030000541208006a1b0000d70000002580000033000100530075007000650072004400650073006b0074006f007000200063006f006d00
dwData=1 cbData=1484 bytes=2334753404000000bc030000541208006a1b0000d70000002580000033000100530075007000650072004400650073006b0074006f007000200063006f006d00
dwData=1 cbData=1484 bytes=2334753400000000bc030000541208006b1b0000d70000002580000033000100530075007000650072004400650073006b0074006f007000200063006f006d00
dwData=1 cbData=1484 bytes=2334753404000000bc030000541208006b1b0000d70000002580000033000100530075007000650072004400650073006b0074006f007000200063006f006d00
dwData=1 cbData=1484 bytes=2334753400000000bc030000541208006c1b0000d70000002580000033000100530075007000650072004400650073006b0074006f007000200063006f006d00
dwData=1 cbData=1484 bytes=2334753404000000bc030000541208006c1b0000d70000002580000033000100530075007000650072004400650073006b0074006f007000200063006f006d00
dwData=1 cbData=1484 bytes=2334753401000000bc03000054120800591b0000d70000002580000033000100530075007000650072004400650073006b0074006f007000200063006f006d00
terminal=NotifyIconCompatibilityTerminal { correlation_id: "native:41076:59", host_generation: 1787222888887, icon_generation: Some(58), terminal: Applied, message: "" }
terminal=NotifyIconCompatibilityTerminal { correlation_id: "native:41076:59", host_generation: 1787222888887, icon_generation: Some(60), terminal: Applied, message: "" }
terminal=NotifyIconCompatibilityTerminal { correlation_id: "native:7616:59", host_generation: 1787222888887, icon_generation: None, terminal: InvalidRequest, message: "notify-icon-owner-or-identity-invalid" }
terminal=NotifyIconCompatibilityTerminal { correlation_id: "native:41076:61", host_generation: 1787222888887, icon_generation: Some(60), terminal: Applied, message: "" }
terminal=NotifyIconCompatibilityTerminal { correlation_id: "native:41076:61", host_generation: 1787222888887, icon_generation: Some(62), terminal: Applied, message: "" }
terminal=NotifyIconCompatibilityTerminal { correlation_id: "native:41076:63", host_generation: 1787222888887, icon_generation: Some(62), terminal: Applied, message: "" }
terminal=NotifyIconCompatibilityTerminal { correlation_id: "native:41076:63", host_generation: 1787222888887, icon_generation: Some(64), terminal: Applied, message: "" }
terminal=NotifyIconCompatibilityTerminal { correlation_id: "native:41076:65", host_generation: 1787222888887, icon_generation: Some(64), terminal: Applied, message: "" }
terminal=NotifyIconCompatibilityTerminal { correlation_id: "native:41076:65", host_generation: 1787222888887, icon_generation: Some(66), terminal: Applied, message: "" }
terminal=NotifyIconCompatibilityTerminal { correlation_id: "native:41076:67", host_generation: 1787222888887, icon_generation: Some(66), terminal: Applied, message: "" }
snapshot-icons=32
dwData=1 cbData=1484 bytes=2334753401000000bc03000060010100000000000300000065000000f10fd16b430070007500200030000a0054006300630064002000230030003a0020003400
dwData=1 cbData=1484 bytes=2334753401000000bc03000060010100000000000500000065000000f10fd16b430070007500200030000a0054006300630064002000230030003a0020003400
terminal=NotifyIconCompatibilityTerminal { correlation_id: "native:7616:67", host_generation: 1787222888887, icon_generation: None, terminal: InvalidRequest, message: "notify-icon-owner-or-identity-invalid" }
snapshot-icons=32
snapshot-icons=32
dwData=1 cbData=1484 bytes=2334753401000000bc03000060010100000000000300000065000000e1123801430070007500200030000a0054006300630064002000230030003a0020003400
dwData=1 cbData=1484 bytes=2334753401000000bc03000060010100000000000500000065000000e1123801430070007500200030000a0054006300630064002000230030003a0020003500
terminal=NotifyIconCompatibilityTerminal { correlation_id: "native:7616:67", host_generation: 1787222888887, icon_generation: None, terminal: InvalidRequest, message: "notify-icon-owner-or-identity-invalid" }
snapshot-icons=32
snapshot-icons=32
dwData=1 cbData=1484 bytes=2334753401000000bc03000060010100000000000500000065000000e1123801430070007500200030000a0054006300630064002000230030003a0020003400
terminal=NotifyIconCompatibilityTerminal { correlation_id: "native:7616:67", host_generation: 1787222888887, icon_generation: None, terminal: InvalidRequest, message: "notify-icon-owner-or-identity-invalid" }
snapshot-icons=32
dwData=1 cbData=1484 bytes=2334753401000000bc03000060010100000000000500000065000000e1123801430070007500200030000a0054006300630064002000230030003a0020003400
terminal=NotifyIconCompatibilityTerminal { correlation_id: "native:7616:67", host_generation: 1787222888887, icon_generation: None, terminal: InvalidRequest, message: "notify-icon-owner-or-identity-invalid" }
snapshot-icons=32
snapshot-icons=32
dwData=1 cbData=1484 bytes=2334753401000000bc0300006001010000000000030000006500000007118402430070007500200030000a0054006300630064002000230030003a0020003400
dwData=1 cbData=1484 bytes=2334753401000000bc0300006001010000000000050000006500000007118402430070007500200030000a0054006300630064002000230030003a0020003400
terminal=NotifyIconCompatibilityTerminal { correlation_id: "native:7616:67", host_generation: 1787222888887, icon_generation: None, terminal: InvalidRequest, message: "notify-icon-owner-or-identity-invalid" }
snapshot-icons=32
snapshot-icons=32
dwData=1 cbData=1484 bytes=2334753401000000bc03000060010100000000000300000065000000ab0f5510430070007500200030000a0054006300630064002000230030003a0020003400
dwData=1 cbData=1484 bytes=2334753401000000bc03000060010100000000000500000065000000ab0f5510430070007500200030000a0054006300630064002000230030003a0020003400
terminal=NotifyIconCompatibilityTerminal { correlation_id: "native:7616:67", host_generation: 1787222888887, icon_generation: None, terminal: InvalidRequest, message: "notify-icon-owner-or-identity-invalid" }
snapshot-icons=32
snapshot-icons=32
dwData=1 cbData=1484 bytes=2334753401000000bc03000060010100000000000300000065000000010ce302430070007500200030000a0054006300630064002000230030003a0020003400
dwData=1 cbData=1484 bytes=2334753401000000bc03000060010100000000000500000065000000010ce302430070007500200030000a0054006300630064002000230030003a0020003400
terminal=NotifyIconCompatibilityTerminal { correlation_id: "native:7616:67", host_generation: 1787222888887, icon_generation: None, terminal: InvalidRequest, message: "notify-icon-owner-or-identity-invalid" }
snapshot-icons=32
dwData=1 cbData=1484 bytes=2334753401000000bc030000600101000000000003000000650000009b0ee301430070007500200030000a0054006300630064002000230030003a0020003400
dwData=1 cbData=1484 bytes=2334753401000000bc030000600101000000000005000000650000009b0ee301430070007500200030000a0054006300630064002000230030003a0020003400
terminal=NotifyIconCompatibilityTerminal { correlation_id: "native:7616:67", host_generation: 1787222888887, icon_generation: None, terminal: InvalidRequest, message: "notify-icon-owner-or-identity-invalid" }
snapshot-icons=32
snapshot-icons=32
dwData=1 cbData=1484 bytes=2334753401000000bc030000600101000000000005000000650000009b0ee301430070007500200030000a0054006300630064002000230030003a0020003400
terminal=NotifyIconCompatibilityTerminal { correlation_id: "native:7616:67", host_generation: 1787222888887, icon_generation: None, terminal: InvalidRequest, message: "notify-icon-owner-or-identity-invalid" }
snapshot-icons=32
snapshot-icons=32
dwData=1 cbData=1484 bytes=2334753401000000bc03000060010100000000000300000065000000010c1703430070007500200030000a0054006300630064002000230030003a0020003400
dwData=1 cbData=1484 bytes=2334753401000000bc03000060010100000000000500000065000000010c1703430070007500200030000a0054006300630064002000230030003a0020003400
terminal=NotifyIconCompatibilityTerminal { correlation_id: "native:7616:67", host_generation: 1787222888887, icon_generation: None, terminal: InvalidRequest, message: "notify-icon-owner-or-identity-invalid" }
snapshot-icons=32
dwData=1 cbData=1484 bytes=2334753401000000bc03000060010100000000000500000065000000010c1703430070007500200030000a0054006300630064002000230030003a0020003400
terminal=NotifyIconCompatibilityTerminal { correlation_id: "native:7616:67", host_generation: 1787222888887, icon_generation: None, terminal: InvalidRequest, message: "notify-icon-owner-or-identity-invalid" }
snapshot-icons=32
snapshot-icons=32
dwData=1 cbData=1484 bytes=2334753401000000bc03000060010100000000000500000065000000010c1703430070007500200030000a0054006300630064002000230030003a0020003400
terminal=NotifyIconCompatibilityTerminal { correlation_id: "native:7616:67", host_generation: 1787222888887, icon_generation: None, terminal: InvalidRequest, message: "notify-icon-owner-or-identity-invalid" }
snapshot-icons=32
snapshot-icons=32
dwData=1 cbData=1484 bytes=2334753401000000bc03000060010100000000000500000065000000010c1703430070007500200030000a0054006300630064002000230030003a0020003400
terminal=NotifyIconCompatibilityTerminal { correlation_id: "native:7616:67", host_generation: 1787222888887, icon_generation: None, terminal: InvalidRequest, message: "notify-icon-owner-or-identity-invalid" }
snapshot-icons=32
snapshot-icons=32
dwData=1 cbData=1484 bytes=2334753401000000bc03000060010100000000000300000065000000c5117a01430070007500200030000a0054006300630064002000230030003a0020003400
dwData=1 cbData=1484 bytes=2334753401000000bc03000060010100000000000500000065000000c5117a01430070007500200030000a0054006300630064002000230030003a0020003500
terminal=NotifyIconCompatibilityTerminal { correlation_id: "native:7616:67", host_generation: 1787222888887, icon_generation: None, terminal: InvalidRequest, message: "notify-icon-owner-or-identity-invalid" }
snapshot-icons=32
dwData=1 cbData=1484 bytes=2334753401000000bc03000060010100000000000500000065000000c5117a01430070007500200030000a0054006300630064002000230030003a0020003400
terminal=NotifyIconCompatibilityTerminal { correlation_id: "native:7616:67", host_generation: 1787222888887, icon_generation: None, terminal: InvalidRequest, message: "notify-icon-owner-or-identity-invalid" }
snapshot-icons=32
snapshot-icons=32
dwData=1 cbData=1484 bytes=2334753401000000bc03000060010100000000000500000065000000c5117a01430070007500200030000a0054006300630064002000230030003a0020003400
terminal=NotifyIconCompatibilityTerminal { correlation_id: "native:7616:67", host_generation: 1787222888887, icon_generation: None, terminal: InvalidRequest, message: "notify-icon-owner-or-identity-invalid" }
snapshot-icons=32
snapshot-icons=32
dwData=1 cbData=1484 bytes=2334753401000000bc03000060010100000000000500000065000000c5117a01430070007500200030000a0054006300630064002000230030003a0020003400
terminal=NotifyIconCompatibilityTerminal { correlation_id: "native:7616:67", host_generation: 1787222888887, icon_generation: None, terminal: InvalidRequest, message: "notify-icon-owner-or-identity-invalid" }
snapshot-icons=32
dwData=1 cbData=1484 bytes=2334753401000000bc03000060010100000000000500000065000000c5117a01430070007500200030000a0054006300630064002000230030003a0020003400
terminal=NotifyIconCompatibilityTerminal { correlation_id: "native:7616:67", host_generation: 1787222888887, icon_generation: None, terminal: InvalidRequest, message: "notify-icon-owner-or-identity-invalid" }
snapshot-icons=32
snapshot-icons=32
dwData=1 cbData=1484 bytes=2334753401000000bc03000060010100000000000300000065000000d310c910430070007500200030000a0054006300630064002000230030003a0020003400
dwData=1 cbData=1484 bytes=2334753401000000bc03000060010100000000000500000065000000d310c910430070007500200030000a0054006300630064002000230030003a0020003400
terminal=NotifyIconCompatibilityTerminal { correlation_id: "native:7616:67", host_generation: 1787222888887, icon_generation: None, terminal: InvalidRequest, message: "notify-icon-owner-or-identity-invalid" }
snapshot-icons=32
snapshot-icons=32
dwData=1 cbData=1484 bytes=2334753401000000bc03000060010100000000000500000065000000d310c910430070007500200030000a0054006300630064002000230030003a0020003400
dwData=1 cbData=1484 bytes=2334753403000000bc03000054120800591b0000d70000002580000033000100530075007000650072004400650073006b0074006f007000200063006f006d00
dwData=1 cbData=1484 bytes=2334753402000000bc03000054120800591b0000d70000002580000033000100530075007000650072004400650073006b0074006f007000200063006f006d00
dwData=1 cbData=1484 bytes=2334753402000000bc030000541208005a1b0000d70000002580000033000100530075007000650072004400650073006b0074006f007000200063006f006d00
dwData=1 cbData=1484 bytes=2334753402000000bc030000541208005b1b0000d70000002580000033000100530075007000650072004400650073006b0074006f007000200063006f006d00
dwData=1 cbData=1484 bytes=2334753402000000bc030000541208005c1b0000d70000002580000033000100530075007000650072004400650073006b0074006f007000200063006f006d00
dwData=1 cbData=1484 bytes=2334753402000000bc030000541208005d1b0000d70000002580000033000100530075007000650072004400650073006b0074006f007000200063006f006d00
dwData=1 cbData=1484 bytes=2334753402000000bc030000541208005e1b0000d70000002580000033000100530075007000650072004400650073006b0074006f007000200063006f006d00
dwData=1 cbData=1484 bytes=2334753402000000bc030000541208005f1b0000d70000002580000033000100530075007000650072004400650073006b0074006f007000200063006f006d00
dwData=1 cbData=1484 bytes=2334753402000000bc03000054120800601b0000d70000002580000033000100530075007000650072004400650073006b0074006f007000200063006f006d00
dwData=1 cbData=1484 bytes=2334753402000000bc03000054120800611b0000d70000002580000033000100530075007000650072004400650073006b0074006f007000200063006f006d00
dwData=1 cbData=1484 bytes=2334753402000000bc03000054120800621b0000d70000002580000033000100530075007000650072004400650073006b0074006f007000200063006f006d00
dwData=1 cbData=1484 bytes=2334753402000000bc03000054120800631b0000d70000002580000033000100530075007000650072004400650073006b0074006f007000200063006f006d00
dwData=1 cbData=1484 bytes=2334753402000000bc03000054120800641b0000d70000002580000033000100530075007000650072004400650073006b0074006f007000200063006f006d00
dwData=1 cbData=1484 bytes=2334753402000000bc03000054120800651b0000d70000002580000033000100530075007000650072004400650073006b0074006f007000200063006f006d00
dwData=1 cbData=1484 bytes=2334753402000000bc03000054120800661b0000d70000002580000033000100530075007000650072004400650073006b0074006f007000200063006f006d00
dwData=1 cbData=1484 bytes=2334753402000000bc03000054120800671b0000d70000002580000033000100530075007000650072004400650073006b0074006f007000200063006f006d00
dwData=1 cbData=1484 bytes=2334753402000000bc03000054120800681b0000d70000002580000033000100530075007000650072004400650073006b0074006f007000200063006f006d00
dwData=1 cbData=1484 bytes=2334753402000000bc03000054120800691b0000d70000002580000033000100530075007000650072004400650073006b0074006f007000200063006f006d00
dwData=1 cbData=1484 bytes=2334753402000000bc030000541208006a1b0000d70000002580000033000100530075007000650072004400650073006b0074006f007000200063006f006d00
dwData=1 cbData=1484 bytes=2334753402000000bc030000541208006b1b0000d70000002580000033000100530075007000650072004400650073006b0074006f007000200063006f006d00
dwData=1 cbData=1484 bytes=2334753402000000bc030000541208006c1b0000d70000002580000033000100530075007000650072004400650073006b0074006f007000200063006f006d00
terminal=NotifyIconCompatibilityTerminal { correlation_id: "native:7616:68", host_generation: 1787222888887, icon_generation: None, terminal: InvalidRequest, message: "notify-icon-owner-or-identity-invalid" }
terminal=NotifyIconCompatibilityTerminal { correlation_id: "native:41076:68", host_generation: 1787222888887, icon_generation: None, terminal: InvalidRequest, message: "notify-icon-owner-or-identity-invalid" }
terminal=NotifyIconCompatibilityTerminal { correlation_id: "native:41076:68", host_generation: 1787222888887, icon_generation: None, terminal: InvalidRequest, message: "notify-icon-owner-or-identity-invalid" }
terminal=NotifyIconCompatibilityTerminal { correlation_id: "native:41076:68", host_generation: 1787222888887, icon_generation: None, terminal: InvalidRequest, message: "notify-icon-owner-or-identity-invalid" }
terminal=NotifyIconCompatibilityTerminal { correlation_id: "native:41076:68", host_generation: 1787222888887, icon_generation: None, terminal: InvalidRequest, message: "notify-icon-owner-or-identity-invalid" }
terminal=NotifyIconCompatibilityTerminal { correlation_id: "native:41076:68", host_generation: 1787222888887, icon_generation: None, terminal: InvalidRequest, message: "notify-icon-owner-or-identity-invalid" }
terminal=NotifyIconCompatibilityTerminal { correlation_id: "native:41076:68", host_generation: 1787222888887, icon_generation: None, terminal: InvalidRequest, message: "notify-icon-owner-or-identity-invalid" }
terminal=NotifyIconCompatibilityTerminal { correlation_id: "native:41076:68", host_generation: 1787222888887, icon_generation: None, terminal: InvalidRequest, message: "notify-icon-owner-or-identity-invalid" }
terminal=NotifyIconCompatibilityTerminal { correlation_id: "native:41076:68", host_generation: 1787222888887, icon_generation: None, terminal: InvalidRequest, message: "notify-icon-owner-or-identity-invalid" }
terminal=NotifyIconCompatibilityTerminal { correlation_id: "native:41076:68", host_generation: 1787222888887, icon_generation: None, terminal: InvalidRequest, message: "notify-icon-owner-or-identity-invalid" }
terminal=NotifyIconCompatibilityTerminal { correlation_id: "native:41076:68", host_generation: 1787222888887, icon_generation: None, terminal: InvalidRequest, message: "notify-icon-owner-or-identity-invalid" }
terminal=NotifyIconCompatibilityTerminal { correlation_id: "native:41076:68", host_generation: 1787222888887, icon_generation: None, terminal: InvalidRequest, message: "notify-icon-owner-or-identity-invalid" }
terminal=NotifyIconCompatibilityTerminal { correlation_id: "native:41076:68", host_generation: 1787222888887, icon_generation: None, terminal: InvalidRequest, message: "notify-icon-owner-or-identity-invalid" }
terminal=NotifyIconCompatibilityTerminal { correlation_id: "native:41076:68", host_generation: 1787222888887, icon_generation: None, terminal: InvalidRequest, message: "notify-icon-owner-or-identity-invalid" }
terminal=NotifyIconCompatibilityTerminal { correlation_id: "native:41076:68", host_generation: 1787222888887, icon_generation: None, terminal: InvalidRequest, message: "notify-icon-owner-or-identity-invalid" }
terminal=NotifyIconCompatibilityTerminal { correlation_id: "native:41076:68", host_generation: 1787222888887, icon_generation: None, terminal: InvalidRequest, message: "notify-icon-owner-or-identity-invalid" }
terminal=NotifyIconCompatibilityTerminal { correlation_id: "native:41076:68", host_generation: 1787222888887, icon_generation: None, terminal: InvalidRequest, message: "notify-icon-owner-or-identity-invalid" }
terminal=NotifyIconCompatibilityTerminal { correlation_id: "native:41076:68", host_generation: 1787222888887, icon_generation: None, terminal: InvalidRequest, message: "notify-icon-owner-or-identity-invalid" }
terminal=NotifyIconCompatibilityTerminal { correlation_id: "native:41076:68", host_generation: 1787222888887, icon_generation: None, terminal: InvalidRequest, message: "notify-icon-owner-or-identity-invalid" }
terminal=NotifyIconCompatibilityTerminal { correlation_id: "native:41076:68", host_generation: 1787222888887, icon_generation: None, terminal: InvalidRequest, message: "notify-icon-owner-or-identity-invalid" }
terminal=NotifyIconCompatibilityTerminal { correlation_id: "native:41076:68", host_generation: 1787222888887, icon_generation: None, terminal: InvalidRequest, message: "notify-icon-owner-or-identity-invalid" }
terminal=NotifyIconCompatibilityTerminal { correlation_id: "native:41076:68", host_generation: 1787222888887, icon_generation: None, terminal: InvalidRequest, message: "notify-icon-owner-or-identity-invalid" }
snapshot-icons=12
snapshot-icons=12
dwData=1 cbData=1484 bytes=2334753401000000bc03000060010100000000000300000065000000a310b40e430070007500200030000a0054006300630064002000230030003a0020003400
dwData=1 cbData=1484 bytes=2334753401000000bc03000060010100000000000500000065000000a310b40e430070007500200030000a0054006300630064002000230030003a0020003400
terminal=NotifyIconCompatibilityTerminal { correlation_id: "native:7616:68", host_generation: 1787222888887, icon_generation: None, terminal: InvalidRequest, message: "notify-icon-owner-or-identity-invalid" }
snapshot-icons=12
dwData=1 cbData=1484 bytes=2334753401000000bc03000060010100000000000300000065000000110f4e7e430070007500200030000a0054006300630064002000230030003a0020003400
dwData=1 cbData=1484 bytes=2334753401000000bc03000060010100000000000500000065000000110f4e7e430070007500200030000a0054006300630064002000230030003a0020003400
terminal=NotifyIconCompatibilityTerminal { correlation_id: "native:7616:68", host_generation: 1787222888887, icon_generation: None, terminal: InvalidRequest, message: "notify-icon-owner-or-identity-invalid" }
snapshot-icons=12
snapshot-icons=12
dwData=1 cbData=1484 bytes=2334753401000000bc030000600101000000000003000000650000008d12bd01430070007500200030000a0054006300630064002000230030003a0020003400
dwData=1 cbData=1484 bytes=2334753401000000bc030000600101000000000005000000650000008d12bd01430070007500200030000a0054006300630064002000230030003a0020003400
dwData=1 cbData=1484 bytes=2334753400000000bc030000ea020800020000000700000072170000a3010e0052007500730074004400650073006b0020002d002000315cd27d0a0031002000
dwData=1 cbData=1484 bytes=2334753402000000bc03000050090100030000000000000000000000000000000000000000000000000000000000000000000000000000000000000000000000
dwData=1 cbData=1484 bytes=2334753400000000bc030000bc06020001000000070000000008000011073800540069006d00650053006e006100700070006500720020002800410063007400
dwData=1 cbData=1484 bytes=2334753402000000bc03000092071600030000002000000000000000000000000000000000000000000000000000000000000000000000000000000000000000
dwData=1 cbData=1484 bytes=2334753400000000bc030000d2020300000000000700000000140000e9028c00450076006500720079007400680069006e006700000000000000000000000000
dwData=1 cbData=1484 bytes=2334753402000000bc030000e8020600010000000700000001040000000000000000000000000000000000000000000000000000000000000000000000000000
dwData=1 cbData=1484 bytes=2334753402000000bc030000a8090100010000000700000000080000e10902004d006100610041007300730069007300740061006e007400410072006b006e00
dwData=1 cbData=1484 bytes=2334753400000000bc030000f20305000100000087000000018000008d047b004d0075004d00750050006c006100790065007200000000000000000000000000
dwData=1 cbData=1484 bytes=2334753402000000bc030000e80a0a00030000002000000000000000000000000000000000000000000000000000000000000000000000000000000000000000
dwData=1 cbData=1484 bytes=2334753402000000bc0300009407080001000000a700000003040000ab091a0a4d006900630072006f0073006f00660074002000330036003500200043006f00
dwData=1 cbData=1484 bytes=2334753402000000bc030000ae0302008200000000000000640400003304060044006900740074006f0000000000000000000000000000000000000000000000
dwData=1 cbData=1484 bytes=2334753401000000bc030000e205030064000000ae00000000000000d5113b02570069006e0064006f00770073002000895b6851276020002d002000fa5e708b
dwData=1 cbData=1484 bytes=2334753400000000bc03000050090100030000000300000001800000550901000000000000000000000000000000000000000000000000000000000000000000
dwData=1 cbData=1484 bytes=2334753400000000bc030000c4107e00000000008f00000065800000a0110600b06548722c670b4e7d8f2d4e20003500370032002e00390031004d0042002f00
dwData=1 cbData=1484 bytes=2334753402000000bc0300003a080800070000000000000000000000000000000000000000000000000000000000000000000000000000000000000000000000
dwData=1 cbData=1484 bytes=2334753401000000bc030000600101000000000007000000650000009f104b0e430070007500200030000a0054006300630064002000230030003a0020003400
dwData=1 cbData=1484 bytes=2334753400000000bc03000092071600030000002300000001800000bb0602000000000000000000000000000000000000000000000000000000000000000000
dwData=1 cbData=1484 bytes=2334753400000000bc030000a8090100010000000700000000080000e10902004d006100610041007300730069007300740061006e007400410072006b006e00
dwData=1 cbData=1484 bytes=2334753400000000bc030000e80a0a000300000027000000018000008a0b26004300680061007400470050005400000000000000000000000000000000000000
dwData=1 cbData=1484 bytes=2334753400000000bc0300009407080001000000a700000003040000ab091a0a4d006900630072006f0073006f00660074002000330036003500200043006f00
dwData=1 cbData=1484 bytes=2334753400000000bc030000ae0302008200000007000000640400003304060044006900740074006f0000000000000000000000000000000000000000000000
dwData=1 cbData=1484 bytes=2334753404000000bc030000c4107e00000000008f00000065800000a0110600b06548722c670b4e7d8f2d4e20003500370032002e00390031004d0042002f00
dwData=1 cbData=1484 bytes=2334753400000000bc0300003a0808000700000003000000018000003f090e000000000000000000000000000000000000000000000000000000000000000000
dwData=1 cbData=1484 bytes=2334753404000000bc0300009407080001000000a700000003040000ab091a0a4d006900630072006f0073006f00660074002000330036003500200043006f00
dwData=1 cbData=1484 bytes=2334753401000000bc03000060010100000000000700000065000000b110b009430070007500200030000a0054006300630064002000230030003a0020003400
dwData=1 cbData=1484 bytes=2334753401000000bc03000060010100000000000700000065000000b110b209430070007500200030000a0054006300630064002000230030003a0020003400
dwData=1 cbData=1484 bytes=2334753402000000bc03000060010100000000000700000065000000b110b209430070007500200030000a0054006300630064002000230030003a0020003400
dwData=1 cbData=1484 bytes=2334753400000000bc030000600101001b0000000700000065000000b110b30943006f00720065002000540065006d0070002000760065007200730069006f00
terminal=NotifyIconCompatibilityTerminal { correlation_id: "native:18828:2", host_generation: 1787222957369, icon_generation: Some(1), terminal: Applied, message: "" }
terminal=NotifyIconCompatibilityTerminal { correlation_id: "native:27612:2", host_generation: 1787222957369, icon_generation: Some(3), terminal: NoChange, message: "" }
terminal=NotifyIconCompatibilityTerminal { correlation_id: "native:33372:4", host_generation: 1787222957369, icon_generation: Some(3), terminal: Applied, message: "" }
terminal=NotifyIconCompatibilityTerminal { correlation_id: "native:23428:4", host_generation: 1787222957369, icon_generation: Some(5), terminal: NoChange, message: "" }
terminal=NotifyIconCompatibilityTerminal { correlation_id: "native:18180:4", host_generation: 1787222957369, icon_generation: None, terminal: InvalidRequest, message: "notify-icon-owner-or-identity-invalid" }
terminal=NotifyIconCompatibilityTerminal { correlation_id: "native:14740:4", host_generation: 1787222957369, icon_generation: Some(5), terminal: NoChange, message: "" }
terminal=NotifyIconCompatibilityTerminal { correlation_id: "native:31292:4", host_generation: 1787222957369, icon_generation: Some(5), terminal: NoChange, message: "" }
terminal=NotifyIconCompatibilityTerminal { correlation_id: "native:21628:6", host_generation: 1787222957369, icon_generation: Some(5), terminal: Applied, message: "" }
terminal=NotifyIconCompatibilityTerminal { correlation_id: "native:31492:6", host_generation: 1787222957369, icon_generation: Some(7), terminal: NoChange, message: "" }
terminal=NotifyIconCompatibilityTerminal { correlation_id: "native:39188:6", host_generation: 1787222957369, icon_generation: Some(7), terminal: NoChange, message: "" }
terminal=NotifyIconCompatibilityTerminal { correlation_id: "native:21196:6", host_generation: 1787222957369, icon_generation: Some(7), terminal: NoChange, message: "" }
terminal=NotifyIconCompatibilityTerminal { correlation_id: "native:17868:6", host_generation: 1787222957369, icon_generation: None, terminal: InvalidRequest, message: "notify-icon-owned-invalid" }
terminal=NotifyIconCompatibilityTerminal { correlation_id: "native:27612:8", host_generation: 1787222957369, icon_generation: Some(7), terminal: Applied, message: "" }
terminal=NotifyIconCompatibilityTerminal { correlation_id: "native:15400:8", host_generation: 1787222957369, icon_generation: None, terminal: InvalidRequest, message: "notify-icon-owner-or-identity-invalid" }
terminal=NotifyIconCompatibilityTerminal { correlation_id: "native:30136:8", host_generation: 1787222957369, icon_generation: Some(9), terminal: NoChange, message: "" }
terminal=NotifyIconCompatibilityTerminal { correlation_id: "native:7616:8", host_generation: 1787222957369, icon_generation: None, terminal: InvalidRequest, message: "notify-icon-owner-or-identity-invalid" }
terminal=NotifyIconCompatibilityTerminal { correlation_id: "native:23428:10", host_generation: 1787222957369, icon_generation: Some(9), terminal: Applied, message: "" }
terminal=NotifyIconCompatibilityTerminal { correlation_id: "native:31292:12", host_generation: 1787222957369, icon_generation: Some(11), terminal: Applied, message: "" }
terminal=NotifyIconCompatibilityTerminal { correlation_id: "native:31492:14", host_generation: 1787222957369, icon_generation: Some(13), terminal: Applied, message: "" }
terminal=NotifyIconCompatibilityTerminal { correlation_id: "native:39188:16", host_generation: 1787222957369, icon_generation: Some(15), terminal: Applied, message: "" }
terminal=NotifyIconCompatibilityTerminal { correlation_id: "native:21196:18", host_generation: 1787222957369, icon_generation: Some(17), terminal: Applied, message: "" }
terminal=NotifyIconCompatibilityTerminal { correlation_id: "native:15400:18", host_generation: 1787222957369, icon_generation: None, terminal: InvalidRequest, message: "notify-icon-owner-or-identity-invalid" }
terminal=NotifyIconCompatibilityTerminal { correlation_id: "native:30136:20", host_generation: 1787222957369, icon_generation: Some(19), terminal: Applied, message: "" }
terminal=NotifyIconCompatibilityTerminal { correlation_id: "native:39188:20", host_generation: 1787222957369, icon_generation: Some(21), terminal: Applied, message: "" }
terminal=NotifyIconCompatibilityTerminal { correlation_id: "native:7616:20", host_generation: 1787222957369, icon_generation: None, terminal: InvalidRequest, message: "notify-icon-owner-or-identity-invalid" }
dwData=1 cbData=1484 bytes=2334753401000000bc030000600101001b00000002000000650000009d02010043006f00720065002000540065006d0070002000760065007200730069006f00
dwData=1 cbData=1484 bytes=2334753401000000bc030000600101001b00000002000000650000009d02010043006f00720065002000540065006d0070002000760065007200730069006f00
dwData=1 cbData=1484 bytes=2334753400000000bc03000060010100000000000700000065000000b110b509430070007500200030000a0054006300630064002000230030003a0020003400
dwData=1 cbData=1484 bytes=2334753402000000bc030000600101001b00000002000000650000009d02010043006f00720065002000540065006d0070002000760065007200730069006f00
snapshot-icons=10
dwData=1 cbData=1484 bytes=2334753400000000bc0300001403080001000000870000005480000035070a0e45007000690063002000470061006d006500730020005f55d552685600000000
dwData=1 cbData=1484 bytes=2334753401000000bc030000600101000000000003000000650000009712e304430070007500200030000a0054006300630064002000230030003a0020003400
dwData=1 cbData=1484 bytes=2334753401000000bc030000600101000000000005000000650000009712e304430070007500200030000a0054006300630064002000230030003a0020003400
dwData=1 cbData=1484 bytes=2334753400000000bc030000e80206000100000007000000010400002f090a0053007400650061006d0000000000000000000000000000000000000000000000
dwData=1 cbData=1484 bytes=2334753400000000bc0300002c120600591b0000d70000002580000033000100530075007000650072004400650073006b0074006f007000200063006f006d00
dwData=1 cbData=1484 bytes=2334753404000000bc0300002c120600591b0000d70000002580000033000100530075007000650072004400650073006b0074006f007000200063006f006d00
dwData=1 cbData=1484 bytes=2334753400000000bc0300002c1206005a1b0000d70000002580000033000100530075007000650072004400650073006b0074006f007000200063006f006d00
dwData=1 cbData=1484 bytes=2334753404000000bc0300002c1206005a1b0000d70000002580000033000100530075007000650072004400650073006b0074006f007000200063006f006d00
terminal=NotifyIconCompatibilityTerminal { correlation_id: "native:7616:20", host_generation: 1787222957369, icon_generation: None, terminal: InvalidRequest, message: "notify-icon-copy-failed" }
terminal=NotifyIconCompatibilityTerminal { correlation_id: "native:7616:20", host_generation: 1787222957369, icon_generation: Some(21), terminal: NoChange, message: "" }
terminal=NotifyIconCompatibilityTerminal { correlation_id: "native:7616:20", host_generation: 1787222957369, icon_generation: None, terminal: InvalidRequest, message: "notify-icon-owner-or-identity-invalid" }
terminal=NotifyIconCompatibilityTerminal { correlation_id: "native:7616:20", host_generation: 1787222957369, icon_generation: Some(21), terminal: NoChange, message: "" }
terminal=NotifyIconCompatibilityTerminal { correlation_id: "native:20784:22", host_generation: 1787222957369, icon_generation: Some(21), terminal: Applied, message: "" }
terminal=NotifyIconCompatibilityTerminal { correlation_id: "native:7616:22", host_generation: 1787222957369, icon_generation: None, terminal: InvalidRequest, message: "notify-icon-owner-or-identity-invalid" }
terminal=NotifyIconCompatibilityTerminal { correlation_id: "native:14740:24", host_generation: 1787222957369, icon_generation: Some(23), terminal: Applied, message: "" }
terminal=NotifyIconCompatibilityTerminal { correlation_id: "native:44504:27", host_generation: 1787222957369, icon_generation: Some(25), terminal: Applied, message: "" }
terminal=NotifyIconCompatibilityTerminal { correlation_id: "native:44504:27", host_generation: 1787222957369, icon_generation: Some(28), terminal: Applied, message: "" }
terminal=NotifyIconCompatibilityTerminal { correlation_id: "native:44504:29", host_generation: 1787222957369, icon_generation: Some(28), terminal: Applied, message: "" }
terminal=NotifyIconCompatibilityTerminal { correlation_id: "native:44504:29", host_generation: 1787222957369, icon_generation: Some(30), terminal: Applied, message: "" }
snapshot-icons=14
dwData=1 cbData=1484 bytes=2334753400000000bc0300002c1206005b1b0000d70000002580000033000100530075007000650072004400650073006b0074006f007000200063006f006d00
dwData=1 cbData=1484 bytes=2334753404000000bc0300002c1206005b1b0000d70000002580000033000100530075007000650072004400650073006b0074006f007000200063006f006d00
dwData=1 cbData=1484 bytes=2334753400000000bc0300002c1206005c1b0000d70000002580000033000100530075007000650072004400650073006b0074006f007000200063006f006d00
dwData=1 cbData=1484 bytes=2334753404000000bc0300002c1206005c1b0000d70000002580000033000100530075007000650072004400650073006b0074006f007000200063006f006d00
dwData=1 cbData=1484 bytes=2334753400000000bc0300002c1206005d1b0000d70000002580000033000100530075007000650072004400650073006b0074006f007000200063006f006d00
dwData=1 cbData=1484 bytes=2334753404000000bc0300002c1206005d1b0000d70000002580000033000100530075007000650072004400650073006b0074006f007000200063006f006d00
dwData=1 cbData=1484 bytes=2334753404000000bc03000014030800010000000000000000000000000000000000000000000000000000000000000000000000000000000000000000000000
dwData=1 cbData=1484 bytes=2334753400000000bc0300002c1206005e1b0000d70000002580000033000100530075007000650072004400650073006b0074006f007000200063006f006d00
dwData=1 cbData=1484 bytes=2334753404000000bc0300002c1206005e1b0000d70000002580000033000100530075007000650072004400650073006b0074006f007000200063006f006d00
dwData=1 cbData=1484 bytes=2334753400000000bc0300002c1206005f1b0000d70000002580000033000100530075007000650072004400650073006b0074006f007000200063006f006d00
dwData=1 cbData=1484 bytes=2334753404000000bc0300002c1206005f1b0000d70000002580000033000100530075007000650072004400650073006b0074006f007000200063006f006d00
dwData=1 cbData=1484 bytes=2334753400000000bc0300002c120600601b0000d70000002580000033000100530075007000650072004400650073006b0074006f007000200063006f006d00
dwData=1 cbData=1484 bytes=2334753404000000bc0300002c120600601b0000d70000002580000033000100530075007000650072004400650073006b0074006f007000200063006f006d00
dwData=1 cbData=1484 bytes=2334753400000000bc0300002c120600611b0000d70000002580000033000100530075007000650072004400650073006b0074006f007000200063006f006d00
dwData=1 cbData=1484 bytes=2334753404000000bc0300002c120600611b0000d70000002580000033000100530075007000650072004400650073006b0074006f007000200063006f006d00
terminal=NotifyIconCompatibilityTerminal { correlation_id: "native:44504:31", host_generation: 1787222957369, icon_generation: Some(30), terminal: Applied, message: "" }
terminal=NotifyIconCompatibilityTerminal { correlation_id: "native:44504:31", host_generation: 1787222957369, icon_generation: Some(32), terminal: Applied, message: "" }
terminal=NotifyIconCompatibilityTerminal { correlation_id: "native:44504:33", host_generation: 1787222957369, icon_generation: Some(32), terminal: Applied, message: "" }
terminal=NotifyIconCompatibilityTerminal { correlation_id: "native:44504:33", host_generation: 1787222957369, icon_generation: Some(34), terminal: Applied, message: "" }
terminal=NotifyIconCompatibilityTerminal { correlation_id: "native:44504:35", host_generation: 1787222957369, icon_generation: Some(34), terminal: Applied, message: "" }
terminal=NotifyIconCompatibilityTerminal { correlation_id: "native:44504:35", host_generation: 1787222957369, icon_generation: Some(36), terminal: Applied, message: "" }
terminal=NotifyIconCompatibilityTerminal { correlation_id: "native:20784:35", host_generation: 1787222957369, icon_generation: Some(36), terminal: Applied, message: "" }
terminal=NotifyIconCompatibilityTerminal { correlation_id: "native:44504:37", host_generation: 1787222957369, icon_generation: Some(36), terminal: Applied, message: "" }
terminal=NotifyIconCompatibilityTerminal { correlation_id: "native:44504:37", host_generation: 1787222957369, icon_generation: Some(38), terminal: Applied, message: "" }
terminal=NotifyIconCompatibilityTerminal { correlation_id: "native:44504:39", host_generation: 1787222957369, icon_generation: Some(38), terminal: Applied, message: "" }
terminal=NotifyIconCompatibilityTerminal { correlation_id: "native:44504:39", host_generation: 1787222957369, icon_generation: Some(40), terminal: Applied, message: "" }
terminal=NotifyIconCompatibilityTerminal { correlation_id: "native:44504:41", host_generation: 1787222957369, icon_generation: Some(40), terminal: Applied, message: "" }
terminal=NotifyIconCompatibilityTerminal { correlation_id: "native:44504:41", host_generation: 1787222957369, icon_generation: Some(42), terminal: Applied, message: "" }
terminal=NotifyIconCompatibilityTerminal { correlation_id: "native:44504:43", host_generation: 1787222957369, icon_generation: Some(42), terminal: Applied, message: "" }
terminal=NotifyIconCompatibilityTerminal { correlation_id: "native:44504:43", host_generation: 1787222957369, icon_generation: Some(44), terminal: Applied, message: "" }
snapshot-icons=21
dwData=1 cbData=1484 bytes=2334753400000000bc0300002c120600621b0000d70000002580000033000100530075007000650072004400650073006b0074006f007000200063006f006d00
dwData=1 cbData=1484 bytes=2334753404000000bc0300002c120600621b0000d70000002580000033000100530075007000650072004400650073006b0074006f007000200063006f006d00
dwData=1 cbData=1484 bytes=2334753400000000bc0300002c120600631b0000d70000002580000033000100530075007000650072004400650073006b0074006f007000200063006f006d00
dwData=1 cbData=1484 bytes=2334753404000000bc0300002c120600631b0000d70000002580000033000100530075007000650072004400650073006b0074006f007000200063006f006d00
dwData=1 cbData=1484 bytes=2334753400000000bc0300002c120600641b0000d70000002580000033000100530075007000650072004400650073006b0074006f007000200063006f006d00
dwData=1 cbData=1484 bytes=2334753404000000bc0300002c120600641b0000d70000002580000033000100530075007000650072004400650073006b0074006f007000200063006f006d00
dwData=1 cbData=1484 bytes=2334753401000000bc030000600101000000000003000000650000006d117504430070007500200030000a0054006300630064002000230030003a0020003400
dwData=1 cbData=1484 bytes=2334753401000000bc030000600101000000000005000000650000006d117504430070007500200030000a0054006300630064002000230030003a0020003400
dwData=1 cbData=1484 bytes=2334753400000000bc0300002c120600651b0000d70000002580000033000100530075007000650072004400650073006b0074006f007000200063006f006d00
dwData=1 cbData=1484 bytes=2334753404000000bc0300002c120600651b0000d70000002580000033000100530075007000650072004400650073006b0074006f007000200063006f006d00
dwData=1 cbData=1484 bytes=2334753400000000bc0300002c120600661b0000d70000002580000033000100530075007000650072004400650073006b0074006f007000200063006f006d00
dwData=1 cbData=1484 bytes=2334753404000000bc0300002c120600661b0000d70000002580000033000100530075007000650072004400650073006b0074006f007000200063006f006d00
dwData=1 cbData=1484 bytes=2334753400000000bc0300002c120600671b0000d70000002580000033000100530075007000650072004400650073006b0074006f007000200063006f006d00
dwData=1 cbData=1484 bytes=2334753404000000bc0300002c120600671b0000d70000002580000033000100530075007000650072004400650073006b0074006f007000200063006f006d00
dwData=1 cbData=1484 bytes=2334753400000000bc0300002c120600681b0000d70000002580000033000100530075007000650072004400650073006b0074006f007000200063006f006d00
dwData=1 cbData=1484 bytes=2334753404000000bc0300002c120600681b0000d70000002580000033000100530075007000650072004400650073006b0074006f007000200063006f006d00
terminal=NotifyIconCompatibilityTerminal { correlation_id: "native:44504:45", host_generation: 1787222957369, icon_generation: Some(44), terminal: Applied, message: "" }
terminal=NotifyIconCompatibilityTerminal { correlation_id: "native:44504:45", host_generation: 1787222957369, icon_generation: Some(46), terminal: Applied, message: "" }
terminal=NotifyIconCompatibilityTerminal { correlation_id: "native:44504:47", host_generation: 1787222957369, icon_generation: Some(46), terminal: Applied, message: "" }
terminal=NotifyIconCompatibilityTerminal { correlation_id: "native:44504:47", host_generation: 1787222957369, icon_generation: Some(48), terminal: Applied, message: "" }
terminal=NotifyIconCompatibilityTerminal { correlation_id: "native:44504:49", host_generation: 1787222957369, icon_generation: Some(48), terminal: Applied, message: "" }
terminal=NotifyIconCompatibilityTerminal { correlation_id: "native:44504:49", host_generation: 1787222957369, icon_generation: Some(50), terminal: Applied, message: "" }
terminal=NotifyIconCompatibilityTerminal { correlation_id: "native:7616:49", host_generation: 1787222957369, icon_generation: None, terminal: InvalidRequest, message: "notify-icon-owner-or-identity-invalid" }
terminal=NotifyIconCompatibilityTerminal { correlation_id: "native:44504:51", host_generation: 1787222957369, icon_generation: Some(50), terminal: Applied, message: "" }
terminal=NotifyIconCompatibilityTerminal { correlation_id: "native:44504:51", host_generation: 1787222957369, icon_generation: Some(52), terminal: Applied, message: "" }
terminal=NotifyIconCompatibilityTerminal { correlation_id: "native:44504:53", host_generation: 1787222957369, icon_generation: Some(52), terminal: Applied, message: "" }
terminal=NotifyIconCompatibilityTerminal { correlation_id: "native:44504:53", host_generation: 1787222957369, icon_generation: Some(54), terminal: Applied, message: "" }
terminal=NotifyIconCompatibilityTerminal { correlation_id: "native:44504:55", host_generation: 1787222957369, icon_generation: Some(54), terminal: Applied, message: "" }
terminal=NotifyIconCompatibilityTerminal { correlation_id: "native:44504:55", host_generation: 1787222957369, icon_generation: Some(56), terminal: Applied, message: "" }
terminal=NotifyIconCompatibilityTerminal { correlation_id: "native:44504:57", host_generation: 1787222957369, icon_generation: Some(56), terminal: Applied, message: "" }
terminal=NotifyIconCompatibilityTerminal { correlation_id: "native:44504:57", host_generation: 1787222957369, icon_generation: Some(58), terminal: Applied, message: "" }
snapshot-icons=28
dwData=1 cbData=1484 bytes=2334753400000000bc0300002c120600691b0000d70000002580000033000100530075007000650072004400650073006b0074006f007000200063006f006d00
dwData=1 cbData=1484 bytes=2334753404000000bc0300002c120600691b0000d70000002580000033000100530075007000650072004400650073006b0074006f007000200063006f006d00
dwData=1 cbData=1484 bytes=2334753400000000bc0300002c1206006a1b0000d70000002580000033000100530075007000650072004400650073006b0074006f007000200063006f006d00
dwData=1 cbData=1484 bytes=2334753404000000bc0300002c1206006a1b0000d70000002580000033000100530075007000650072004400650073006b0074006f007000200063006f006d00
dwData=1 cbData=1484 bytes=2334753400000000bc0300002c1206006b1b0000d70000002580000033000100530075007000650072004400650073006b0074006f007000200063006f006d00
dwData=1 cbData=1484 bytes=2334753404000000bc0300002c1206006b1b0000d70000002580000033000100530075007000650072004400650073006b0074006f007000200063006f006d00
dwData=1 cbData=1484 bytes=2334753400000000bc0300002c1206006c1b0000d70000002580000033000100530075007000650072004400650073006b0074006f007000200063006f006d00
dwData=1 cbData=1484 bytes=2334753404000000bc0300002c1206006c1b0000d70000002580000033000100530075007000650072004400650073006b0074006f007000200063006f006d00
dwData=1 cbData=1484 bytes=2334753401000000bc0300002c120600591b0000d70000002580000033000100530075007000650072004400650073006b0074006f007000200063006f006d00
terminal=NotifyIconCompatibilityTerminal { correlation_id: "native:44504:59", host_generation: 1787222957369, icon_generation: Some(58), terminal: Applied, message: "" }
terminal=NotifyIconCompatibilityTerminal { correlation_id: "native:44504:59", host_generation: 1787222957369, icon_generation: Some(60), terminal: Applied, message: "" }
terminal=NotifyIconCompatibilityTerminal { correlation_id: "native:44504:61", host_generation: 1787222957369, icon_generation: Some(60), terminal: Applied, message: "" }
terminal=NotifyIconCompatibilityTerminal { correlation_id: "native:44504:61", host_generation: 1787222957369, icon_generation: Some(62), terminal: Applied, message: "" }
terminal=NotifyIconCompatibilityTerminal { correlation_id: "native:44504:63", host_generation: 1787222957369, icon_generation: Some(62), terminal: Applied, message: "" }
terminal=NotifyIconCompatibilityTerminal { correlation_id: "native:44504:63", host_generation: 1787222957369, icon_generation: Some(64), terminal: Applied, message: "" }
terminal=NotifyIconCompatibilityTerminal { correlation_id: "native:44504:65", host_generation: 1787222957369, icon_generation: Some(64), terminal: Applied, message: "" }
terminal=NotifyIconCompatibilityTerminal { correlation_id: "native:44504:65", host_generation: 1787222957369, icon_generation: Some(66), terminal: Applied, message: "" }
terminal=NotifyIconCompatibilityTerminal { correlation_id: "native:44504:67", host_generation: 1787222957369, icon_generation: Some(66), terminal: Applied, message: "" }
snapshot-icons=32
dwData=1 cbData=1484 bytes=2334753401000000bc03000060010100000000000300000065000000a70e1e1a430070007500200030000a0054006300630064002000230030003a0020003400
dwData=1 cbData=1484 bytes=2334753401000000bc03000060010100000000000500000065000000a70e1e1a430070007500200030000a0054006300630064002000230030003a0020003400
terminal=NotifyIconCompatibilityTerminal { correlation_id: "native:7616:67", host_generation: 1787222957369, icon_generation: None, terminal: InvalidRequest, message: "notify-icon-owner-or-identity-invalid" }
snapshot-icons=32
dwData=1 cbData=1484 bytes=2334753401000000bc03000060010100000000000500000065000000a70e1e1a430070007500200030000a0054006300630064002000230030003a0020003500
terminal=NotifyIconCompatibilityTerminal { correlation_id: "native:7616:67", host_generation: 1787222957369, icon_generation: None, terminal: InvalidRequest, message: "notify-icon-owner-or-identity-invalid" }
snapshot-icons=32
snapshot-icons=32
dwData=1 cbData=1484 bytes=2334753401000000bc03000060010100000000000500000065000000a70e1e1a430070007500200030000a0054006300630064002000230030003a0020003500
terminal=NotifyIconCompatibilityTerminal { correlation_id: "native:7616:67", host_generation: 1787222957369, icon_generation: None, terminal: InvalidRequest, message: "notify-icon-owner-or-identity-invalid" }
snapshot-icons=32
snapshot-icons=32
dwData=1 cbData=1484 bytes=2334753401000000bc03000060010100000000000500000065000000a70e1e1a430070007500200030000a0054006300630064002000230030003a0020003400
terminal=NotifyIconCompatibilityTerminal { correlation_id: "native:7616:67", host_generation: 1787222957369, icon_generation: None, terminal: InvalidRequest, message: "notify-icon-owner-or-identity-invalid" }
snapshot-icons=32
dwData=1 cbData=1484 bytes=2334753401000000bc03000060010100000000000500000065000000a70e1e1a430070007500200030000a0054006300630064002000230030003a0020003400
terminal=NotifyIconCompatibilityTerminal { correlation_id: "native:7616:67", host_generation: 1787222957369, icon_generation: None, terminal: InvalidRequest, message: "notify-icon-owner-or-identity-invalid" }
snapshot-icons=32
snapshot-icons=32
dwData=1 cbData=1484 bytes=2334753401000000bc03000060010100000000000500000065000000a70e1e1a430070007500200030000a0054006300630064002000230030003a0020003400
terminal=NotifyIconCompatibilityTerminal { correlation_id: "native:7616:67", host_generation: 1787222957369, icon_generation: None, terminal: InvalidRequest, message: "notify-icon-owner-or-identity-invalid" }
snapshot-icons=32
snapshot-icons=32
dwData=1 cbData=1484 bytes=2334753401000000bc03000060010100000000000500000065000000a70e1e1a430070007500200030000a0054006300630064002000230030003a0020003400
terminal=NotifyIconCompatibilityTerminal { correlation_id: "native:7616:67", host_generation: 1787222957369, icon_generation: None, terminal: InvalidRequest, message: "notify-icon-owner-or-identity-invalid" }
snapshot-icons=32
dwData=1 cbData=1484 bytes=2334753401000000bc03000060010100000000000500000065000000a70e1e1a430070007500200030000a0054006300630064002000230030003a0020003400
terminal=NotifyIconCompatibilityTerminal { correlation_id: "native:7616:67", host_generation: 1787222957369, icon_generation: None, terminal: InvalidRequest, message: "notify-icon-owner-or-identity-invalid" }
snapshot-icons=32
snapshot-icons=32
dwData=1 cbData=1484 bytes=2334753401000000bc03000060010100000000000500000065000000a70e1e1a430070007500200030000a0054006300630064002000230030003a0020003500
terminal=NotifyIconCompatibilityTerminal { correlation_id: "native:7616:67", host_generation: 1787222957369, icon_generation: None, terminal: InvalidRequest, message: "notify-icon-owner-or-identity-invalid" }
snapshot-icons=32
snapshot-icons=32
dwData=1 cbData=1484 bytes=2334753401000000bc03000060010100000000000500000065000000a70e1e1a430070007500200030000a0054006300630064002000230030003a0020003400
terminal=NotifyIconCompatibilityTerminal { correlation_id: "native:7616:67", host_generation: 1787222957369, icon_generation: None, terminal: InvalidRequest, message: "notify-icon-owner-or-identity-invalid" }
snapshot-icons=32
dwData=1 cbData=1484 bytes=2334753401000000bc03000060010100000000000500000065000000a70e1e1a430070007500200030000a0054006300630064002000230030003a0020003400
terminal=NotifyIconCompatibilityTerminal { correlation_id: "native:7616:67", host_generation: 1787222957369, icon_generation: None, terminal: InvalidRequest, message: "notify-icon-owner-or-identity-invalid" }
snapshot-icons=32
snapshot-icons=32
dwData=1 cbData=1484 bytes=2334753401000000bc03000060010100000000000500000065000000a70e1e1a430070007500200030000a0054006300630064002000230030003a0020003400
terminal=NotifyIconCompatibilityTerminal { correlation_id: "native:7616:67", host_generation: 1787222957369, icon_generation: None, terminal: InvalidRequest, message: "notify-icon-owner-or-identity-invalid" }
snapshot-icons=32
snapshot-icons=32
dwData=1 cbData=1484 bytes=2334753401000000bc03000060010100000000000300000065000000230f9b0a430070007500200030000a0054006300630064002000230030003a0020003400
dwData=1 cbData=1484 bytes=2334753401000000bc03000060010100000000000500000065000000230f9b0a430070007500200030000a0054006300630064002000230030003a0020003400
terminal=NotifyIconCompatibilityTerminal { correlation_id: "native:7616:67", host_generation: 1787222957369, icon_generation: None, terminal: InvalidRequest, message: "notify-icon-owner-or-identity-invalid" }
snapshot-icons=32
snapshot-icons=32
dwData=1 cbData=1484 bytes=2334753401000000bc03000060010100000000000500000065000000230f9b0a430070007500200030000a0054006300630064002000230030003a0020003400
terminal=NotifyIconCompatibilityTerminal { correlation_id: "native:7616:67", host_generation: 1787222957369, icon_generation: None, terminal: InvalidRequest, message: "notify-icon-owner-or-identity-invalid" }
snapshot-icons=32
snapshot-icons=32
dwData=1 cbData=1484 bytes=2334753401000000bc03000060010100000000000500000065000000230f9b0a430070007500200030000a0054006300630064002000230030003a0020003400
terminal=NotifyIconCompatibilityTerminal { correlation_id: "native:7616:67", host_generation: 1787222957369, icon_generation: None, terminal: InvalidRequest, message: "notify-icon-owner-or-identity-invalid" }
snapshot-icons=32
dwData=1 cbData=1484 bytes=2334753401000000bc030000600101000000000003000000650000003b0c0108430070007500200030000a0054006300630064002000230030003a0020003400
dwData=1 cbData=1484 bytes=2334753401000000bc030000600101000000000005000000650000003b0c0108430070007500200030000a0054006300630064002000230030003a0020003500
terminal=NotifyIconCompatibilityTerminal { correlation_id: "native:7616:67", host_generation: 1787222957369, icon_generation: None, terminal: InvalidRequest, message: "notify-icon-owner-or-identity-invalid" }
snapshot-icons=32
snapshot-icons=32
dwData=1 cbData=1484 bytes=2334753401000000bc030000600101000000000005000000650000003b0c0108430070007500200030000a0054006300630064002000230030003a0020003400
terminal=NotifyIconCompatibilityTerminal { correlation_id: "native:7616:67", host_generation: 1787222957369, icon_generation: None, terminal: InvalidRequest, message: "notify-icon-owner-or-identity-invalid" }
snapshot-icons=32
snapshot-icons=32
dwData=1 cbData=1484 bytes=2334753401000000bc030000600101000000000005000000650000003b0c0108430070007500200030000a0054006300630064002000230030003a0020003400
terminal=NotifyIconCompatibilityTerminal { correlation_id: "native:7616:67", host_generation: 1787222957369, icon_generation: None, terminal: InvalidRequest, message: "notify-icon-owner-or-identity-invalid" }
snapshot-icons=32
dwData=1 cbData=1484 bytes=2334753401000000bc030000600101000000000005000000650000003b0c0108430070007500200030000a0054006300630064002000230030003a0020003400
terminal=NotifyIconCompatibilityTerminal { correlation_id: "native:7616:67", host_generation: 1787222957369, icon_generation: None, terminal: InvalidRequest, message: "notify-icon-owner-or-identity-invalid" }
snapshot-icons=32
snapshot-icons=32
dwData=1 cbData=1484 bytes=2334753401000000bc03000060010100000000000300000065000000cf125f00430070007500200030000a0054006300630064002000230030003a0020003400
dwData=1 cbData=1484 bytes=2334753401000000bc03000060010100000000000500000065000000cf125f00430070007500200030000a0054006300630064002000230030003a0020003400
terminal=NotifyIconCompatibilityTerminal { correlation_id: "native:7616:67", host_generation: 1787222957369, icon_generation: None, terminal: InvalidRequest, message: "notify-icon-owner-or-identity-invalid" }
snapshot-icons=32
dwData=1 cbData=1484 bytes=2334753403000000bc0300002c120600591b0000d70000002580000033000100530075007000650072004400650073006b0074006f007000200063006f006d00
dwData=1 cbData=1484 bytes=2334753402000000bc0300002c120600591b0000d70000002580000033000100530075007000650072004400650073006b0074006f007000200063006f006d00
dwData=1 cbData=1484 bytes=2334753402000000bc0300002c1206005a1b0000d70000002580000033000100530075007000650072004400650073006b0074006f007000200063006f006d00
dwData=1 cbData=1484 bytes=2334753402000000bc0300002c1206005b1b0000d70000002580000033000100530075007000650072004400650073006b0074006f007000200063006f006d00
dwData=1 cbData=1484 bytes=2334753402000000bc0300002c1206005c1b0000d70000002580000033000100530075007000650072004400650073006b0074006f007000200063006f006d00
dwData=1 cbData=1484 bytes=2334753402000000bc0300002c1206005d1b0000d70000002580000033000100530075007000650072004400650073006b0074006f007000200063006f006d00
dwData=1 cbData=1484 bytes=2334753402000000bc0300002c1206005e1b0000d70000002580000033000100530075007000650072004400650073006b0074006f007000200063006f006d00
dwData=1 cbData=1484 bytes=2334753402000000bc0300002c1206005f1b0000d70000002580000033000100530075007000650072004400650073006b0074006f007000200063006f006d00
dwData=1 cbData=1484 bytes=2334753402000000bc0300002c120600601b0000d70000002580000033000100530075007000650072004400650073006b0074006f007000200063006f006d00
dwData=1 cbData=1484 bytes=2334753402000000bc0300002c120600611b0000d70000002580000033000100530075007000650072004400650073006b0074006f007000200063006f006d00
dwData=1 cbData=1484 bytes=2334753402000000bc0300002c120600621b0000d70000002580000033000100530075007000650072004400650073006b0074006f007000200063006f006d00
dwData=1 cbData=1484 bytes=2334753402000000bc0300002c120600631b0000d70000002580000033000100530075007000650072004400650073006b0074006f007000200063006f006d00
dwData=1 cbData=1484 bytes=2334753402000000bc0300002c120600641b0000d70000002580000033000100530075007000650072004400650073006b0074006f007000200063006f006d00
dwData=1 cbData=1484 bytes=2334753402000000bc0300002c120600651b0000d70000002580000033000100530075007000650072004400650073006b0074006f007000200063006f006d00
dwData=1 cbData=1484 bytes=2334753402000000bc0300002c120600661b0000d70000002580000033000100530075007000650072004400650073006b0074006f007000200063006f006d00
dwData=1 cbData=1484 bytes=2334753402000000bc0300002c120600671b0000d70000002580000033000100530075007000650072004400650073006b0074006f007000200063006f006d00
dwData=1 cbData=1484 bytes=2334753402000000bc0300002c120600681b0000d70000002580000033000100530075007000650072004400650073006b0074006f007000200063006f006d00
dwData=1 cbData=1484 bytes=2334753402000000bc0300002c120600691b0000d70000002580000033000100530075007000650072004400650073006b0074006f007000200063006f006d00
dwData=1 cbData=1484 bytes=2334753402000000bc0300002c1206006a1b0000d70000002580000033000100530075007000650072004400650073006b0074006f007000200063006f006d00
dwData=1 cbData=1484 bytes=2334753402000000bc0300002c1206006b1b0000d70000002580000033000100530075007000650072004400650073006b0074006f007000200063006f006d00
dwData=1 cbData=1484 bytes=2334753402000000bc0300002c1206006c1b0000d70000002580000033000100530075007000650072004400650073006b0074006f007000200063006f006d00
terminal=NotifyIconCompatibilityTerminal { correlation_id: "native:44504:68", host_generation: 1787222957369, icon_generation: None, terminal: InvalidRequest, message: "notify-icon-owner-or-identity-invalid" }
terminal=NotifyIconCompatibilityTerminal { correlation_id: "native:44504:68", host_generation: 1787222957369, icon_generation: None, terminal: InvalidRequest, message: "notify-icon-owner-or-identity-invalid" }
terminal=NotifyIconCompatibilityTerminal { correlation_id: "native:44504:68", host_generation: 1787222957369, icon_generation: None, terminal: InvalidRequest, message: "notify-icon-owner-or-identity-invalid" }
terminal=NotifyIconCompatibilityTerminal { correlation_id: "native:44504:68", host_generation: 1787222957369, icon_generation: None, terminal: InvalidRequest, message: "notify-icon-owner-or-identity-invalid" }
terminal=NotifyIconCompatibilityTerminal { correlation_id: "native:44504:68", host_generation: 1787222957369, icon_generation: None, terminal: InvalidRequest, message: "notify-icon-owner-or-identity-invalid" }
terminal=NotifyIconCompatibilityTerminal { correlation_id: "native:44504:68", host_generation: 1787222957369, icon_generation: None, terminal: InvalidRequest, message: "notify-icon-owner-or-identity-invalid" }
terminal=NotifyIconCompatibilityTerminal { correlation_id: "native:44504:68", host_generation: 1787222957369, icon_generation: None, terminal: InvalidRequest, message: "notify-icon-owner-or-identity-invalid" }
terminal=NotifyIconCompatibilityTerminal { correlation_id: "native:44504:68", host_generation: 1787222957369, icon_generation: None, terminal: InvalidRequest, message: "notify-icon-owner-or-identity-invalid" }
terminal=NotifyIconCompatibilityTerminal { correlation_id: "native:44504:68", host_generation: 1787222957369, icon_generation: None, terminal: InvalidRequest, message: "notify-icon-owner-or-identity-invalid" }
terminal=NotifyIconCompatibilityTerminal { correlation_id: "native:44504:68", host_generation: 1787222957369, icon_generation: None, terminal: InvalidRequest, message: "notify-icon-owner-or-identity-invalid" }
terminal=NotifyIconCompatibilityTerminal { correlation_id: "native:44504:68", host_generation: 1787222957369, icon_generation: None, terminal: InvalidRequest, message: "notify-icon-owner-or-identity-invalid" }
terminal=NotifyIconCompatibilityTerminal { correlation_id: "native:44504:68", host_generation: 1787222957369, icon_generation: None, terminal: InvalidRequest, message: "notify-icon-owner-or-identity-invalid" }
terminal=NotifyIconCompatibilityTerminal { correlation_id: "native:44504:68", host_generation: 1787222957369, icon_generation: None, terminal: InvalidRequest, message: "notify-icon-owner-or-identity-invalid" }
terminal=NotifyIconCompatibilityTerminal { correlation_id: "native:44504:68", host_generation: 1787222957369, icon_generation: None, terminal: InvalidRequest, message: "notify-icon-owner-or-identity-invalid" }
terminal=NotifyIconCompatibilityTerminal { correlation_id: "native:44504:68", host_generation: 1787222957369, icon_generation: None, terminal: InvalidRequest, message: "notify-icon-owner-or-identity-invalid" }
terminal=NotifyIconCompatibilityTerminal { correlation_id: "native:44504:68", host_generation: 1787222957369, icon_generation: None, terminal: InvalidRequest, message: "notify-icon-owner-or-identity-invalid" }
terminal=NotifyIconCompatibilityTerminal { correlation_id: "native:44504:68", host_generation: 1787222957369, icon_generation: None, terminal: InvalidRequest, message: "notify-icon-owner-or-identity-invalid" }
terminal=NotifyIconCompatibilityTerminal { correlation_id: "native:44504:68", host_generation: 1787222957369, icon_generation: None, terminal: InvalidRequest, message: "notify-icon-owner-or-identity-invalid" }
terminal=NotifyIconCompatibilityTerminal { correlation_id: "native:44504:68", host_generation: 1787222957369, icon_generation: None, terminal: InvalidRequest, message: "notify-icon-owner-or-identity-invalid" }
terminal=NotifyIconCompatibilityTerminal { correlation_id: "native:44504:68", host_generation: 1787222957369, icon_generation: None, terminal: InvalidRequest, message: "notify-icon-owner-or-identity-invalid" }
terminal=NotifyIconCompatibilityTerminal { correlation_id: "native:44504:68", host_generation: 1787222957369, icon_generation: None, terminal: InvalidRequest, message: "notify-icon-owner-or-identity-invalid" }
snapshot-icons=12
dwData=1 cbData=1484 bytes=2334753401000000bc03000060010100000000000500000065000000cf125f00430070007500200030000a0054006300630064002000230030003a0020003400
terminal=NotifyIconCompatibilityTerminal { correlation_id: "native:7616:68", host_generation: 1787222957369, icon_generation: None, terminal: InvalidRequest, message: "notify-icon-owner-or-identity-invalid" }
snapshot-icons=12
dwData=1 cbData=1484 bytes=2334753401000000bc03000060010100000000000500000065000000cf125f00430070007500200030000a0054006300630064002000230030003a0020003400
terminal=NotifyIconCompatibilityTerminal { correlation_id: "native:7616:68", host_generation: 1787222957369, icon_generation: None, terminal: InvalidRequest, message: "notify-icon-owner-or-identity-invalid" }
snapshot-icons=12
snapshot-icons=12
dwData=1 cbData=1484 bytes=2334753401000000bc03000060010100000000000300000065000000d910710b430070007500200030000a0054006300630064002000230030003a0020003400
dwData=1 cbData=1484 bytes=2334753401000000bc03000060010100000000000500000065000000d910710b430070007500200030000a0054006300630064002000230030003a0020003400
terminal=NotifyIconCompatibilityTerminal { correlation_id: "native:7616:68", host_generation: 1787222957369, icon_generation: None, terminal: InvalidRequest, message: "notify-icon-owner-or-identity-invalid" }
snapshot-icons=12
dwData=1 cbData=1484 bytes=2334753400000000bc030000ea020800020000000700000072170000a3010e0052007500730074004400650073006b0020002d002000315cd27d0a0031002000
dwData=1 cbData=1484 bytes=2334753402000000bc03000050090100030000000000000000000000000000000000000000000000000000000000000000000000000000000000000000000000
dwData=1 cbData=1484 bytes=2334753400000000bc030000bc06020001000000070000000008000011073800540069006d00650053006e006100700070006500720020002800410063007400
dwData=1 cbData=1484 bytes=2334753402000000bc03000092071600030000002000000000000000000000000000000000000000000000000000000000000000000000000000000000000000
dwData=1 cbData=1484 bytes=2334753400000000bc030000d2020300000000000700000000140000e9028c00450076006500720079007400680069006e006700000000000000000000000000
dwData=1 cbData=1484 bytes=2334753402000000bc030000e8020600010000000700000001040000000000000000000000000000000000000000000000000000000000000000000000000000
dwData=1 cbData=1484 bytes=2334753400000000bc030000f20305000100000087000000018000008d047b004d0075004d00750050006c006100790065007200000000000000000000000000
dwData=1 cbData=1484 bytes=2334753402000000bc030000e80a0a00030000002000000000000000000000000000000000000000000000000000000000000000000000000000000000000000
dwData=1 cbData=1484 bytes=2334753402000000bc030000a8090100010000000700000000080000e10902004d006100610041007300730069007300740061006e007400410072006b006e00
dwData=1 cbData=1484 bytes=2334753402000000bc0300009407080001000000a700000003040000ab091a0a4d006900630072006f0073006f00660074002000330036003500200043006f00
dwData=1 cbData=1484 bytes=2334753402000000bc030000ae0302008200000000000000640400003304060044006900740074006f0000000000000000000000000000000000000000000000
dwData=1 cbData=1484 bytes=2334753401000000bc030000e205030064000000ae00000000000000d3121f00570069006e0064006f00770073002000895b6851276020002d002000fa5e708b
dwData=1 cbData=1484 bytes=2334753400000000bc03000050090100030000000300000001800000550901000000000000000000000000000000000000000000000000000000000000000000
dwData=1 cbData=1484 bytes=2334753400000000bc030000c4107e00000000008f00000065800000a0110600b06548722c670b4e7d8f2d4e20003500370032002e00390031004d0042002f00
dwData=1 cbData=1484 bytes=2334753402000000bc0300003a080800070000000000000000000000000000000000000000000000000000000000000000000000000000000000000000000000
dwData=1 cbData=1484 bytes=2334753401000000bc03000060010100000000000700000065000000d911be00430070007500200030000a0054006300630064002000230030003a0020003400
dwData=1 cbData=1484 bytes=2334753400000000bc03000092071600030000002300000001800000bb0602000000000000000000000000000000000000000000000000000000000000000000
dwData=1 cbData=1484 bytes=2334753400000000bc030000e80a0a000300000027000000018000008a0b26004300680061007400470050005400000000000000000000000000000000000000
dwData=1 cbData=1484 bytes=2334753400000000bc030000a8090100010000000700000000080000e10902004d006100610041007300730069007300740061006e007400410072006b006e00
dwData=1 cbData=1484 bytes=2334753400000000bc0300009407080001000000a700000003040000ab091a0a4d006900630072006f0073006f00660074002000330036003500200043006f00
dwData=1 cbData=1484 bytes=2334753400000000bc030000ae0302008200000007000000640400003304060044006900740074006f0000000000000000000000000000000000000000000000
dwData=1 cbData=1484 bytes=2334753404000000bc030000c4107e00000000008f00000065800000a0110600b06548722c670b4e7d8f2d4e20003500370032002e00390031004d0042002f00
dwData=1 cbData=1484 bytes=2334753400000000bc0300003a0808000700000003000000018000003f090e000000000000000000000000000000000000000000000000000000000000000000
dwData=1 cbData=1484 bytes=2334753404000000bc0300009407080001000000a700000003040000ab091a0a4d006900630072006f0073006f00660074002000330036003500200043006f00
dwData=1 cbData=1484 bytes=2334753401000000bc03000060010100000000000700000065000000d911bf00430070007500200030000a0054006300630064002000230030003a0020003400
dwData=1 cbData=1484 bytes=2334753401000000bc03000060010100000000000700000065000000d911c100430070007500200030000a0054006300630064002000230030003a0020003400
terminal=NotifyIconCompatibilityTerminal { correlation_id: "native:18828:2", host_generation: 1787223023860, icon_generation: Some(1), terminal: Applied, message: "" }
terminal=NotifyIconCompatibilityTerminal { correlation_id: "native:27612:2", host_generation: 1787223023860, icon_generation: Some(3), terminal: NoChange, message: "" }
terminal=NotifyIconCompatibilityTerminal { correlation_id: "native:33372:4", host_generation: 1787223023860, icon_generation: Some(3), terminal: Applied, message: "" }
terminal=NotifyIconCompatibilityTerminal { correlation_id: "native:23428:4", host_generation: 1787223023860, icon_generation: Some(5), terminal: NoChange, message: "" }
terminal=NotifyIconCompatibilityTerminal { correlation_id: "native:18180:4", host_generation: 1787223023860, icon_generation: None, terminal: InvalidRequest, message: "notify-icon-owner-or-identity-invalid" }
terminal=NotifyIconCompatibilityTerminal { correlation_id: "native:14740:4", host_generation: 1787223023860, icon_generation: Some(5), terminal: NoChange, message: "" }
terminal=NotifyIconCompatibilityTerminal { correlation_id: "native:21628:6", host_generation: 1787223023860, icon_generation: Some(5), terminal: Applied, message: "" }
terminal=NotifyIconCompatibilityTerminal { correlation_id: "native:31492:6", host_generation: 1787223023860, icon_generation: Some(7), terminal: NoChange, message: "" }
terminal=NotifyIconCompatibilityTerminal { correlation_id: "native:31292:6", host_generation: 1787223023860, icon_generation: Some(7), terminal: NoChange, message: "" }
terminal=NotifyIconCompatibilityTerminal { correlation_id: "native:39188:6", host_generation: 1787223023860, icon_generation: Some(7), terminal: NoChange, message: "" }
terminal=NotifyIconCompatibilityTerminal { correlation_id: "native:21196:6", host_generation: 1787223023860, icon_generation: Some(7), terminal: NoChange, message: "" }
terminal=NotifyIconCompatibilityTerminal { correlation_id: "native:17868:6", host_generation: 1787223023860, icon_generation: None, terminal: InvalidRequest, message: "notify-icon-owned-invalid" }
terminal=NotifyIconCompatibilityTerminal { correlation_id: "native:27612:8", host_generation: 1787223023860, icon_generation: Some(7), terminal: Applied, message: "" }
terminal=NotifyIconCompatibilityTerminal { correlation_id: "native:15400:8", host_generation: 1787223023860, icon_generation: None, terminal: InvalidRequest, message: "notify-icon-owner-or-identity-invalid" }
terminal=NotifyIconCompatibilityTerminal { correlation_id: "native:30136:8", host_generation: 1787223023860, icon_generation: Some(9), terminal: NoChange, message: "" }
terminal=NotifyIconCompatibilityTerminal { correlation_id: "native:7616:8", host_generation: 1787223023860, icon_generation: None, terminal: InvalidRequest, message: "notify-icon-owner-or-identity-invalid" }
terminal=NotifyIconCompatibilityTerminal { correlation_id: "native:23428:10", host_generation: 1787223023860, icon_generation: Some(9), terminal: Applied, message: "" }
terminal=NotifyIconCompatibilityTerminal { correlation_id: "native:31492:12", host_generation: 1787223023860, icon_generation: Some(11), terminal: Applied, message: "" }
terminal=NotifyIconCompatibilityTerminal { correlation_id: "native:31292:14", host_generation: 1787223023860, icon_generation: Some(13), terminal: Applied, message: "" }
terminal=NotifyIconCompatibilityTerminal { correlation_id: "native:39188:16", host_generation: 1787223023860, icon_generation: Some(15), terminal: Applied, message: "" }
terminal=NotifyIconCompatibilityTerminal { correlation_id: "native:21196:18", host_generation: 1787223023860, icon_generation: Some(17), terminal: Applied, message: "" }
terminal=NotifyIconCompatibilityTerminal { correlation_id: "native:15400:18", host_generation: 1787223023860, icon_generation: None, terminal: InvalidRequest, message: "notify-icon-owner-or-identity-invalid" }
terminal=NotifyIconCompatibilityTerminal { correlation_id: "native:30136:20", host_generation: 1787223023860, icon_generation: Some(19), terminal: Applied, message: "" }
terminal=NotifyIconCompatibilityTerminal { correlation_id: "native:39188:20", host_generation: 1787223023860, icon_generation: Some(21), terminal: Applied, message: "" }
dwData=1 cbData=1484 bytes=2334753402000000bc03000060010100000000000700000065000000d911c100430070007500200030000a0054006300630064002000230030003a0020003400
dwData=1 cbData=1484 bytes=2334753400000000bc030000600101001b0000000700000065000000d911c20043006f00720065002000540065006d0070002000760065007200730069006f00
dwData=1 cbData=1484 bytes=2334753401000000bc030000600101001b00000002000000650000009d02010043006f00720065002000540065006d0070002000760065007200730069006f00
dwData=1 cbData=1484 bytes=2334753401000000bc030000600101001b00000002000000650000009d02010043006f00720065002000540065006d0070002000760065007200730069006f00
dwData=1 cbData=1484 bytes=2334753400000000bc03000060010100000000000700000065000000d911c400430070007500200030000a0054006300630064002000230030003a0020003400
dwData=1 cbData=1484 bytes=2334753402000000bc030000600101001b00000002000000650000009d02010043006f00720065002000540065006d0070002000760065007200730069006f00
snapshot-icons=10
dwData=1 cbData=1484 bytes=2334753400000000bc0300001403080001000000870000005480000035070a0e45007000690063002000470061006d006500730020005f55d552685600000000
dwData=1 cbData=1484 bytes=2334753401000000bc03000060010100000000000300000065000000fd0e3303430070007500200030000a0054006300630064002000230030003a0020003400
dwData=1 cbData=1484 bytes=2334753401000000bc03000060010100000000000500000065000000fd0e3303430070007500200030000a0054006300630064002000230030003a0020003400
dwData=1 cbData=1484 bytes=2334753400000000bc030000e80206000100000007000000010400002f090a0053007400650061006d0000000000000000000000000000000000000000000000
dwData=1 cbData=1484 bytes=2334753400000000bc030000660eb200591b0000d70000002580000033000100530075007000650072004400650073006b0074006f007000200063006f006d00
dwData=1 cbData=1484 bytes=2334753404000000bc030000660eb200591b0000d70000002580000033000100530075007000650072004400650073006b0074006f007000200063006f006d00
dwData=1 cbData=1484 bytes=2334753400000000bc030000660eb2005a1b0000d70000002580000033000100530075007000650072004400650073006b0074006f007000200063006f006d00
dwData=1 cbData=1484 bytes=2334753404000000bc030000660eb2005a1b0000d70000002580000033000100530075007000650072004400650073006b0074006f007000200063006f006d00
terminal=NotifyIconCompatibilityTerminal { correlation_id: "native:7616:20", host_generation: 1787223023860, icon_generation: None, terminal: InvalidRequest, message: "notify-icon-owner-or-identity-invalid" }
terminal=NotifyIconCompatibilityTerminal { correlation_id: "native:7616:20", host_generation: 1787223023860, icon_generation: None, terminal: InvalidRequest, message: "notify-icon-owner-or-identity-invalid" }
terminal=NotifyIconCompatibilityTerminal { correlation_id: "native:7616:20", host_generation: 1787223023860, icon_generation: None, terminal: InvalidRequest, message: "notify-icon-copy-failed" }
terminal=NotifyIconCompatibilityTerminal { correlation_id: "native:7616:20", host_generation: 1787223023860, icon_generation: Some(21), terminal: NoChange, message: "" }
terminal=NotifyIconCompatibilityTerminal { correlation_id: "native:7616:20", host_generation: 1787223023860, icon_generation: None, terminal: InvalidRequest, message: "notify-icon-owner-or-identity-invalid" }
terminal=NotifyIconCompatibilityTerminal { correlation_id: "native:7616:20", host_generation: 1787223023860, icon_generation: Some(21), terminal: NoChange, message: "" }
terminal=NotifyIconCompatibilityTerminal { correlation_id: "native:20784:22", host_generation: 1787223023860, icon_generation: Some(21), terminal: Applied, message: "" }
terminal=NotifyIconCompatibilityTerminal { correlation_id: "native:14740:24", host_generation: 1787223023860, icon_generation: Some(23), terminal: Applied, message: "" }
terminal=NotifyIconCompatibilityTerminal { correlation_id: "native:49292:27", host_generation: 1787223023860, icon_generation: Some(25), terminal: Applied, message: "" }
terminal=NotifyIconCompatibilityTerminal { correlation_id: "native:49292:27", host_generation: 1787223023860, icon_generation: Some(28), terminal: Applied, message: "" }
terminal=NotifyIconCompatibilityTerminal { correlation_id: "native:49292:29", host_generation: 1787223023860, icon_generation: Some(28), terminal: Applied, message: "" }
terminal=NotifyIconCompatibilityTerminal { correlation_id: "native:49292:29", host_generation: 1787223023860, icon_generation: Some(30), terminal: Applied, message: "" }
snapshot-icons=14
dwData=1 cbData=1484 bytes=2334753400000000bc030000660eb2005b1b0000d70000002580000033000100530075007000650072004400650073006b0074006f007000200063006f006d00
dwData=1 cbData=1484 bytes=2334753404000000bc030000660eb2005b1b0000d70000002580000033000100530075007000650072004400650073006b0074006f007000200063006f006d00
dwData=1 cbData=1484 bytes=2334753400000000bc030000660eb2005c1b0000d70000002580000033000100530075007000650072004400650073006b0074006f007000200063006f006d00
dwData=1 cbData=1484 bytes=2334753404000000bc030000660eb2005c1b0000d70000002580000033000100530075007000650072004400650073006b0074006f007000200063006f006d00
dwData=1 cbData=1484 bytes=2334753400000000bc030000660eb2005d1b0000d70000002580000033000100530075007000650072004400650073006b0074006f007000200063006f006d00
dwData=1 cbData=1484 bytes=2334753404000000bc030000660eb2005d1b0000d70000002580000033000100530075007000650072004400650073006b0074006f007000200063006f006d00
dwData=1 cbData=1484 bytes=2334753404000000bc03000014030800010000000000000000000000000000000000000000000000000000000000000000000000000000000000000000000000
dwData=1 cbData=1484 bytes=2334753400000000bc030000660eb2005e1b0000d70000002580000033000100530075007000650072004400650073006b0074006f007000200063006f006d00
dwData=1 cbData=1484 bytes=2334753404000000bc030000660eb2005e1b0000d70000002580000033000100530075007000650072004400650073006b0074006f007000200063006f006d00
dwData=1 cbData=1484 bytes=2334753401000000bc030000600101000000000003000000650000001b100002430070007500200030000a0054006300630064002000230030003a0020003400
dwData=1 cbData=1484 bytes=2334753401000000bc030000600101000000000005000000650000001b100002430070007500200030000a0054006300630064002000230030003a0020003500
dwData=1 cbData=1484 bytes=2334753400000000bc030000660eb2005f1b0000d70000002580000033000100530075007000650072004400650073006b0074006f007000200063006f006d00
dwData=1 cbData=1484 bytes=2334753404000000bc030000660eb2005f1b0000d70000002580000033000100530075007000650072004400650073006b0074006f007000200063006f006d00
dwData=1 cbData=1484 bytes=2334753400000000bc030000660eb200601b0000d70000002580000033000100530075007000650072004400650073006b0074006f007000200063006f006d00
dwData=1 cbData=1484 bytes=2334753404000000bc030000660eb200601b0000d70000002580000033000100530075007000650072004400650073006b0074006f007000200063006f006d00
dwData=1 cbData=1484 bytes=2334753400000000bc030000660eb200611b0000d70000002580000033000100530075007000650072004400650073006b0074006f007000200063006f006d00
dwData=1 cbData=1484 bytes=2334753404000000bc030000660eb200611b0000d70000002580000033000100530075007000650072004400650073006b0074006f007000200063006f006d00
dwData=1 cbData=1484 bytes=2334753400000000bc030000660eb200621b0000d70000002580000033000100530075007000650072004400650073006b0074006f007000200063006f006d00
terminal=NotifyIconCompatibilityTerminal { correlation_id: "native:49292:31", host_generation: 1787223023860, icon_generation: Some(30), terminal: Applied, message: "" }
terminal=NotifyIconCompatibilityTerminal { correlation_id: "native:49292:31", host_generation: 1787223023860, icon_generation: Some(32), terminal: Applied, message: "" }
terminal=NotifyIconCompatibilityTerminal { correlation_id: "native:49292:33", host_generation: 1787223023860, icon_generation: Some(32), terminal: Applied, message: "" }
terminal=NotifyIconCompatibilityTerminal { correlation_id: "native:49292:33", host_generation: 1787223023860, icon_generation: Some(34), terminal: Applied, message: "" }
terminal=NotifyIconCompatibilityTerminal { correlation_id: "native:49292:35", host_generation: 1787223023860, icon_generation: Some(34), terminal: Applied, message: "" }
terminal=NotifyIconCompatibilityTerminal { correlation_id: "native:49292:35", host_generation: 1787223023860, icon_generation: Some(36), terminal: Applied, message: "" }
terminal=NotifyIconCompatibilityTerminal { correlation_id: "native:20784:35", host_generation: 1787223023860, icon_generation: Some(36), terminal: Applied, message: "" }
terminal=NotifyIconCompatibilityTerminal { correlation_id: "native:49292:37", host_generation: 1787223023860, icon_generation: Some(36), terminal: Applied, message: "" }
terminal=NotifyIconCompatibilityTerminal { correlation_id: "native:49292:37", host_generation: 1787223023860, icon_generation: Some(38), terminal: Applied, message: "" }
terminal=NotifyIconCompatibilityTerminal { correlation_id: "native:7616:37", host_generation: 1787223023860, icon_generation: None, terminal: InvalidRequest, message: "notify-icon-owner-or-identity-invalid" }
terminal=NotifyIconCompatibilityTerminal { correlation_id: "native:49292:39", host_generation: 1787223023860, icon_generation: Some(38), terminal: Applied, message: "" }
terminal=NotifyIconCompatibilityTerminal { correlation_id: "native:49292:39", host_generation: 1787223023860, icon_generation: Some(40), terminal: Applied, message: "" }
terminal=NotifyIconCompatibilityTerminal { correlation_id: "native:49292:41", host_generation: 1787223023860, icon_generation: Some(40), terminal: Applied, message: "" }
terminal=NotifyIconCompatibilityTerminal { correlation_id: "native:49292:41", host_generation: 1787223023860, icon_generation: Some(42), terminal: Applied, message: "" }
terminal=NotifyIconCompatibilityTerminal { correlation_id: "native:49292:43", host_generation: 1787223023860, icon_generation: Some(42), terminal: Applied, message: "" }
terminal=NotifyIconCompatibilityTerminal { correlation_id: "native:49292:43", host_generation: 1787223023860, icon_generation: Some(44), terminal: Applied, message: "" }
snapshot-icons=21
dwData=1 cbData=1484 bytes=2334753404000000bc030000660eb200621b0000d70000002580000033000100530075007000650072004400650073006b0074006f007000200063006f006d00
dwData=1 cbData=1484 bytes=2334753400000000bc030000660eb200631b0000d70000002580000033000100530075007000650072004400650073006b0074006f007000200063006f006d00
dwData=1 cbData=1484 bytes=2334753404000000bc030000660eb200631b0000d70000002580000033000100530075007000650072004400650073006b0074006f007000200063006f006d00
dwData=1 cbData=1484 bytes=2334753400000000bc030000660eb200641b0000d70000002580000033000100530075007000650072004400650073006b0074006f007000200063006f006d00
dwData=1 cbData=1484 bytes=2334753404000000bc030000660eb200641b0000d70000002580000033000100530075007000650072004400650073006b0074006f007000200063006f006d00
dwData=1 cbData=1484 bytes=2334753400000000bc030000660eb200651b0000d70000002580000033000100530075007000650072004400650073006b0074006f007000200063006f006d00
dwData=1 cbData=1484 bytes=2334753404000000bc030000660eb200651b0000d70000002580000033000100530075007000650072004400650073006b0074006f007000200063006f006d00
dwData=1 cbData=1484 bytes=2334753400000000bc030000660eb200661b0000d70000002580000033000100530075007000650072004400650073006b0074006f007000200063006f006d00
dwData=1 cbData=1484 bytes=2334753404000000bc030000660eb200661b0000d70000002580000033000100530075007000650072004400650073006b0074006f007000200063006f006d00
dwData=1 cbData=1484 bytes=2334753400000000bc030000660eb200671b0000d70000002580000033000100530075007000650072004400650073006b0074006f007000200063006f006d00
dwData=1 cbData=1484 bytes=2334753404000000bc030000660eb200671b0000d70000002580000033000100530075007000650072004400650073006b0074006f007000200063006f006d00
dwData=1 cbData=1484 bytes=2334753400000000bc030000660eb200681b0000d70000002580000033000100530075007000650072004400650073006b0074006f007000200063006f006d00
dwData=1 cbData=1484 bytes=2334753404000000bc030000660eb200681b0000d70000002580000033000100530075007000650072004400650073006b0074006f007000200063006f006d00
dwData=1 cbData=1484 bytes=2334753400000000bc030000660eb200691b0000d70000002580000033000100530075007000650072004400650073006b0074006f007000200063006f006d00
dwData=1 cbData=1484 bytes=2334753404000000bc030000660eb200691b0000d70000002580000033000100530075007000650072004400650073006b0074006f007000200063006f006d00
terminal=NotifyIconCompatibilityTerminal { correlation_id: "native:49292:45", host_generation: 1787223023860, icon_generation: Some(44), terminal: Applied, message: "" }
terminal=NotifyIconCompatibilityTerminal { correlation_id: "native:49292:45", host_generation: 1787223023860, icon_generation: Some(46), terminal: Applied, message: "" }
terminal=NotifyIconCompatibilityTerminal { correlation_id: "native:49292:47", host_generation: 1787223023860, icon_generation: Some(46), terminal: Applied, message: "" }
terminal=NotifyIconCompatibilityTerminal { correlation_id: "native:49292:47", host_generation: 1787223023860, icon_generation: Some(48), terminal: Applied, message: "" }
terminal=NotifyIconCompatibilityTerminal { correlation_id: "native:49292:49", host_generation: 1787223023860, icon_generation: Some(48), terminal: Applied, message: "" }
terminal=NotifyIconCompatibilityTerminal { correlation_id: "native:49292:49", host_generation: 1787223023860, icon_generation: Some(50), terminal: Applied, message: "" }
terminal=NotifyIconCompatibilityTerminal { correlation_id: "native:49292:51", host_generation: 1787223023860, icon_generation: Some(50), terminal: Applied, message: "" }
terminal=NotifyIconCompatibilityTerminal { correlation_id: "native:49292:51", host_generation: 1787223023860, icon_generation: Some(52), terminal: Applied, message: "" }
terminal=NotifyIconCompatibilityTerminal { correlation_id: "native:49292:53", host_generation: 1787223023860, icon_generation: Some(52), terminal: Applied, message: "" }
terminal=NotifyIconCompatibilityTerminal { correlation_id: "native:49292:53", host_generation: 1787223023860, icon_generation: Some(54), terminal: Applied, message: "" }
terminal=NotifyIconCompatibilityTerminal { correlation_id: "native:49292:55", host_generation: 1787223023860, icon_generation: Some(54), terminal: Applied, message: "" }
terminal=NotifyIconCompatibilityTerminal { correlation_id: "native:49292:55", host_generation: 1787223023860, icon_generation: Some(56), terminal: Applied, message: "" }
terminal=NotifyIconCompatibilityTerminal { correlation_id: "native:49292:57", host_generation: 1787223023860, icon_generation: Some(56), terminal: Applied, message: "" }
terminal=NotifyIconCompatibilityTerminal { correlation_id: "native:49292:57", host_generation: 1787223023860, icon_generation: Some(58), terminal: Applied, message: "" }
terminal=NotifyIconCompatibilityTerminal { correlation_id: "native:49292:59", host_generation: 1787223023860, icon_generation: Some(58), terminal: Applied, message: "" }
terminal=NotifyIconCompatibilityTerminal { correlation_id: "native:49292:59", host_generation: 1787223023860, icon_generation: Some(60), terminal: Applied, message: "" }
snapshot-icons=29
dwData=1 cbData=1484 bytes=2334753400000000bc030000660eb2006a1b0000d70000002580000033000100530075007000650072004400650073006b0074006f007000200063006f006d00
dwData=1 cbData=1484 bytes=2334753404000000bc030000660eb2006a1b0000d70000002580000033000100530075007000650072004400650073006b0074006f007000200063006f006d00
dwData=1 cbData=1484 bytes=2334753401000000bc03000060010100000000000300000065000000eb0fa001430070007500200030000a0054006300630064002000230030003a0020003500
dwData=1 cbData=1484 bytes=2334753401000000bc03000060010100000000000500000065000000eb0fa001430070007500200030000a0054006300630064002000230030003a0020003400
dwData=1 cbData=1484 bytes=2334753400000000bc030000660eb2006b1b0000d70000002580000033000100530075007000650072004400650073006b0074006f007000200063006f006d00
dwData=1 cbData=1484 bytes=2334753404000000bc030000660eb2006b1b0000d70000002580000033000100530075007000650072004400650073006b0074006f007000200063006f006d00
dwData=1 cbData=1484 bytes=2334753400000000bc030000660eb2006c1b0000d70000002580000033000100530075007000650072004400650073006b0074006f007000200063006f006d00
dwData=1 cbData=1484 bytes=2334753404000000bc030000660eb2006c1b0000d70000002580000033000100530075007000650072004400650073006b0074006f007000200063006f006d00
dwData=1 cbData=1484 bytes=2334753401000000bc030000660eb200591b0000d70000002580000033000100530075007000650072004400650073006b0074006f007000200063006f006d00
terminal=NotifyIconCompatibilityTerminal { correlation_id: "native:49292:61", host_generation: 1787223023860, icon_generation: Some(60), terminal: Applied, message: "" }
terminal=NotifyIconCompatibilityTerminal { correlation_id: "native:49292:61", host_generation: 1787223023860, icon_generation: Some(62), terminal: Applied, message: "" }
terminal=NotifyIconCompatibilityTerminal { correlation_id: "native:7616:61", host_generation: 1787223023860, icon_generation: None, terminal: InvalidRequest, message: "notify-icon-owner-or-identity-invalid" }
terminal=NotifyIconCompatibilityTerminal { correlation_id: "native:49292:63", host_generation: 1787223023860, icon_generation: Some(62), terminal: Applied, message: "" }
terminal=NotifyIconCompatibilityTerminal { correlation_id: "native:49292:63", host_generation: 1787223023860, icon_generation: Some(64), terminal: Applied, message: "" }
terminal=NotifyIconCompatibilityTerminal { correlation_id: "native:49292:65", host_generation: 1787223023860, icon_generation: Some(64), terminal: Applied, message: "" }
terminal=NotifyIconCompatibilityTerminal { correlation_id: "native:49292:65", host_generation: 1787223023860, icon_generation: Some(66), terminal: Applied, message: "" }
terminal=NotifyIconCompatibilityTerminal { correlation_id: "native:49292:67", host_generation: 1787223023860, icon_generation: Some(66), terminal: Applied, message: "" }
snapshot-icons=32
dwData=1 cbData=1484 bytes=2334753401000000bc03000060010100000000000500000065000000eb0fa001430070007500200030000a0054006300630064002000230030003a0020003400
terminal=NotifyIconCompatibilityTerminal { correlation_id: "native:7616:67", host_generation: 1787223023860, icon_generation: None, terminal: InvalidRequest, message: "notify-icon-owner-or-identity-invalid" }
snapshot-icons=32
snapshot-icons=32
dwData=1 cbData=1484 bytes=2334753401000000bc03000060010100000000000500000065000000eb0fa001430070007500200030000a0054006300630064002000230030003a0020003500
terminal=NotifyIconCompatibilityTerminal { correlation_id: "native:7616:67", host_generation: 1787223023860, icon_generation: None, terminal: InvalidRequest, message: "notify-icon-owner-or-identity-invalid" }
snapshot-icons=32
snapshot-icons=32
dwData=1 cbData=1484 bytes=2334753401000000bc03000060010100000000000500000065000000eb0fa001430070007500200030000a0054006300630064002000230030003a0020003400
terminal=NotifyIconCompatibilityTerminal { correlation_id: "native:7616:67", host_generation: 1787223023860, icon_generation: None, terminal: InvalidRequest, message: "notify-icon-owner-or-identity-invalid" }
snapshot-icons=32
dwData=1 cbData=1484 bytes=2334753401000000bc03000060010100000000000500000065000000eb0fa001430070007500200030000a0054006300630064002000230030003a0020003400
terminal=NotifyIconCompatibilityTerminal { correlation_id: "native:7616:67", host_generation: 1787223023860, icon_generation: None, terminal: InvalidRequest, message: "notify-icon-owner-or-identity-invalid" }
snapshot-icons=32
snapshot-icons=32
dwData=1 cbData=1484 bytes=2334753401000000bc03000060010100000000000500000065000000eb0fa001430070007500200030000a0054006300630064002000230030003a0020003500
terminal=NotifyIconCompatibilityTerminal { correlation_id: "native:7616:67", host_generation: 1787223023860, icon_generation: None, terminal: InvalidRequest, message: "notify-icon-owner-or-identity-invalid" }
snapshot-icons=32
snapshot-icons=32
dwData=1 cbData=1484 bytes=2334753401000000bc03000060010100000000000500000065000000eb0fa001430070007500200030000a0054006300630064002000230030003a0020003500
terminal=NotifyIconCompatibilityTerminal { correlation_id: "native:7616:67", host_generation: 1787223023860, icon_generation: None, terminal: InvalidRequest, message: "notify-icon-owner-or-identity-invalid" }
snapshot-icons=32
snapshot-icons=32
dwData=1 cbData=1484 bytes=2334753401000000bc03000060010100000000000300000065000000bd12f600430070007500200030000a0054006300630064002000230030003a0020003500
dwData=1 cbData=1484 bytes=2334753401000000bc03000060010100000000000500000065000000bd12f600430070007500200030000a0054006300630064002000230030003a0020003500
terminal=NotifyIconCompatibilityTerminal { correlation_id: "native:7616:67", host_generation: 1787223023860, icon_generation: None, terminal: InvalidRequest, message: "notify-icon-owner-or-identity-invalid" }
snapshot-icons=32
dwData=1 cbData=1484 bytes=2334753401000000bc0300006001010000000000030000006500000031137e05430070007500200030000a0054006300630064002000230030003a0020003500
dwData=1 cbData=1484 bytes=2334753401000000bc0300006001010000000000050000006500000031137e05430070007500200030000a0054006300630064002000230030003a0020003500
terminal=NotifyIconCompatibilityTerminal { correlation_id: "native:7616:67", host_generation: 1787223023860, icon_generation: None, terminal: InvalidRequest, message: "notify-icon-owner-or-identity-invalid" }
snapshot-icons=32
snapshot-icons=32
dwData=1 cbData=1484 bytes=2334753401000000bc03000060010100000000000300000065000000a50fe302430070007500200030000a0054006300630064002000230030003a0020003500
dwData=1 cbData=1484 bytes=2334753401000000bc03000060010100000000000500000065000000a50fe302430070007500200030000a0054006300630064002000230030003a0020003400
terminal=NotifyIconCompatibilityTerminal { correlation_id: "native:7616:67", host_generation: 1787223023860, icon_generation: None, terminal: InvalidRequest, message: "notify-icon-owner-or-identity-invalid" }
snapshot-icons=32
snapshot-icons=32
dwData=1 cbData=1484 bytes=2334753401000000bc03000060010100000000000500000065000000a50fe302430070007500200030000a0054006300630064002000230030003a0020003500
terminal=NotifyIconCompatibilityTerminal { correlation_id: "native:7616:67", host_generation: 1787223023860, icon_generation: None, terminal: InvalidRequest, message: "notify-icon-owner-or-identity-invalid" }
snapshot-icons=32
dwData=1 cbData=1484 bytes=2334753401000000bc03000060010100000000000500000065000000a50fe302430070007500200030000a0054006300630064002000230030003a0020003500
terminal=NotifyIconCompatibilityTerminal { correlation_id: "native:7616:67", host_generation: 1787223023860, icon_generation: None, terminal: InvalidRequest, message: "notify-icon-owner-or-identity-invalid" }
snapshot-icons=32
snapshot-icons=32
dwData=1 cbData=1484 bytes=2334753401000000bc03000060010100000000000300000065000000d309df62430070007500200030000a0054006300630064002000230030003a0020003500
dwData=1 cbData=1484 bytes=2334753401000000bc03000060010100000000000500000065000000d309df62430070007500200030000a0054006300630064002000230030003a0020003400
terminal=NotifyIconCompatibilityTerminal { correlation_id: "native:7616:67", host_generation: 1787223023860, icon_generation: None, terminal: InvalidRequest, message: "notify-icon-owner-or-identity-invalid" }
snapshot-icons=32
snapshot-icons=32
dwData=1 cbData=1484 bytes=2334753401000000bc030000600101000000000003000000650000003911bf01430070007500200030000a0054006300630064002000230030003a0020003400
dwData=1 cbData=1484 bytes=2334753401000000bc030000600101000000000005000000650000003911bf01430070007500200030000a0054006300630064002000230030003a0020003500
terminal=NotifyIconCompatibilityTerminal { correlation_id: "native:7616:67", host_generation: 1787223023860, icon_generation: None, terminal: InvalidRequest, message: "notify-icon-owner-or-identity-invalid" }
snapshot-icons=32
snapshot-icons=32
dwData=1 cbData=1484 bytes=2334753401000000bc030000600101000000000003000000650000007b0c2377430070007500200030000a0054006300630064002000230030003a0020003500
dwData=1 cbData=1484 bytes=2334753401000000bc030000600101000000000005000000650000007b0c2377430070007500200030000a0054006300630064002000230030003a0020003500
terminal=NotifyIconCompatibilityTerminal { correlation_id: "native:7616:67", host_generation: 1787223023860, icon_generation: None, terminal: InvalidRequest, message: "notify-icon-owner-or-identity-invalid" }
snapshot-icons=32
snapshot-icons=32
dwData=1 cbData=1484 bytes=2334753401000000bc0300006001010000000000030000006500000025123404430070007500200030000a0054006300630064002000230030003a0020003500
dwData=1 cbData=1484 bytes=2334753401000000bc0300006001010000000000050000006500000025123404430070007500200030000a0054006300630064002000230030003a0020003500
terminal=NotifyIconCompatibilityTerminal { correlation_id: "native:7616:67", host_generation: 1787223023860, icon_generation: None, terminal: InvalidRequest, message: "notify-icon-owner-or-identity-invalid" }
snapshot-icons=32
dwData=1 cbData=1484 bytes=2334753401000000bc0300006001010000000000050000006500000025123404430070007500200030000a0054006300630064002000230030003a0020003500
terminal=NotifyIconCompatibilityTerminal { correlation_id: "native:7616:67", host_generation: 1787223023860, icon_generation: None, terminal: InvalidRequest, message: "notify-icon-owner-or-identity-invalid" }
snapshot-icons=32
snapshot-icons=32
dwData=1 cbData=1484 bytes=2334753401000000bc0300006001010000000000050000006500000025123404430070007500200030000a0054006300630064002000230030003a0020003500
terminal=NotifyIconCompatibilityTerminal { correlation_id: "native:7616:67", host_generation: 1787223023860, icon_generation: None, terminal: InvalidRequest, message: "notify-icon-owner-or-identity-invalid" }
snapshot-icons=32
snapshot-icons=32
dwData=1 cbData=1484 bytes=2334753401000000bc0300006001010000000000050000006500000025123404430070007500200030000a0054006300630064002000230030003a0020003500
terminal=NotifyIconCompatibilityTerminal { correlation_id: "native:7616:67", host_generation: 1787223023860, icon_generation: None, terminal: InvalidRequest, message: "notify-icon-owner-or-identity-invalid" }
snapshot-icons=32
dwData=1 cbData=1484 bytes=2334753401000000bc0300006001010000000000050000006500000025123404430070007500200030000a0054006300630064002000230030003a0020003500
terminal=NotifyIconCompatibilityTerminal { correlation_id: "native:7616:67", host_generation: 1787223023860, icon_generation: None, terminal: InvalidRequest, message: "notify-icon-owner-or-identity-invalid" }
snapshot-icons=32
snapshot-icons=32
dwData=1 cbData=1484 bytes=2334753401000000bc0300006001010000000000050000006500000025123404430070007500200030000a0054006300630064002000230030003a0020003500
dwData=1 cbData=1484 bytes=2334753403000000bc030000660eb200591b0000d70000002580000033000100530075007000650072004400650073006b0074006f007000200063006f006d00
dwData=1 cbData=1484 bytes=2334753402000000bc030000660eb200591b0000d70000002580000033000100530075007000650072004400650073006b0074006f007000200063006f006d00
dwData=1 cbData=1484 bytes=2334753402000000bc030000660eb2005a1b0000d70000002580000033000100530075007000650072004400650073006b0074006f007000200063006f006d00
dwData=1 cbData=1484 bytes=2334753402000000bc030000660eb2005b1b0000d70000002580000033000100530075007000650072004400650073006b0074006f007000200063006f006d00
dwData=1 cbData=1484 bytes=2334753402000000bc030000660eb2005c1b0000d70000002580000033000100530075007000650072004400650073006b0074006f007000200063006f006d00
dwData=1 cbData=1484 bytes=2334753402000000bc030000660eb2005d1b0000d70000002580000033000100530075007000650072004400650073006b0074006f007000200063006f006d00
dwData=1 cbData=1484 bytes=2334753402000000bc030000660eb2005e1b0000d70000002580000033000100530075007000650072004400650073006b0074006f007000200063006f006d00
dwData=1 cbData=1484 bytes=2334753402000000bc030000660eb2005f1b0000d70000002580000033000100530075007000650072004400650073006b0074006f007000200063006f006d00
dwData=1 cbData=1484 bytes=2334753402000000bc030000660eb200601b0000d70000002580000033000100530075007000650072004400650073006b0074006f007000200063006f006d00
dwData=1 cbData=1484 bytes=2334753402000000bc030000660eb200611b0000d70000002580000033000100530075007000650072004400650073006b0074006f007000200063006f006d00
dwData=1 cbData=1484 bytes=2334753402000000bc030000660eb200621b0000d70000002580000033000100530075007000650072004400650073006b0074006f007000200063006f006d00
dwData=1 cbData=1484 bytes=2334753402000000bc030000660eb200631b0000d70000002580000033000100530075007000650072004400650073006b0074006f007000200063006f006d00
dwData=1 cbData=1484 bytes=2334753402000000bc030000660eb200641b0000d70000002580000033000100530075007000650072004400650073006b0074006f007000200063006f006d00
dwData=1 cbData=1484 bytes=2334753402000000bc030000660eb200651b0000d70000002580000033000100530075007000650072004400650073006b0074006f007000200063006f006d00
dwData=1 cbData=1484 bytes=2334753402000000bc030000660eb200661b0000d70000002580000033000100530075007000650072004400650073006b0074006f007000200063006f006d00
dwData=1 cbData=1484 bytes=2334753402000000bc030000660eb200671b0000d70000002580000033000100530075007000650072004400650073006b0074006f007000200063006f006d00
dwData=1 cbData=1484 bytes=2334753402000000bc030000660eb200681b0000d70000002580000033000100530075007000650072004400650073006b0074006f007000200063006f006d00
dwData=1 cbData=1484 bytes=2334753402000000bc030000660eb200691b0000d70000002580000033000100530075007000650072004400650073006b0074006f007000200063006f006d00
dwData=1 cbData=1484 bytes=2334753402000000bc030000660eb2006a1b0000d70000002580000033000100530075007000650072004400650073006b0074006f007000200063006f006d00
dwData=1 cbData=1484 bytes=2334753402000000bc030000660eb2006b1b0000d70000002580000033000100530075007000650072004400650073006b0074006f007000200063006f006d00
dwData=1 cbData=1484 bytes=2334753402000000bc030000660eb2006c1b0000d70000002580000033000100530075007000650072004400650073006b0074006f007000200063006f006d00
terminal=NotifyIconCompatibilityTerminal { correlation_id: "native:7616:68", host_generation: 1787223023860, icon_generation: None, terminal: InvalidRequest, message: "notify-icon-owner-or-identity-invalid" }
terminal=NotifyIconCompatibilityTerminal { correlation_id: "native:49292:68", host_generation: 1787223023860, icon_generation: None, terminal: InvalidRequest, message: "notify-icon-owner-or-identity-invalid" }
terminal=NotifyIconCompatibilityTerminal { correlation_id: "native:49292:68", host_generation: 1787223023860, icon_generation: None, terminal: InvalidRequest, message: "notify-icon-owner-or-identity-invalid" }
terminal=NotifyIconCompatibilityTerminal { correlation_id: "native:49292:68", host_generation: 1787223023860, icon_generation: None, terminal: InvalidRequest, message: "notify-icon-owner-or-identity-invalid" }
terminal=NotifyIconCompatibilityTerminal { correlation_id: "native:49292:68", host_generation: 1787223023860, icon_generation: None, terminal: InvalidRequest, message: "notify-icon-owner-or-identity-invalid" }
terminal=NotifyIconCompatibilityTerminal { correlation_id: "native:49292:68", host_generation: 1787223023860, icon_generation: None, terminal: InvalidRequest, message: "notify-icon-owner-or-identity-invalid" }
terminal=NotifyIconCompatibilityTerminal { correlation_id: "native:49292:68", host_generation: 1787223023860, icon_generation: None, terminal: InvalidRequest, message: "notify-icon-owner-or-identity-invalid" }
terminal=NotifyIconCompatibilityTerminal { correlation_id: "native:49292:68", host_generation: 1787223023860, icon_generation: None, terminal: InvalidRequest, message: "notify-icon-owner-or-identity-invalid" }
terminal=NotifyIconCompatibilityTerminal { correlation_id: "native:49292:68", host_generation: 1787223023860, icon_generation: None, terminal: InvalidRequest, message: "notify-icon-owner-or-identity-invalid" }
terminal=NotifyIconCompatibilityTerminal { correlation_id: "native:49292:68", host_generation: 1787223023860, icon_generation: None, terminal: InvalidRequest, message: "notify-icon-owner-or-identity-invalid" }
terminal=NotifyIconCompatibilityTerminal { correlation_id: "native:49292:68", host_generation: 1787223023860, icon_generation: None, terminal: InvalidRequest, message: "notify-icon-owner-or-identity-invalid" }
terminal=NotifyIconCompatibilityTerminal { correlation_id: "native:49292:68", host_generation: 1787223023860, icon_generation: None, terminal: InvalidRequest, message: "notify-icon-owner-or-identity-invalid" }
terminal=NotifyIconCompatibilityTerminal { correlation_id: "native:49292:68", host_generation: 1787223023860, icon_generation: None, terminal: InvalidRequest, message: "notify-icon-owner-or-identity-invalid" }
terminal=NotifyIconCompatibilityTerminal { correlation_id: "native:49292:68", host_generation: 1787223023860, icon_generation: None, terminal: InvalidRequest, message: "notify-icon-owner-or-identity-invalid" }
terminal=NotifyIconCompatibilityTerminal { correlation_id: "native:49292:68", host_generation: 1787223023860, icon_generation: None, terminal: InvalidRequest, message: "notify-icon-owner-or-identity-invalid" }
terminal=NotifyIconCompatibilityTerminal { correlation_id: "native:49292:68", host_generation: 1787223023860, icon_generation: None, terminal: InvalidRequest, message: "notify-icon-owner-or-identity-invalid" }
terminal=NotifyIconCompatibilityTerminal { correlation_id: "native:49292:68", host_generation: 1787223023860, icon_generation: None, terminal: InvalidRequest, message: "notify-icon-owner-or-identity-invalid" }
terminal=NotifyIconCompatibilityTerminal { correlation_id: "native:49292:68", host_generation: 1787223023860, icon_generation: None, terminal: InvalidRequest, message: "notify-icon-owner-or-identity-invalid" }
terminal=NotifyIconCompatibilityTerminal { correlation_id: "native:49292:68", host_generation: 1787223023860, icon_generation: None, terminal: InvalidRequest, message: "notify-icon-owner-or-identity-invalid" }
terminal=NotifyIconCompatibilityTerminal { correlation_id: "native:49292:68", host_generation: 1787223023860, icon_generation: None, terminal: InvalidRequest, message: "notify-icon-owner-or-identity-invalid" }
terminal=NotifyIconCompatibilityTerminal { correlation_id: "native:49292:68", host_generation: 1787223023860, icon_generation: None, terminal: InvalidRequest, message: "notify-icon-owner-or-identity-invalid" }
terminal=NotifyIconCompatibilityTerminal { correlation_id: "native:49292:68", host_generation: 1787223023860, icon_generation: None, terminal: InvalidRequest, message: "notify-icon-owner-or-identity-invalid" }
snapshot-icons=12
snapshot-icons=12
dwData=1 cbData=1484 bytes=2334753401000000bc0300006001010000000000050000006500000025123404430070007500200030000a0054006300630064002000230030003a0020003500
terminal=NotifyIconCompatibilityTerminal { correlation_id: "native:7616:68", host_generation: 1787223023860, icon_generation: None, terminal: InvalidRequest, message: "notify-icon-owner-or-identity-invalid" }
snapshot-icons=12
dwData=1 cbData=1484 bytes=2334753401000000bc0300006001010000000000050000006500000025123404430070007500200030000a0054006300630064002000230030003a0020003400
terminal=NotifyIconCompatibilityTerminal { correlation_id: "native:7616:68", host_generation: 1787223023860, icon_generation: None, terminal: InvalidRequest, message: "notify-icon-owner-or-identity-invalid" }
snapshot-icons=12
snapshot-icons=12
dwData=1 cbData=1484 bytes=2334753401000000bc03000060010100000000000300000065000000530fc606430070007500200030000a0054006300630064002000230030003a0020003400
dwData=1 cbData=1484 bytes=2334753401000000bc03000060010100000000000500000065000000530fc606430070007500200030000a0054006300630064002000230030003a0020003400
dwData=1 cbData=1484 bytes=2334753400000000bc030000ea020800020000000700000072170000a3010e0052007500730074004400650073006b0020002d002000315cd27d0a0031002000
dwData=1 cbData=1484 bytes=2334753402000000bc03000050090100030000000000000000000000000000000000000000000000000000000000000000000000000000000000000000000000
dwData=1 cbData=1484 bytes=2334753400000000bc030000bc06020001000000070000000008000011073800540069006d00650053006e006100700070006500720020002800410063007400
dwData=1 cbData=1484 bytes=2334753402000000bc03000092071600030000002000000000000000000000000000000000000000000000000000000000000000000000000000000000000000
dwData=1 cbData=1484 bytes=2334753400000000bc030000d2020300000000000700000000140000e9028c00450076006500720079007400680069006e006700000000000000000000000000
dwData=1 cbData=1484 bytes=2334753402000000bc030000e8020600010000000700000001040000000000000000000000000000000000000000000000000000000000000000000000000000
dwData=1 cbData=1484 bytes=2334753400000000bc030000f20305000100000087000000018000008d047b004d0075004d00750050006c006100790065007200000000000000000000000000
dwData=1 cbData=1484 bytes=2334753402000000bc030000e80a0a00030000002000000000000000000000000000000000000000000000000000000000000000000000000000000000000000
dwData=1 cbData=1484 bytes=2334753402000000bc030000a8090100010000000700000000080000e10902004d006100610041007300730069007300740061006e007400410072006b006e00
dwData=1 cbData=1484 bytes=2334753402000000bc0300009407080001000000a700000003040000ab091a0a4d006900630072006f0073006f00660074002000330036003500200043006f00
dwData=1 cbData=1484 bytes=2334753402000000bc030000ae0302008200000000000000640400003304060044006900740074006f0000000000000000000000000000000000000000000000
dwData=1 cbData=1484 bytes=2334753401000000bc030000e205030064000000ae0000000000000067100906570069006e0064006f00770073002000895b6851276020002d002000fa5e708b
dwData=1 cbData=1484 bytes=2334753400000000bc03000050090100030000000300000001800000550901000000000000000000000000000000000000000000000000000000000000000000
dwData=1 cbData=1484 bytes=2334753402000000bc0300003a080800070000000000000000000000000000000000000000000000000000000000000000000000000000000000000000000000
dwData=1 cbData=1484 bytes=2334753400000000bc030000c4107e00000000008f00000065800000a0110600b06548722c670b4e7d8f2d4e20003500370032002e00390031004d0042002f00
dwData=1 cbData=1484 bytes=2334753401000000bc030000600101000000000007000000650000007f116900430070007500200030000a0054006300630064002000230030003a0020003400
dwData=1 cbData=1484 bytes=2334753400000000bc03000092071600030000002300000001800000bb0602000000000000000000000000000000000000000000000000000000000000000000
dwData=1 cbData=1484 bytes=2334753400000000bc030000e80a0a000300000027000000018000008a0b26004300680061007400470050005400000000000000000000000000000000000000
dwData=1 cbData=1484 bytes=2334753400000000bc030000a8090100010000000700000000080000e10902004d006100610041007300730069007300740061006e007400410072006b006e00
dwData=1 cbData=1484 bytes=2334753400000000bc0300009407080001000000a700000003040000ab091a0a4d006900630072006f0073006f00660074002000330036003500200043006f00
dwData=1 cbData=1484 bytes=2334753400000000bc030000ae0302008200000007000000640400003304060044006900740074006f0000000000000000000000000000000000000000000000
dwData=1 cbData=1484 bytes=2334753404000000bc030000c4107e00000000008f00000065800000a0110600b06548722c670b4e7d8f2d4e20003500370032002e00390031004d0042002f00
dwData=1 cbData=1484 bytes=2334753400000000bc0300003a0808000700000003000000018000003f090e000000000000000000000000000000000000000000000000000000000000000000
dwData=1 cbData=1484 bytes=2334753404000000bc0300009407080001000000a700000003040000ab091a0a4d006900630072006f0073006f00660074002000330036003500200043006f00
dwData=1 cbData=1484 bytes=2334753401000000bc030000600101000000000007000000650000007f116a00430070007500200030000a0054006300630064002000230030003a0020003400
dwData=1 cbData=1484 bytes=2334753401000000bc030000600101000000000007000000650000007f116c00430070007500200030000a0054006300630064002000230030003a0020003400
dwData=1 cbData=1484 bytes=2334753402000000bc030000600101000000000007000000650000007f116c00430070007500200030000a0054006300630064002000230030003a0020003400
dwData=1 cbData=1484 bytes=2334753400000000bc030000600101001b00000007000000650000007f116d0043006f00720065002000540065006d0070002000760065007200730069006f00
terminal=NotifyIconCompatibilityTerminal { correlation_id: "native:18828:2", host_generation: 1787223077713, icon_generation: Some(1), terminal: Applied, message: "" }
terminal=NotifyIconCompatibilityTerminal { correlation_id: "native:27612:2", host_generation: 1787223077713, icon_generation: Some(3), terminal: NoChange, message: "" }
terminal=NotifyIconCompatibilityTerminal { correlation_id: "native:33372:4", host_generation: 1787223077713, icon_generation: Some(3), terminal: Applied, message: "" }
terminal=NotifyIconCompatibilityTerminal { correlation_id: "native:23428:4", host_generation: 1787223077713, icon_generation: Some(5), terminal: NoChange, message: "" }
terminal=NotifyIconCompatibilityTerminal { correlation_id: "native:18180:4", host_generation: 1787223077713, icon_generation: None, terminal: InvalidRequest, message: "notify-icon-owner-or-identity-invalid" }
terminal=NotifyIconCompatibilityTerminal { correlation_id: "native:14740:4", host_generation: 1787223077713, icon_generation: Some(5), terminal: NoChange, message: "" }
terminal=NotifyIconCompatibilityTerminal { correlation_id: "native:21628:6", host_generation: 1787223077713, icon_generation: Some(5), terminal: Applied, message: "" }
terminal=NotifyIconCompatibilityTerminal { correlation_id: "native:31492:6", host_generation: 1787223077713, icon_generation: Some(7), terminal: NoChange, message: "" }
terminal=NotifyIconCompatibilityTerminal { correlation_id: "native:31292:6", host_generation: 1787223077713, icon_generation: Some(7), terminal: NoChange, message: "" }
terminal=NotifyIconCompatibilityTerminal { correlation_id: "native:39188:6", host_generation: 1787223077713, icon_generation: Some(7), terminal: NoChange, message: "" }
terminal=NotifyIconCompatibilityTerminal { correlation_id: "native:21196:6", host_generation: 1787223077713, icon_generation: Some(7), terminal: NoChange, message: "" }
terminal=NotifyIconCompatibilityTerminal { correlation_id: "native:17868:6", host_generation: 1787223077713, icon_generation: None, terminal: InvalidRequest, message: "notify-icon-owned-invalid" }
terminal=NotifyIconCompatibilityTerminal { correlation_id: "native:27612:8", host_generation: 1787223077713, icon_generation: Some(7), terminal: Applied, message: "" }
terminal=NotifyIconCompatibilityTerminal { correlation_id: "native:30136:8", host_generation: 1787223077713, icon_generation: Some(9), terminal: NoChange, message: "" }
terminal=NotifyIconCompatibilityTerminal { correlation_id: "native:15400:8", host_generation: 1787223077713, icon_generation: None, terminal: InvalidRequest, message: "notify-icon-owner-or-identity-invalid" }
terminal=NotifyIconCompatibilityTerminal { correlation_id: "native:7616:8", host_generation: 1787223077713, icon_generation: None, terminal: InvalidRequest, message: "notify-icon-owner-or-identity-invalid" }
terminal=NotifyIconCompatibilityTerminal { correlation_id: "native:23428:10", host_generation: 1787223077713, icon_generation: Some(9), terminal: Applied, message: "" }
terminal=NotifyIconCompatibilityTerminal { correlation_id: "native:31492:12", host_generation: 1787223077713, icon_generation: Some(11), terminal: Applied, message: "" }
terminal=NotifyIconCompatibilityTerminal { correlation_id: "native:31292:14", host_generation: 1787223077713, icon_generation: Some(13), terminal: Applied, message: "" }
terminal=NotifyIconCompatibilityTerminal { correlation_id: "native:39188:16", host_generation: 1787223077713, icon_generation: Some(15), terminal: Applied, message: "" }
terminal=NotifyIconCompatibilityTerminal { correlation_id: "native:21196:18", host_generation: 1787223077713, icon_generation: Some(17), terminal: Applied, message: "" }
terminal=NotifyIconCompatibilityTerminal { correlation_id: "native:15400:18", host_generation: 1787223077713, icon_generation: None, terminal: InvalidRequest, message: "notify-icon-owner-or-identity-invalid" }
terminal=NotifyIconCompatibilityTerminal { correlation_id: "native:30136:20", host_generation: 1787223077713, icon_generation: Some(19), terminal: Applied, message: "" }
terminal=NotifyIconCompatibilityTerminal { correlation_id: "native:39188:20", host_generation: 1787223077713, icon_generation: Some(21), terminal: Applied, message: "" }
terminal=NotifyIconCompatibilityTerminal { correlation_id: "native:7616:20", host_generation: 1787223077713, icon_generation: None, terminal: InvalidRequest, message: "notify-icon-owner-or-identity-invalid" }
dwData=1 cbData=1484 bytes=2334753401000000bc030000600101001b00000002000000650000009d02010043006f00720065002000540065006d0070002000760065007200730069006f00
dwData=1 cbData=1484 bytes=2334753401000000bc030000600101001b00000002000000650000009d02010043006f00720065002000540065006d0070002000760065007200730069006f00
dwData=1 cbData=1484 bytes=2334753400000000bc030000600101000000000007000000650000007f116e00430070007500200030000a0054006300630064002000230030003a0020003400
dwData=1 cbData=1484 bytes=2334753402000000bc030000600101001b00000002000000650000009d02010043006f00720065002000540065006d0070002000760065007200730069006f00
snapshot-icons=10
dwData=1 cbData=1484 bytes=2334753400000000bc0300001403080001000000870000005480000035070a0e45007000690063002000470061006d006500730020005f55d552685600000000
dwData=1 cbData=1484 bytes=2334753401000000bc030000600101000000000003000000650000008f0ec255430070007500200030000a0054006300630064002000230030003a0020003400
dwData=1 cbData=1484 bytes=2334753401000000bc030000600101000000000005000000650000008f0ec255430070007500200030000a0054006300630064002000230030003a0020003400
dwData=1 cbData=1484 bytes=2334753400000000bc030000e80206000100000007000000010400002f090a0053007400650061006d0000000000000000000000000000000000000000000000
dwData=1 cbData=1484 bytes=2334753400000000bc030000600ff200591b0000d70000002580000033000100530075007000650072004400650073006b0074006f007000200063006f006d00
dwData=1 cbData=1484 bytes=2334753404000000bc030000600ff200591b0000d70000002580000033000100530075007000650072004400650073006b0074006f007000200063006f006d00
dwData=1 cbData=1484 bytes=2334753400000000bc030000600ff2005a1b0000d70000002580000033000100530075007000650072004400650073006b0074006f007000200063006f006d00
dwData=1 cbData=1484 bytes=2334753404000000bc030000600ff2005a1b0000d70000002580000033000100530075007000650072004400650073006b0074006f007000200063006f006d00
terminal=NotifyIconCompatibilityTerminal { correlation_id: "native:7616:20", host_generation: 1787223077713, icon_generation: None, terminal: InvalidRequest, message: "notify-icon-copy-failed" }
terminal=NotifyIconCompatibilityTerminal { correlation_id: "native:7616:20", host_generation: 1787223077713, icon_generation: Some(21), terminal: NoChange, message: "" }
terminal=NotifyIconCompatibilityTerminal { correlation_id: "native:7616:20", host_generation: 1787223077713, icon_generation: None, terminal: InvalidRequest, message: "notify-icon-owner-or-identity-invalid" }
terminal=NotifyIconCompatibilityTerminal { correlation_id: "native:7616:20", host_generation: 1787223077713, icon_generation: Some(21), terminal: NoChange, message: "" }
terminal=NotifyIconCompatibilityTerminal { correlation_id: "native:20784:22", host_generation: 1787223077713, icon_generation: Some(21), terminal: Applied, message: "" }
terminal=NotifyIconCompatibilityTerminal { correlation_id: "native:7616:22", host_generation: 1787223077713, icon_generation: None, terminal: InvalidRequest, message: "notify-icon-owner-or-identity-invalid" }
terminal=NotifyIconCompatibilityTerminal { correlation_id: "native:14740:24", host_generation: 1787223077713, icon_generation: Some(23), terminal: Applied, message: "" }
terminal=NotifyIconCompatibilityTerminal { correlation_id: "native:49380:27", host_generation: 1787223077713, icon_generation: Some(25), terminal: Applied, message: "" }
terminal=NotifyIconCompatibilityTerminal { correlation_id: "native:49380:27", host_generation: 1787223077713, icon_generation: Some(28), terminal: Applied, message: "" }
terminal=NotifyIconCompatibilityTerminal { correlation_id: "native:49380:29", host_generation: 1787223077713, icon_generation: Some(28), terminal: Applied, message: "" }
terminal=NotifyIconCompatibilityTerminal { correlation_id: "native:49380:29", host_generation: 1787223077713, icon_generation: Some(30), terminal: Applied, message: "" }
snapshot-icons=14
dwData=1 cbData=1484 bytes=2334753400000000bc030000600ff2005b1b0000d70000002580000033000100530075007000650072004400650073006b0074006f007000200063006f006d00
dwData=1 cbData=1484 bytes=2334753404000000bc030000600ff2005b1b0000d70000002580000033000100530075007000650072004400650073006b0074006f007000200063006f006d00
dwData=1 cbData=1484 bytes=2334753400000000bc030000600ff2005c1b0000d70000002580000033000100530075007000650072004400650073006b0074006f007000200063006f006d00
dwData=1 cbData=1484 bytes=2334753404000000bc030000600ff2005c1b0000d70000002580000033000100530075007000650072004400650073006b0074006f007000200063006f006d00
dwData=1 cbData=1484 bytes=2334753400000000bc030000600ff2005d1b0000d70000002580000033000100530075007000650072004400650073006b0074006f007000200063006f006d00
dwData=1 cbData=1484 bytes=2334753404000000bc030000600ff2005d1b0000d70000002580000033000100530075007000650072004400650073006b0074006f007000200063006f006d00
dwData=1 cbData=1484 bytes=2334753404000000bc03000014030800010000000000000000000000000000000000000000000000000000000000000000000000000000000000000000000000
dwData=1 cbData=1484 bytes=2334753400000000bc030000600ff2005e1b0000d70000002580000033000100530075007000650072004400650073006b0074006f007000200063006f006d00
dwData=1 cbData=1484 bytes=2334753404000000bc030000600ff2005e1b0000d70000002580000033000100530075007000650072004400650073006b0074006f007000200063006f006d00
dwData=1 cbData=1484 bytes=2334753400000000bc030000600ff2005f1b0000d70000002580000033000100530075007000650072004400650073006b0074006f007000200063006f006d00
dwData=1 cbData=1484 bytes=2334753404000000bc030000600ff2005f1b0000d70000002580000033000100530075007000650072004400650073006b0074006f007000200063006f006d00
dwData=1 cbData=1484 bytes=2334753401000000bc03000060010100000000000300000065000000c70fc009430070007500200030000a0054006300630064002000230030003a0020003400
dwData=1 cbData=1484 bytes=2334753401000000bc03000060010100000000000500000065000000c70fc009430070007500200030000a0054006300630064002000230030003a0020003400
dwData=1 cbData=1484 bytes=2334753400000000bc030000600ff200601b0000d70000002580000033000100530075007000650072004400650073006b0074006f007000200063006f006d00
dwData=1 cbData=1484 bytes=2334753404000000bc030000600ff200601b0000d70000002580000033000100530075007000650072004400650073006b0074006f007000200063006f006d00
dwData=1 cbData=1484 bytes=2334753400000000bc030000600ff200611b0000d70000002580000033000100530075007000650072004400650073006b0074006f007000200063006f006d00
dwData=1 cbData=1484 bytes=2334753404000000bc030000600ff200611b0000d70000002580000033000100530075007000650072004400650073006b0074006f007000200063006f006d00
terminal=NotifyIconCompatibilityTerminal { correlation_id: "native:49380:31", host_generation: 1787223077713, icon_generation: Some(30), terminal: Applied, message: "" }
terminal=NotifyIconCompatibilityTerminal { correlation_id: "native:49380:31", host_generation: 1787223077713, icon_generation: Some(32), terminal: Applied, message: "" }
terminal=NotifyIconCompatibilityTerminal { correlation_id: "native:49380:33", host_generation: 1787223077713, icon_generation: Some(32), terminal: Applied, message: "" }
terminal=NotifyIconCompatibilityTerminal { correlation_id: "native:49380:33", host_generation: 1787223077713, icon_generation: Some(34), terminal: Applied, message: "" }
terminal=NotifyIconCompatibilityTerminal { correlation_id: "native:49380:35", host_generation: 1787223077713, icon_generation: Some(34), terminal: Applied, message: "" }
terminal=NotifyIconCompatibilityTerminal { correlation_id: "native:49380:35", host_generation: 1787223077713, icon_generation: Some(36), terminal: Applied, message: "" }
terminal=NotifyIconCompatibilityTerminal { correlation_id: "native:20784:35", host_generation: 1787223077713, icon_generation: Some(36), terminal: Applied, message: "" }
terminal=NotifyIconCompatibilityTerminal { correlation_id: "native:49380:37", host_generation: 1787223077713, icon_generation: Some(36), terminal: Applied, message: "" }
terminal=NotifyIconCompatibilityTerminal { correlation_id: "native:49380:37", host_generation: 1787223077713, icon_generation: Some(38), terminal: Applied, message: "" }
terminal=NotifyIconCompatibilityTerminal { correlation_id: "native:49380:39", host_generation: 1787223077713, icon_generation: Some(38), terminal: Applied, message: "" }
terminal=NotifyIconCompatibilityTerminal { correlation_id: "native:49380:39", host_generation: 1787223077713, icon_generation: Some(40), terminal: Applied, message: "" }
terminal=NotifyIconCompatibilityTerminal { correlation_id: "native:7616:39", host_generation: 1787223077713, icon_generation: None, terminal: InvalidRequest, message: "notify-icon-owner-or-identity-invalid" }
terminal=NotifyIconCompatibilityTerminal { correlation_id: "native:49380:41", host_generation: 1787223077713, icon_generation: Some(40), terminal: Applied, message: "" }
terminal=NotifyIconCompatibilityTerminal { correlation_id: "native:49380:41", host_generation: 1787223077713, icon_generation: Some(42), terminal: Applied, message: "" }
terminal=NotifyIconCompatibilityTerminal { correlation_id: "native:49380:43", host_generation: 1787223077713, icon_generation: Some(42), terminal: Applied, message: "" }
terminal=NotifyIconCompatibilityTerminal { correlation_id: "native:49380:43", host_generation: 1787223077713, icon_generation: Some(44), terminal: Applied, message: "" }
snapshot-icons=21
dwData=1 cbData=1484 bytes=2334753400000000bc030000600ff200621b0000d70000002580000033000100530075007000650072004400650073006b0074006f007000200063006f006d00
dwData=1 cbData=1484 bytes=2334753404000000bc030000600ff200621b0000d70000002580000033000100530075007000650072004400650073006b0074006f007000200063006f006d00
dwData=1 cbData=1484 bytes=2334753400000000bc030000600ff200631b0000d70000002580000033000100530075007000650072004400650073006b0074006f007000200063006f006d00
dwData=1 cbData=1484 bytes=2334753404000000bc030000600ff200631b0000d70000002580000033000100530075007000650072004400650073006b0074006f007000200063006f006d00
dwData=1 cbData=1484 bytes=2334753400000000bc030000600ff200641b0000d70000002580000033000100530075007000650072004400650073006b0074006f007000200063006f006d00
dwData=1 cbData=1484 bytes=2334753404000000bc030000600ff200641b0000d70000002580000033000100530075007000650072004400650073006b0074006f007000200063006f006d00
dwData=1 cbData=1484 bytes=2334753400000000bc030000600ff200651b0000d70000002580000033000100530075007000650072004400650073006b0074006f007000200063006f006d00
dwData=1 cbData=1484 bytes=2334753404000000bc030000600ff200651b0000d70000002580000033000100530075007000650072004400650073006b0074006f007000200063006f006d00
dwData=1 cbData=1484 bytes=2334753400000000bc030000600ff200661b0000d70000002580000033000100530075007000650072004400650073006b0074006f007000200063006f006d00
dwData=1 cbData=1484 bytes=2334753404000000bc030000600ff200661b0000d70000002580000033000100530075007000650072004400650073006b0074006f007000200063006f006d00
dwData=1 cbData=1484 bytes=2334753400000000bc030000600ff200671b0000d70000002580000033000100530075007000650072004400650073006b0074006f007000200063006f006d00
dwData=1 cbData=1484 bytes=2334753404000000bc030000600ff200671b0000d70000002580000033000100530075007000650072004400650073006b0074006f007000200063006f006d00
dwData=1 cbData=1484 bytes=2334753400000000bc030000600ff200681b0000d70000002580000033000100530075007000650072004400650073006b0074006f007000200063006f006d00
dwData=1 cbData=1484 bytes=2334753404000000bc030000600ff200681b0000d70000002580000033000100530075007000650072004400650073006b0074006f007000200063006f006d00
terminal=NotifyIconCompatibilityTerminal { correlation_id: "native:49380:45", host_generation: 1787223077713, icon_generation: Some(44), terminal: Applied, message: "" }
terminal=NotifyIconCompatibilityTerminal { correlation_id: "native:49380:45", host_generation: 1787223077713, icon_generation: Some(46), terminal: Applied, message: "" }
terminal=NotifyIconCompatibilityTerminal { correlation_id: "native:49380:47", host_generation: 1787223077713, icon_generation: Some(46), terminal: Applied, message: "" }
terminal=NotifyIconCompatibilityTerminal { correlation_id: "native:49380:47", host_generation: 1787223077713, icon_generation: Some(48), terminal: Applied, message: "" }
terminal=NotifyIconCompatibilityTerminal { correlation_id: "native:49380:49", host_generation: 1787223077713, icon_generation: Some(48), terminal: Applied, message: "" }
terminal=NotifyIconCompatibilityTerminal { correlation_id: "native:49380:49", host_generation: 1787223077713, icon_generation: Some(50), terminal: Applied, message: "" }
terminal=NotifyIconCompatibilityTerminal { correlation_id: "native:49380:51", host_generation: 1787223077713, icon_generation: Some(50), terminal: Applied, message: "" }
terminal=NotifyIconCompatibilityTerminal { correlation_id: "native:49380:51", host_generation: 1787223077713, icon_generation: Some(52), terminal: Applied, message: "" }
terminal=NotifyIconCompatibilityTerminal { correlation_id: "native:49380:53", host_generation: 1787223077713, icon_generation: Some(52), terminal: Applied, message: "" }
terminal=NotifyIconCompatibilityTerminal { correlation_id: "native:49380:53", host_generation: 1787223077713, icon_generation: Some(54), terminal: Applied, message: "" }
terminal=NotifyIconCompatibilityTerminal { correlation_id: "native:49380:55", host_generation: 1787223077713, icon_generation: Some(54), terminal: Applied, message: "" }
terminal=NotifyIconCompatibilityTerminal { correlation_id: "native:49380:55", host_generation: 1787223077713, icon_generation: Some(56), terminal: Applied, message: "" }
terminal=NotifyIconCompatibilityTerminal { correlation_id: "native:49380:57", host_generation: 1787223077713, icon_generation: Some(56), terminal: Applied, message: "" }
terminal=NotifyIconCompatibilityTerminal { correlation_id: "native:49380:57", host_generation: 1787223077713, icon_generation: Some(58), terminal: Applied, message: "" }
snapshot-icons=28
dwData=1 cbData=1484 bytes=2334753400000000bc030000600ff200691b0000d70000002580000033000100530075007000650072004400650073006b0074006f007000200063006f006d00
dwData=1 cbData=1484 bytes=2334753404000000bc030000600ff200691b0000d70000002580000033000100530075007000650072004400650073006b0074006f007000200063006f006d00
dwData=1 cbData=1484 bytes=2334753400000000bc030000600ff2006a1b0000d70000002580000033000100530075007000650072004400650073006b0074006f007000200063006f006d00
dwData=1 cbData=1484 bytes=2334753404000000bc030000600ff2006a1b0000d70000002580000033000100530075007000650072004400650073006b0074006f007000200063006f006d00
dwData=1 cbData=1484 bytes=2334753400000000bc030000600ff2006b1b0000d70000002580000033000100530075007000650072004400650073006b0074006f007000200063006f006d00
dwData=1 cbData=1484 bytes=2334753404000000bc030000600ff2006b1b0000d70000002580000033000100530075007000650072004400650073006b0074006f007000200063006f006d00
dwData=1 cbData=1484 bytes=2334753400000000bc030000600ff2006c1b0000d70000002580000033000100530075007000650072004400650073006b0074006f007000200063006f006d00
dwData=1 cbData=1484 bytes=2334753404000000bc030000600ff2006c1b0000d70000002580000033000100530075007000650072004400650073006b0074006f007000200063006f006d00
dwData=1 cbData=1484 bytes=2334753401000000bc03000060010100000000000300000065000000eb0f3c02430070007500200030000a0054006300630064002000230030003a0020003400
dwData=1 cbData=1484 bytes=2334753401000000bc03000060010100000000000500000065000000eb0f3c02430070007500200030000a0054006300630064002000230030003a0020003400
dwData=1 cbData=1484 bytes=2334753401000000bc030000600ff200591b0000d70000002580000033000100530075007000650072004400650073006b0074006f007000200063006f006d00
terminal=NotifyIconCompatibilityTerminal { correlation_id: "native:49380:59", host_generation: 1787223077713, icon_generation: Some(58), terminal: Applied, message: "" }
terminal=NotifyIconCompatibilityTerminal { correlation_id: "native:49380:59", host_generation: 1787223077713, icon_generation: Some(60), terminal: Applied, message: "" }
terminal=NotifyIconCompatibilityTerminal { correlation_id: "native:49380:61", host_generation: 1787223077713, icon_generation: Some(60), terminal: Applied, message: "" }
terminal=NotifyIconCompatibilityTerminal { correlation_id: "native:49380:61", host_generation: 1787223077713, icon_generation: Some(62), terminal: Applied, message: "" }
terminal=NotifyIconCompatibilityTerminal { correlation_id: "native:49380:63", host_generation: 1787223077713, icon_generation: Some(62), terminal: Applied, message: "" }
terminal=NotifyIconCompatibilityTerminal { correlation_id: "native:49380:63", host_generation: 1787223077713, icon_generation: Some(64), terminal: Applied, message: "" }
terminal=NotifyIconCompatibilityTerminal { correlation_id: "native:49380:65", host_generation: 1787223077713, icon_generation: Some(64), terminal: Applied, message: "" }
terminal=NotifyIconCompatibilityTerminal { correlation_id: "native:49380:65", host_generation: 1787223077713, icon_generation: Some(66), terminal: Applied, message: "" }
terminal=NotifyIconCompatibilityTerminal { correlation_id: "native:7616:65", host_generation: 1787223077713, icon_generation: None, terminal: InvalidRequest, message: "notify-icon-owner-or-identity-invalid" }
terminal=NotifyIconCompatibilityTerminal { correlation_id: "native:49380:67", host_generation: 1787223077713, icon_generation: Some(66), terminal: Applied, message: "" }
snapshot-icons=32
snapshot-icons=32
dwData=1 cbData=1484 bytes=2334753401000000bc03000060010100000000000300000065000000e3115203430070007500200030000a0054006300630064002000230030003a0020003400
dwData=1 cbData=1484 bytes=2334753401000000bc03000060010100000000000500000065000000e3115203430070007500200030000a0054006300630064002000230030003a0020003400
terminal=NotifyIconCompatibilityTerminal { correlation_id: "native:7616:67", host_generation: 1787223077713, icon_generation: None, terminal: InvalidRequest, message: "notify-icon-owner-or-identity-invalid" }
snapshot-icons=32
dwData=1 cbData=1484 bytes=2334753401000000bc03000060010100000000000300000065000000e90fb808430070007500200030000a0054006300630064002000230030003a0020003400
dwData=1 cbData=1484 bytes=2334753401000000bc03000060010100000000000500000065000000e90fb808430070007500200030000a0054006300630064002000230030003a0020003400
terminal=NotifyIconCompatibilityTerminal { correlation_id: "native:7616:67", host_generation: 1787223077713, icon_generation: None, terminal: InvalidRequest, message: "notify-icon-owner-or-identity-invalid" }
snapshot-icons=32
snapshot-icons=32
dwData=1 cbData=1484 bytes=2334753401000000bc03000060010100000000000300000065000000db128a00430070007500200030000a0054006300630064002000230030003a0020003400
dwData=1 cbData=1484 bytes=2334753401000000bc03000060010100000000000500000065000000db128a00430070007500200030000a0054006300630064002000230030003a0020003400
terminal=NotifyIconCompatibilityTerminal { correlation_id: "native:7616:67", host_generation: 1787223077713, icon_generation: None, terminal: InvalidRequest, message: "notify-icon-owner-or-identity-invalid" }
snapshot-icons=32
snapshot-icons=32
dwData=1 cbData=1484 bytes=2334753401000000bc03000060010100000000000500000065000000db128a00430070007500200030000a0054006300630064002000230030003a0020003400
terminal=NotifyIconCompatibilityTerminal { correlation_id: "native:7616:67", host_generation: 1787223077713, icon_generation: None, terminal: InvalidRequest, message: "notify-icon-owner-or-identity-invalid" }
snapshot-icons=32
dwData=1 cbData=1484 bytes=2334753401000000bc03000060010100000000000500000065000000db128a00430070007500200030000a0054006300630064002000230030003a0020003400
terminal=NotifyIconCompatibilityTerminal { correlation_id: "native:7616:67", host_generation: 1787223077713, icon_generation: None, terminal: InvalidRequest, message: "notify-icon-owner-or-identity-invalid" }
snapshot-icons=32
snapshot-icons=32
dwData=1 cbData=1484 bytes=2334753401000000bc03000060010100000000000500000065000000db128a00430070007500200030000a0054006300630064002000230030003a0020003400
terminal=NotifyIconCompatibilityTerminal { correlation_id: "native:7616:67", host_generation: 1787223077713, icon_generation: None, terminal: InvalidRequest, message: "notify-icon-owner-or-identity-invalid" }
snapshot-icons=32
snapshot-icons=32
dwData=1 cbData=1484 bytes=2334753401000000bc03000060010100000000000300000065000000ed0f4905430070007500200030000a0054006300630064002000230030003a0020003400
dwData=1 cbData=1484 bytes=2334753401000000bc03000060010100000000000500000065000000ed0f4905430070007500200030000a0054006300630064002000230030003a0020003400
terminal=NotifyIconCompatibilityTerminal { correlation_id: "native:7616:67", host_generation: 1787223077713, icon_generation: None, terminal: InvalidRequest, message: "notify-icon-owner-or-identity-invalid" }
snapshot-icons=32
dwData=1 cbData=1484 bytes=2334753401000000bc03000060010100000000000500000065000000ed0f4905430070007500200030000a0054006300630064002000230030003a0020003400
terminal=NotifyIconCompatibilityTerminal { correlation_id: "native:7616:67", host_generation: 1787223077713, icon_generation: None, terminal: InvalidRequest, message: "notify-icon-owner-or-identity-invalid" }
snapshot-icons=32
snapshot-icons=32
dwData=1 cbData=1484 bytes=2334753401000000bc030000600101000000000003000000650000009510e105430070007500200030000a0054006300630064002000230030003a0020003400
dwData=1 cbData=1484 bytes=2334753401000000bc030000600101000000000005000000650000009510e105430070007500200030000a0054006300630064002000230030003a0020003400
terminal=NotifyIconCompatibilityTerminal { correlation_id: "native:7616:67", host_generation: 1787223077713, icon_generation: None, terminal: InvalidRequest, message: "notify-icon-owner-or-identity-invalid" }
snapshot-icons=32
snapshot-icons=32
dwData=1 cbData=1484 bytes=2334753401000000bc030000600101000000000003000000650000008910be07430070007500200030000a0054006300630064002000230030003a0020003400
dwData=1 cbData=1484 bytes=2334753401000000bc030000600101000000000005000000650000008910be07430070007500200030000a0054006300630064002000230030003a0020003400
terminal=NotifyIconCompatibilityTerminal { correlation_id: "native:7616:67", host_generation: 1787223077713, icon_generation: None, terminal: InvalidRequest, message: "notify-icon-owner-or-identity-invalid" }
snapshot-icons=32
snapshot-icons=32
dwData=1 cbData=1484 bytes=2334753401000000bc030000600101000000000005000000650000008910be07430070007500200030000a0054006300630064002000230030003a0020003400
terminal=NotifyIconCompatibilityTerminal { correlation_id: "native:7616:67", host_generation: 1787223077713, icon_generation: None, terminal: InvalidRequest, message: "notify-icon-owner-or-identity-invalid" }
snapshot-icons=32
dwData=1 cbData=1484 bytes=2334753401000000bc030000600101000000000005000000650000008910be07430070007500200030000a0054006300630064002000230030003a0020003400
terminal=NotifyIconCompatibilityTerminal { correlation_id: "native:7616:67", host_generation: 1787223077713, icon_generation: None, terminal: InvalidRequest, message: "notify-icon-owner-or-identity-invalid" }
snapshot-icons=32
snapshot-icons=32
dwData=1 cbData=1484 bytes=2334753401000000bc030000600101000000000005000000650000008910be07430070007500200030000a0054006300630064002000230030003a0020003400
terminal=NotifyIconCompatibilityTerminal { correlation_id: "native:7616:67", host_generation: 1787223077713, icon_generation: None, terminal: InvalidRequest, message: "notify-icon-owner-or-identity-invalid" }
snapshot-icons=32
snapshot-icons=32
dwData=1 cbData=1484 bytes=2334753401000000bc03000060010100000000000300000065000000ff10720d430070007500200030000a0054006300630064002000230030003a0020003400
dwData=1 cbData=1484 bytes=2334753401000000bc03000060010100000000000500000065000000ff10720d430070007500200030000a0054006300630064002000230030003a0020003400
terminal=NotifyIconCompatibilityTerminal { correlation_id: "native:7616:67", host_generation: 1787223077713, icon_generation: None, terminal: InvalidRequest, message: "notify-icon-owner-or-identity-invalid" }
snapshot-icons=32
snapshot-icons=32
dwData=1 cbData=1484 bytes=2334753401000000bc0300006001010000000000030000006500000095102c06430070007500200030000a0054006300630064002000230030003a0020003400
dwData=1 cbData=1484 bytes=2334753401000000bc0300006001010000000000050000006500000095102c06430070007500200030000a0054006300630064002000230030003a0020003400
terminal=NotifyIconCompatibilityTerminal { correlation_id: "native:7616:67", host_generation: 1787223077713, icon_generation: None, terminal: InvalidRequest, message: "notify-icon-owner-or-identity-invalid" }
snapshot-icons=32
dwData=1 cbData=1484 bytes=2334753401000000bc03000060010100000000000300000065000000750f0343430070007500200030000a0054006300630064002000230030003a0020003400
dwData=1 cbData=1484 bytes=2334753401000000bc03000060010100000000000500000065000000750f0343430070007500200030000a0054006300630064002000230030003a0020003400
terminal=NotifyIconCompatibilityTerminal { correlation_id: "native:7616:67", host_generation: 1787223077713, icon_generation: None, terminal: InvalidRequest, message: "notify-icon-owner-or-identity-invalid" }
snapshot-icons=32
snapshot-icons=32
dwData=1 cbData=1484 bytes=2334753401000000bc03000060010100000000000300000065000000eb12f101430070007500200030000a0054006300630064002000230030003a0020003400
dwData=1 cbData=1484 bytes=2334753401000000bc03000060010100000000000500000065000000eb12f101430070007500200030000a0054006300630064002000230030003a0020003400
terminal=NotifyIconCompatibilityTerminal { correlation_id: "native:7616:67", host_generation: 1787223077713, icon_generation: None, terminal: InvalidRequest, message: "notify-icon-owner-or-identity-invalid" }
snapshot-icons=32
snapshot-icons=32
dwData=1 cbData=1484 bytes=2334753401000000bc030000600101000000000003000000650000000b0f7600430070007500200030000a0054006300630064002000230030003a0020003400
dwData=1 cbData=1484 bytes=2334753401000000bc030000600101000000000005000000650000000b0f7600430070007500200030000a0054006300630064002000230030003a0020003400
terminal=NotifyIconCompatibilityTerminal { correlation_id: "native:7616:67", host_generation: 1787223077713, icon_generation: None, terminal: InvalidRequest, message: "notify-icon-owner-or-identity-invalid" }
snapshot-icons=32
dwData=1 cbData=1484 bytes=2334753401000000bc03000060010100000000000300000065000000af109505430070007500200030000a0054006300630064002000230030003a0020003400
dwData=1 cbData=1484 bytes=2334753401000000bc03000060010100000000000500000065000000af109505430070007500200030000a0054006300630064002000230030003a0020003400
terminal=NotifyIconCompatibilityTerminal { correlation_id: "native:7616:67", host_generation: 1787223077713, icon_generation: None, terminal: InvalidRequest, message: "notify-icon-owner-or-identity-invalid" }
snapshot-icons=32
snapshot-icons=32
dwData=1 cbData=1484 bytes=2334753401000000bc03000060010100000000000500000065000000af109505430070007500200030000a0054006300630064002000230030003a0020003400
dwData=1 cbData=1484 bytes=2334753403000000bc030000600ff200591b0000d70000002580000033000100530075007000650072004400650073006b0074006f007000200063006f006d00
dwData=1 cbData=1484 bytes=2334753402000000bc030000600ff200591b0000d70000002580000033000100530075007000650072004400650073006b0074006f007000200063006f006d00
dwData=1 cbData=1484 bytes=2334753402000000bc030000600ff2005a1b0000d70000002580000033000100530075007000650072004400650073006b0074006f007000200063006f006d00
dwData=1 cbData=1484 bytes=2334753402000000bc030000600ff2005b1b0000d70000002580000033000100530075007000650072004400650073006b0074006f007000200063006f006d00
dwData=1 cbData=1484 bytes=2334753402000000bc030000600ff2005c1b0000d70000002580000033000100530075007000650072004400650073006b0074006f007000200063006f006d00
dwData=1 cbData=1484 bytes=2334753402000000bc030000600ff2005d1b0000d70000002580000033000100530075007000650072004400650073006b0074006f007000200063006f006d00
dwData=1 cbData=1484 bytes=2334753402000000bc030000600ff2005e1b0000d70000002580000033000100530075007000650072004400650073006b0074006f007000200063006f006d00
dwData=1 cbData=1484 bytes=2334753402000000bc030000600ff2005f1b0000d70000002580000033000100530075007000650072004400650073006b0074006f007000200063006f006d00
dwData=1 cbData=1484 bytes=2334753402000000bc030000600ff200601b0000d70000002580000033000100530075007000650072004400650073006b0074006f007000200063006f006d00
dwData=1 cbData=1484 bytes=2334753402000000bc030000600ff200611b0000d70000002580000033000100530075007000650072004400650073006b0074006f007000200063006f006d00
dwData=1 cbData=1484 bytes=2334753402000000bc030000600ff200621b0000d70000002580000033000100530075007000650072004400650073006b0074006f007000200063006f006d00
dwData=1 cbData=1484 bytes=2334753402000000bc030000600ff200631b0000d70000002580000033000100530075007000650072004400650073006b0074006f007000200063006f006d00
dwData=1 cbData=1484 bytes=2334753402000000bc030000600ff200641b0000d70000002580000033000100530075007000650072004400650073006b0074006f007000200063006f006d00
dwData=1 cbData=1484 bytes=2334753402000000bc030000600ff200651b0000d70000002580000033000100530075007000650072004400650073006b0074006f007000200063006f006d00
dwData=1 cbData=1484 bytes=2334753402000000bc030000600ff200661b0000d70000002580000033000100530075007000650072004400650073006b0074006f007000200063006f006d00
dwData=1 cbData=1484 bytes=2334753402000000bc030000600ff200671b0000d70000002580000033000100530075007000650072004400650073006b0074006f007000200063006f006d00
dwData=1 cbData=1484 bytes=2334753402000000bc030000600ff200681b0000d70000002580000033000100530075007000650072004400650073006b0074006f007000200063006f006d00
dwData=1 cbData=1484 bytes=2334753402000000bc030000600ff200691b0000d70000002580000033000100530075007000650072004400650073006b0074006f007000200063006f006d00
dwData=1 cbData=1484 bytes=2334753402000000bc030000600ff2006a1b0000d70000002580000033000100530075007000650072004400650073006b0074006f007000200063006f006d00
dwData=1 cbData=1484 bytes=2334753402000000bc030000600ff2006b1b0000d70000002580000033000100530075007000650072004400650073006b0074006f007000200063006f006d00
dwData=1 cbData=1484 bytes=2334753402000000bc030000600ff2006c1b0000d70000002580000033000100530075007000650072004400650073006b0074006f007000200063006f006d00
terminal=NotifyIconCompatibilityTerminal { correlation_id: "native:7616:68", host_generation: 1787223077713, icon_generation: None, terminal: InvalidRequest, message: "notify-icon-owner-or-identity-invalid" }
terminal=NotifyIconCompatibilityTerminal { correlation_id: "native:49380:68", host_generation: 1787223077713, icon_generation: None, terminal: InvalidRequest, message: "notify-icon-owner-or-identity-invalid" }
terminal=NotifyIconCompatibilityTerminal { correlation_id: "native:49380:68", host_generation: 1787223077713, icon_generation: None, terminal: InvalidRequest, message: "notify-icon-owner-or-identity-invalid" }
terminal=NotifyIconCompatibilityTerminal { correlation_id: "native:49380:68", host_generation: 1787223077713, icon_generation: None, terminal: InvalidRequest, message: "notify-icon-owner-or-identity-invalid" }
terminal=NotifyIconCompatibilityTerminal { correlation_id: "native:49380:68", host_generation: 1787223077713, icon_generation: None, terminal: InvalidRequest, message: "notify-icon-owner-or-identity-invalid" }
terminal=NotifyIconCompatibilityTerminal { correlation_id: "native:49380:68", host_generation: 1787223077713, icon_generation: None, terminal: InvalidRequest, message: "notify-icon-owner-or-identity-invalid" }
terminal=NotifyIconCompatibilityTerminal { correlation_id: "native:49380:68", host_generation: 1787223077713, icon_generation: None, terminal: InvalidRequest, message: "notify-icon-owner-or-identity-invalid" }
terminal=NotifyIconCompatibilityTerminal { correlation_id: "native:49380:68", host_generation: 1787223077713, icon_generation: None, terminal: InvalidRequest, message: "notify-icon-owner-or-identity-invalid" }
terminal=NotifyIconCompatibilityTerminal { correlation_id: "native:49380:68", host_generation: 1787223077713, icon_generation: None, terminal: InvalidRequest, message: "notify-icon-owner-or-identity-invalid" }
terminal=NotifyIconCompatibilityTerminal { correlation_id: "native:49380:68", host_generation: 1787223077713, icon_generation: None, terminal: InvalidRequest, message: "notify-icon-owner-or-identity-invalid" }
terminal=NotifyIconCompatibilityTerminal { correlation_id: "native:49380:68", host_generation: 1787223077713, icon_generation: None, terminal: InvalidRequest, message: "notify-icon-owner-or-identity-invalid" }
terminal=NotifyIconCompatibilityTerminal { correlation_id: "native:49380:68", host_generation: 1787223077713, icon_generation: None, terminal: InvalidRequest, message: "notify-icon-owner-or-identity-invalid" }
terminal=NotifyIconCompatibilityTerminal { correlation_id: "native:49380:68", host_generation: 1787223077713, icon_generation: None, terminal: InvalidRequest, message: "notify-icon-owner-or-identity-invalid" }
terminal=NotifyIconCompatibilityTerminal { correlation_id: "native:49380:68", host_generation: 1787223077713, icon_generation: None, terminal: InvalidRequest, message: "notify-icon-owner-or-identity-invalid" }
terminal=NotifyIconCompatibilityTerminal { correlation_id: "native:49380:68", host_generation: 1787223077713, icon_generation: None, terminal: InvalidRequest, message: "notify-icon-owner-or-identity-invalid" }
terminal=NotifyIconCompatibilityTerminal { correlation_id: "native:49380:68", host_generation: 1787223077713, icon_generation: None, terminal: InvalidRequest, message: "notify-icon-owner-or-identity-invalid" }
terminal=NotifyIconCompatibilityTerminal { correlation_id: "native:49380:68", host_generation: 1787223077713, icon_generation: None, terminal: InvalidRequest, message: "notify-icon-owner-or-identity-invalid" }
terminal=NotifyIconCompatibilityTerminal { correlation_id: "native:49380:68", host_generation: 1787223077713, icon_generation: None, terminal: InvalidRequest, message: "notify-icon-owner-or-identity-invalid" }
terminal=NotifyIconCompatibilityTerminal { correlation_id: "native:49380:68", host_generation: 1787223077713, icon_generation: None, terminal: InvalidRequest, message: "notify-icon-owner-or-identity-invalid" }
terminal=NotifyIconCompatibilityTerminal { correlation_id: "native:49380:68", host_generation: 1787223077713, icon_generation: None, terminal: InvalidRequest, message: "notify-icon-owner-or-identity-invalid" }
terminal=NotifyIconCompatibilityTerminal { correlation_id: "native:49380:68", host_generation: 1787223077713, icon_generation: None, terminal: InvalidRequest, message: "notify-icon-owner-or-identity-invalid" }
terminal=NotifyIconCompatibilityTerminal { correlation_id: "native:49380:68", host_generation: 1787223077713, icon_generation: None, terminal: InvalidRequest, message: "notify-icon-owner-or-identity-invalid" }
snapshot-icons=12
snapshot-icons=12
dwData=1 cbData=1484 bytes=2334753401000000bc03000060010100000000000500000065000000af109505430070007500200030000a0054006300630064002000230030003a0020003400
terminal=NotifyIconCompatibilityTerminal { correlation_id: "native:7616:68", host_generation: 1787223077713, icon_generation: None, terminal: InvalidRequest, message: "notify-icon-owner-or-identity-invalid" }
snapshot-icons=12
snapshot-icons=12
dwData=1 cbData=1484 bytes=2334753401000000bc03000060010100000000000500000065000000af109505430070007500200030000a0054006300630064002000230030003a0020003400
terminal=NotifyIconCompatibilityTerminal { correlation_id: "native:7616:68", host_generation: 1787223077713, icon_generation: None, terminal: InvalidRequest, message: "notify-icon-owner-or-identity-invalid" }
snapshot-icons=12
dwData=1 cbData=1484 bytes=2334753401000000bc03000060010100000000000500000065000000af109505430070007500200030000a0054006300630064002000230030003a0020003400
dwData=1 cbData=1484 bytes=2334753400000000bc030000ea020800020000000700000072170000a3010e0052007500730074004400650073006b0020002d002000315cd27d0a0031002000
dwData=1 cbData=1484 bytes=2334753402000000bc03000050090100030000000000000000000000000000000000000000000000000000000000000000000000000000000000000000000000
dwData=1 cbData=1484 bytes=2334753400000000bc030000bc06020001000000070000000008000011073800540069006d00650053006e006100700070006500720020002800410063007400
dwData=1 cbData=1484 bytes=2334753400000000bc030000d2020300000000000700000000140000e9028c00450076006500720079007400680069006e006700000000000000000000000000
dwData=1 cbData=1484 bytes=2334753402000000bc03000092071600030000002000000000000000000000000000000000000000000000000000000000000000000000000000000000000000
dwData=1 cbData=1484 bytes=2334753402000000bc030000e8020600010000000700000001040000000000000000000000000000000000000000000000000000000000000000000000000000
dwData=1 cbData=1484 bytes=2334753400000000bc030000f20305000100000087000000018000008d047b004d0075004d00750050006c006100790065007200000000000000000000000000
dwData=1 cbData=1484 bytes=2334753402000000bc030000e80a0a00030000002000000000000000000000000000000000000000000000000000000000000000000000000000000000000000
dwData=1 cbData=1484 bytes=2334753402000000bc030000a8090100010000000700000000080000e10902004d006100610041007300730069007300740061006e007400410072006b006e00
dwData=1 cbData=1484 bytes=2334753402000000bc0300009407080001000000a700000003040000ab091a0a4d006900630072006f0073006f00660074002000330036003500200043006f00
dwData=1 cbData=1484 bytes=2334753402000000bc030000ae0302008200000000000000640400003304060044006900740074006f0000000000000000000000000000000000000000000000
dwData=1 cbData=1484 bytes=2334753401000000bc030000e205030064000000ae000000000000008310f80a570069006e0064006f00770073002000895b6851276020002d002000fa5e708b
dwData=1 cbData=1484 bytes=2334753400000000bc03000050090100030000000300000001800000550901000000000000000000000000000000000000000000000000000000000000000000
dwData=1 cbData=1484 bytes=2334753400000000bc030000c4107e00000000008f00000065800000a0110600b06548722c670b4e7d8f2d4e20003500370032002e00390031004d0042002f00
dwData=1 cbData=1484 bytes=2334753402000000bc0300003a080800070000000000000000000000000000000000000000000000000000000000000000000000000000000000000000000000
dwData=1 cbData=1484 bytes=2334753401000000bc03000060010100000000000700000065000000a9125200430070007500200030000a0054006300630064002000230030003a0020003400
dwData=1 cbData=1484 bytes=2334753400000000bc03000092071600030000002300000001800000bb0602000000000000000000000000000000000000000000000000000000000000000000
dwData=1 cbData=1484 bytes=2334753400000000bc030000e80a0a000300000027000000018000008a0b26004300680061007400470050005400000000000000000000000000000000000000
dwData=1 cbData=1484 bytes=2334753400000000bc030000a8090100010000000700000000080000e10902004d006100610041007300730069007300740061006e007400410072006b006e00
dwData=1 cbData=1484 bytes=2334753400000000bc0300009407080001000000a700000003040000ab091a0a4d006900630072006f0073006f00660074002000330036003500200043006f00
dwData=1 cbData=1484 bytes=2334753400000000bc030000ae0302008200000007000000640400003304060044006900740074006f0000000000000000000000000000000000000000000000
dwData=1 cbData=1484 bytes=2334753404000000bc030000c4107e00000000008f00000065800000a0110600b06548722c670b4e7d8f2d4e20003500370032002e00390031004d0042002f00
dwData=1 cbData=1484 bytes=2334753400000000bc0300003a0808000700000003000000018000003f090e000000000000000000000000000000000000000000000000000000000000000000
dwData=1 cbData=1484 bytes=2334753401000000bc03000060010100000000000700000065000000a9125300430070007500200030000a0054006300630064002000230030003a0020003400
dwData=1 cbData=1484 bytes=2334753404000000bc0300009407080001000000a700000003040000ab091a0a4d006900630072006f0073006f00660074002000330036003500200043006f00
dwData=1 cbData=1484 bytes=2334753401000000bc03000060010100000000000700000065000000e312f500430070007500200030000a0054006300630064002000230030003a0020003400
dwData=1 cbData=1484 bytes=2334753402000000bc03000060010100000000000700000065000000e312f500430070007500200030000a0054006300630064002000230030003a0020003400
dwData=1 cbData=1484 bytes=2334753400000000bc030000600101001b000000070000006500000067100e0643006f00720065002000540065006d0070002000760065007200730069006f00
terminal=NotifyIconCompatibilityTerminal { correlation_id: "native:18828:2", host_generation: 1787223132051, icon_generation: Some(1), terminal: Applied, message: "" }
terminal=NotifyIconCompatibilityTerminal { correlation_id: "native:27612:2", host_generation: 1787223132051, icon_generation: Some(3), terminal: NoChange, message: "" }
terminal=NotifyIconCompatibilityTerminal { correlation_id: "native:33372:4", host_generation: 1787223132051, icon_generation: Some(3), terminal: Applied, message: "" }
terminal=NotifyIconCompatibilityTerminal { correlation_id: "native:18180:4", host_generation: 1787223132051, icon_generation: None, terminal: InvalidRequest, message: "notify-icon-owner-or-identity-invalid" }
terminal=NotifyIconCompatibilityTerminal { correlation_id: "native:23428:4", host_generation: 1787223132051, icon_generation: Some(5), terminal: NoChange, message: "" }
terminal=NotifyIconCompatibilityTerminal { correlation_id: "native:14740:4", host_generation: 1787223132051, icon_generation: Some(5), terminal: NoChange, message: "" }
terminal=NotifyIconCompatibilityTerminal { correlation_id: "native:21628:6", host_generation: 1787223132051, icon_generation: Some(5), terminal: Applied, message: "" }
terminal=NotifyIconCompatibilityTerminal { correlation_id: "native:31492:6", host_generation: 1787223132051, icon_generation: Some(7), terminal: NoChange, message: "" }
terminal=NotifyIconCompatibilityTerminal { correlation_id: "native:31292:6", host_generation: 1787223132051, icon_generation: Some(7), terminal: NoChange, message: "" }
terminal=NotifyIconCompatibilityTerminal { correlation_id: "native:39188:6", host_generation: 1787223132051, icon_generation: Some(7), terminal: NoChange, message: "" }
terminal=NotifyIconCompatibilityTerminal { correlation_id: "native:21196:6", host_generation: 1787223132051, icon_generation: Some(7), terminal: NoChange, message: "" }
terminal=NotifyIconCompatibilityTerminal { correlation_id: "native:17868:6", host_generation: 1787223132051, icon_generation: None, terminal: InvalidRequest, message: "notify-icon-owned-invalid" }
terminal=NotifyIconCompatibilityTerminal { correlation_id: "native:27612:8", host_generation: 1787223132051, icon_generation: Some(7), terminal: Applied, message: "" }
terminal=NotifyIconCompatibilityTerminal { correlation_id: "native:15400:8", host_generation: 1787223132051, icon_generation: None, terminal: InvalidRequest, message: "notify-icon-owner-or-identity-invalid" }
terminal=NotifyIconCompatibilityTerminal { correlation_id: "native:30136:8", host_generation: 1787223132051, icon_generation: Some(9), terminal: NoChange, message: "" }
terminal=NotifyIconCompatibilityTerminal { correlation_id: "native:7616:8", host_generation: 1787223132051, icon_generation: None, terminal: InvalidRequest, message: "notify-icon-owner-or-identity-invalid" }
terminal=NotifyIconCompatibilityTerminal { correlation_id: "native:23428:10", host_generation: 1787223132051, icon_generation: Some(9), terminal: Applied, message: "" }
terminal=NotifyIconCompatibilityTerminal { correlation_id: "native:31492:12", host_generation: 1787223132051, icon_generation: Some(11), terminal: Applied, message: "" }
terminal=NotifyIconCompatibilityTerminal { correlation_id: "native:31292:14", host_generation: 1787223132051, icon_generation: Some(13), terminal: Applied, message: "" }
terminal=NotifyIconCompatibilityTerminal { correlation_id: "native:39188:16", host_generation: 1787223132051, icon_generation: Some(15), terminal: Applied, message: "" }
terminal=NotifyIconCompatibilityTerminal { correlation_id: "native:21196:18", host_generation: 1787223132051, icon_generation: Some(17), terminal: Applied, message: "" }
terminal=NotifyIconCompatibilityTerminal { correlation_id: "native:15400:18", host_generation: 1787223132051, icon_generation: None, terminal: InvalidRequest, message: "notify-icon-owner-or-identity-invalid" }
terminal=NotifyIconCompatibilityTerminal { correlation_id: "native:30136:20", host_generation: 1787223132051, icon_generation: Some(19), terminal: Applied, message: "" }
terminal=NotifyIconCompatibilityTerminal { correlation_id: "native:39188:20", host_generation: 1787223132051, icon_generation: Some(21), terminal: Applied, message: "" }
terminal=NotifyIconCompatibilityTerminal { correlation_id: "native:7616:20", host_generation: 1787223132051, icon_generation: None, terminal: InvalidRequest, message: "notify-icon-owner-or-identity-invalid" }
dwData=1 cbData=1484 bytes=2334753401000000bc030000600101001b00000002000000650000009d02010043006f00720065002000540065006d0070002000760065007200730069006f00
dwData=1 cbData=1484 bytes=2334753401000000bc030000600101001b00000002000000650000009d02010043006f00720065002000540065006d0070002000760065007200730069006f00
dwData=1 cbData=1484 bytes=2334753400000000bc03000060010100000000000700000065000000650fb803430070007500200030000a0054006300630064002000230030003a0020003400
dwData=1 cbData=1484 bytes=2334753402000000bc030000600101001b00000002000000650000009d02010043006f00720065002000540065006d0070002000760065007200730069006f00
snapshot-icons=10
dwData=1 cbData=1484 bytes=2334753400000000bc0300001403080001000000870000005480000035070a0e45007000690063002000470061006d006500730020005f55d552685600000000
dwData=1 cbData=1484 bytes=2334753400000000bc03000018130c00591b0000d70000002580000033000100530075007000650072004400650073006b0074006f007000200063006f006d00
dwData=1 cbData=1484 bytes=2334753404000000bc03000018130c00591b0000d70000002580000033000100530075007000650072004400650073006b0074006f007000200063006f006d00
dwData=1 cbData=1484 bytes=2334753400000000bc03000018130c005a1b0000d70000002580000033000100530075007000650072004400650073006b0074006f007000200063006f006d00
dwData=1 cbData=1484 bytes=2334753404000000bc03000018130c005a1b0000d70000002580000033000100530075007000650072004400650073006b0074006f007000200063006f006d00
terminal=NotifyIconCompatibilityTerminal { correlation_id: "native:7616:20", host_generation: 1787223132051, icon_generation: None, terminal: InvalidRequest, message: "notify-icon-copy-failed" }
terminal=NotifyIconCompatibilityTerminal { correlation_id: "native:7616:20", host_generation: 1787223132051, icon_generation: Some(21), terminal: NoChange, message: "" }
terminal=NotifyIconCompatibilityTerminal { correlation_id: "native:7616:20", host_generation: 1787223132051, icon_generation: None, terminal: InvalidRequest, message: "notify-icon-owner-or-identity-invalid" }
terminal=NotifyIconCompatibilityTerminal { correlation_id: "native:7616:20", host_generation: 1787223132051, icon_generation: Some(21), terminal: NoChange, message: "" }
terminal=NotifyIconCompatibilityTerminal { correlation_id: "native:20784:22", host_generation: 1787223132051, icon_generation: Some(21), terminal: Applied, message: "" }
terminal=NotifyIconCompatibilityTerminal { correlation_id: "native:46916:25", host_generation: 1787223132051, icon_generation: Some(23), terminal: Applied, message: "" }
terminal=NotifyIconCompatibilityTerminal { correlation_id: "native:46916:25", host_generation: 1787223132051, icon_generation: Some(26), terminal: Applied, message: "" }
terminal=NotifyIconCompatibilityTerminal { correlation_id: "native:46916:27", host_generation: 1787223132051, icon_generation: Some(26), terminal: Applied, message: "" }
terminal=NotifyIconCompatibilityTerminal { correlation_id: "native:46916:27", host_generation: 1787223132051, icon_generation: Some(28), terminal: Applied, message: "" }
snapshot-icons=13
dwData=1 cbData=1484 bytes=2334753400000000bc03000018130c005b1b0000d70000002580000033000100530075007000650072004400650073006b0074006f007000200063006f006d00
dwData=1 cbData=1484 bytes=2334753404000000bc03000018130c005b1b0000d70000002580000033000100530075007000650072004400650073006b0074006f007000200063006f006d00
dwData=1 cbData=1484 bytes=2334753401000000bc0300006001010000000000030000006500000007106266430070007500200030000a0054006300630064002000230030003a0020003400
dwData=1 cbData=1484 bytes=2334753401000000bc0300006001010000000000050000006500000007106266430070007500200030000a0054006300630064002000230030003a0020003400
dwData=1 cbData=1484 bytes=2334753400000000bc03000018130c005c1b0000d70000002580000033000100530075007000650072004400650073006b0074006f007000200063006f006d00
dwData=1 cbData=1484 bytes=2334753404000000bc03000018130c005c1b0000d70000002580000033000100530075007000650072004400650073006b0074006f007000200063006f006d00
dwData=1 cbData=1484 bytes=2334753400000000bc03000018130c005d1b0000d70000002580000033000100530075007000650072004400650073006b0074006f007000200063006f006d00
dwData=1 cbData=1484 bytes=2334753404000000bc03000018130c005d1b0000d70000002580000033000100530075007000650072004400650073006b0074006f007000200063006f006d00
dwData=1 cbData=1484 bytes=2334753404000000bc03000014030800010000000000000000000000000000000000000000000000000000000000000000000000000000000000000000000000
dwData=1 cbData=1484 bytes=2334753400000000bc03000018130c005e1b0000d70000002580000033000100530075007000650072004400650073006b0074006f007000200063006f006d00
dwData=1 cbData=1484 bytes=2334753404000000bc03000018130c005e1b0000d70000002580000033000100530075007000650072004400650073006b0074006f007000200063006f006d00
dwData=1 cbData=1484 bytes=2334753400000000bc03000018130c005f1b0000d70000002580000033000100530075007000650072004400650073006b0074006f007000200063006f006d00
dwData=1 cbData=1484 bytes=2334753404000000bc03000018130c005f1b0000d70000002580000033000100530075007000650072004400650073006b0074006f007000200063006f006d00
dwData=1 cbData=1484 bytes=2334753400000000bc03000018130c00601b0000d70000002580000033000100530075007000650072004400650073006b0074006f007000200063006f006d00
dwData=1 cbData=1484 bytes=2334753404000000bc03000018130c00601b0000d70000002580000033000100530075007000650072004400650073006b0074006f007000200063006f006d00
dwData=1 cbData=1484 bytes=2334753400000000bc03000018130c00611b0000d70000002580000033000100530075007000650072004400650073006b0074006f007000200063006f006d00
dwData=1 cbData=1484 bytes=2334753404000000bc03000018130c00611b0000d70000002580000033000100530075007000650072004400650073006b0074006f007000200063006f006d00
terminal=NotifyIconCompatibilityTerminal { correlation_id: "native:46916:29", host_generation: 1787223132051, icon_generation: Some(28), terminal: Applied, message: "" }
terminal=NotifyIconCompatibilityTerminal { correlation_id: "native:46916:29", host_generation: 1787223132051, icon_generation: Some(30), terminal: Applied, message: "" }
terminal=NotifyIconCompatibilityTerminal { correlation_id: "native:7616:29", host_generation: 1787223132051, icon_generation: None, terminal: InvalidRequest, message: "notify-icon-owner-or-identity-invalid" }
terminal=NotifyIconCompatibilityTerminal { correlation_id: "native:46916:31", host_generation: 1787223132051, icon_generation: Some(30), terminal: Applied, message: "" }
terminal=NotifyIconCompatibilityTerminal { correlation_id: "native:46916:31", host_generation: 1787223132051, icon_generation: Some(32), terminal: Applied, message: "" }
terminal=NotifyIconCompatibilityTerminal { correlation_id: "native:46916:33", host_generation: 1787223132051, icon_generation: Some(32), terminal: Applied, message: "" }
terminal=NotifyIconCompatibilityTerminal { correlation_id: "native:46916:33", host_generation: 1787223132051, icon_generation: Some(34), terminal: Applied, message: "" }
terminal=NotifyIconCompatibilityTerminal { correlation_id: "native:20784:33", host_generation: 1787223132051, icon_generation: Some(34), terminal: Applied, message: "" }
terminal=NotifyIconCompatibilityTerminal { correlation_id: "native:46916:35", host_generation: 1787223132051, icon_generation: Some(34), terminal: Applied, message: "" }
terminal=NotifyIconCompatibilityTerminal { correlation_id: "native:46916:35", host_generation: 1787223132051, icon_generation: Some(36), terminal: Applied, message: "" }
terminal=NotifyIconCompatibilityTerminal { correlation_id: "native:46916:37", host_generation: 1787223132051, icon_generation: Some(36), terminal: Applied, message: "" }
terminal=NotifyIconCompatibilityTerminal { correlation_id: "native:46916:37", host_generation: 1787223132051, icon_generation: Some(38), terminal: Applied, message: "" }
terminal=NotifyIconCompatibilityTerminal { correlation_id: "native:46916:39", host_generation: 1787223132051, icon_generation: Some(38), terminal: Applied, message: "" }
terminal=NotifyIconCompatibilityTerminal { correlation_id: "native:46916:39", host_generation: 1787223132051, icon_generation: Some(40), terminal: Applied, message: "" }
terminal=NotifyIconCompatibilityTerminal { correlation_id: "native:46916:41", host_generation: 1787223132051, icon_generation: Some(40), terminal: Applied, message: "" }
terminal=NotifyIconCompatibilityTerminal { correlation_id: "native:46916:41", host_generation: 1787223132051, icon_generation: Some(42), terminal: Applied, message: "" }
snapshot-icons=20
dwData=1 cbData=1484 bytes=2334753400000000bc03000018130c00621b0000d70000002580000033000100530075007000650072004400650073006b0074006f007000200063006f006d00
dwData=1 cbData=1484 bytes=2334753404000000bc03000018130c00621b0000d70000002580000033000100530075007000650072004400650073006b0074006f007000200063006f006d00
dwData=1 cbData=1484 bytes=2334753400000000bc03000018130c00631b0000d70000002580000033000100530075007000650072004400650073006b0074006f007000200063006f006d00
dwData=1 cbData=1484 bytes=2334753404000000bc03000018130c00631b0000d70000002580000033000100530075007000650072004400650073006b0074006f007000200063006f006d00
dwData=1 cbData=1484 bytes=2334753400000000bc03000018130c00641b0000d70000002580000033000100530075007000650072004400650073006b0074006f007000200063006f006d00
dwData=1 cbData=1484 bytes=2334753404000000bc03000018130c00641b0000d70000002580000033000100530075007000650072004400650073006b0074006f007000200063006f006d00
dwData=1 cbData=1484 bytes=2334753400000000bc03000018130c00651b0000d70000002580000033000100530075007000650072004400650073006b0074006f007000200063006f006d00
dwData=1 cbData=1484 bytes=2334753404000000bc03000018130c00651b0000d70000002580000033000100530075007000650072004400650073006b0074006f007000200063006f006d00
dwData=1 cbData=1484 bytes=2334753400000000bc03000018130c00661b0000d70000002580000033000100530075007000650072004400650073006b0074006f007000200063006f006d00
dwData=1 cbData=1484 bytes=2334753404000000bc03000018130c00661b0000d70000002580000033000100530075007000650072004400650073006b0074006f007000200063006f006d00
dwData=1 cbData=1484 bytes=2334753400000000bc03000018130c00671b0000d70000002580000033000100530075007000650072004400650073006b0074006f007000200063006f006d00
dwData=1 cbData=1484 bytes=2334753404000000bc03000018130c00671b0000d70000002580000033000100530075007000650072004400650073006b0074006f007000200063006f006d00
dwData=1 cbData=1484 bytes=2334753400000000bc03000018130c00681b0000d70000002580000033000100530075007000650072004400650073006b0074006f007000200063006f006d00
dwData=1 cbData=1484 bytes=2334753404000000bc03000018130c00681b0000d70000002580000033000100530075007000650072004400650073006b0074006f007000200063006f006d00
dwData=1 cbData=1484 bytes=2334753401000000bc0300006001010000000000030000006500000069117d02430070007500200030000a0054006300630064002000230030003a0020003400
dwData=1 cbData=1484 bytes=2334753401000000bc0300006001010000000000050000006500000069117d02430070007500200030000a0054006300630064002000230030003a0020003500
terminal=NotifyIconCompatibilityTerminal { correlation_id: "native:46916:43", host_generation: 1787223132051, icon_generation: Some(42), terminal: Applied, message: "" }
terminal=NotifyIconCompatibilityTerminal { correlation_id: "native:46916:43", host_generation: 1787223132051, icon_generation: Some(44), terminal: Applied, message: "" }
terminal=NotifyIconCompatibilityTerminal { correlation_id: "native:46916:45", host_generation: 1787223132051, icon_generation: Some(44), terminal: Applied, message: "" }
terminal=NotifyIconCompatibilityTerminal { correlation_id: "native:46916:45", host_generation: 1787223132051, icon_generation: Some(46), terminal: Applied, message: "" }
terminal=NotifyIconCompatibilityTerminal { correlation_id: "native:46916:47", host_generation: 1787223132051, icon_generation: Some(46), terminal: Applied, message: "" }
terminal=NotifyIconCompatibilityTerminal { correlation_id: "native:46916:47", host_generation: 1787223132051, icon_generation: Some(48), terminal: Applied, message: "" }
terminal=NotifyIconCompatibilityTerminal { correlation_id: "native:46916:49", host_generation: 1787223132051, icon_generation: Some(48), terminal: Applied, message: "" }
terminal=NotifyIconCompatibilityTerminal { correlation_id: "native:46916:49", host_generation: 1787223132051, icon_generation: Some(50), terminal: Applied, message: "" }
terminal=NotifyIconCompatibilityTerminal { correlation_id: "native:46916:51", host_generation: 1787223132051, icon_generation: Some(50), terminal: Applied, message: "" }
terminal=NotifyIconCompatibilityTerminal { correlation_id: "native:46916:51", host_generation: 1787223132051, icon_generation: Some(52), terminal: Applied, message: "" }
terminal=NotifyIconCompatibilityTerminal { correlation_id: "native:46916:53", host_generation: 1787223132051, icon_generation: Some(52), terminal: Applied, message: "" }
terminal=NotifyIconCompatibilityTerminal { correlation_id: "native:46916:53", host_generation: 1787223132051, icon_generation: Some(54), terminal: Applied, message: "" }
terminal=NotifyIconCompatibilityTerminal { correlation_id: "native:46916:55", host_generation: 1787223132051, icon_generation: Some(54), terminal: Applied, message: "" }
terminal=NotifyIconCompatibilityTerminal { correlation_id: "native:46916:55", host_generation: 1787223132051, icon_generation: Some(56), terminal: Applied, message: "" }
terminal=NotifyIconCompatibilityTerminal { correlation_id: "native:7616:55", host_generation: 1787223132051, icon_generation: None, terminal: InvalidRequest, message: "notify-icon-owner-or-identity-invalid" }
snapshot-icons=27
dwData=1 cbData=1484 bytes=2334753400000000bc03000018130c00691b0000d70000002580000033000100530075007000650072004400650073006b0074006f007000200063006f006d00
dwData=1 cbData=1484 bytes=2334753404000000bc03000018130c00691b0000d70000002580000033000100530075007000650072004400650073006b0074006f007000200063006f006d00
dwData=1 cbData=1484 bytes=2334753400000000bc03000018130c006a1b0000d70000002580000033000100530075007000650072004400650073006b0074006f007000200063006f006d00
dwData=1 cbData=1484 bytes=2334753404000000bc03000018130c006a1b0000d70000002580000033000100530075007000650072004400650073006b0074006f007000200063006f006d00
dwData=1 cbData=1484 bytes=2334753400000000bc03000018130c006b1b0000d70000002580000033000100530075007000650072004400650073006b0074006f007000200063006f006d00
dwData=1 cbData=1484 bytes=2334753404000000bc03000018130c006b1b0000d70000002580000033000100530075007000650072004400650073006b0074006f007000200063006f006d00
dwData=1 cbData=1484 bytes=2334753400000000bc03000018130c006c1b0000d70000002580000033000100530075007000650072004400650073006b0074006f007000200063006f006d00
dwData=1 cbData=1484 bytes=2334753404000000bc03000018130c006c1b0000d70000002580000033000100530075007000650072004400650073006b0074006f007000200063006f006d00
dwData=1 cbData=1484 bytes=2334753401000000bc03000018130c00591b0000d70000002580000033000100530075007000650072004400650073006b0074006f007000200063006f006d00
terminal=NotifyIconCompatibilityTerminal { correlation_id: "native:46916:57", host_generation: 1787223132051, icon_generation: Some(56), terminal: Applied, message: "" }
terminal=NotifyIconCompatibilityTerminal { correlation_id: "native:46916:57", host_generation: 1787223132051, icon_generation: Some(58), terminal: Applied, message: "" }
terminal=NotifyIconCompatibilityTerminal { correlation_id: "native:46916:59", host_generation: 1787223132051, icon_generation: Some(58), terminal: Applied, message: "" }
terminal=NotifyIconCompatibilityTerminal { correlation_id: "native:46916:59", host_generation: 1787223132051, icon_generation: Some(60), terminal: Applied, message: "" }
terminal=NotifyIconCompatibilityTerminal { correlation_id: "native:46916:61", host_generation: 1787223132051, icon_generation: Some(60), terminal: Applied, message: "" }
terminal=NotifyIconCompatibilityTerminal { correlation_id: "native:46916:61", host_generation: 1787223132051, icon_generation: Some(62), terminal: Applied, message: "" }
terminal=NotifyIconCompatibilityTerminal { correlation_id: "native:46916:63", host_generation: 1787223132051, icon_generation: Some(62), terminal: Applied, message: "" }
terminal=NotifyIconCompatibilityTerminal { correlation_id: "native:46916:63", host_generation: 1787223132051, icon_generation: Some(64), terminal: Applied, message: "" }
terminal=NotifyIconCompatibilityTerminal { correlation_id: "native:46916:65", host_generation: 1787223132051, icon_generation: Some(64), terminal: Applied, message: "" }
snapshot-icons=31
dwData=1 cbData=1484 bytes=2334753400000000bc030000e80206000100000007000000010400002f090a0053007400650061006d0000000000000000000000000000000000000000000000
dwData=1 cbData=1484 bytes=2334753401000000bc03000060010100000000000300000065000000f5102007430070007500200030000a0054006300630064002000230030003a0020003500
dwData=1 cbData=1484 bytes=2334753401000000bc03000060010100000000000500000065000000f5102007430070007500200030000a0054006300630064002000230030003a0020003400
terminal=NotifyIconCompatibilityTerminal { correlation_id: "native:14740:67", host_generation: 1787223132051, icon_generation: Some(66), terminal: Applied, message: "" }
terminal=NotifyIconCompatibilityTerminal { correlation_id: "native:7616:67", host_generation: 1787223132051, icon_generation: None, terminal: InvalidRequest, message: "notify-icon-owner-or-identity-invalid" }
snapshot-icons=32
snapshot-icons=32
dwData=1 cbData=1484 bytes=2334753401000000bc030000600101000000000003000000650000008710cc05430070007500200030000a0054006300630064002000230030003a0020003400
dwData=1 cbData=1484 bytes=2334753401000000bc030000600101000000000005000000650000008710cc05430070007500200030000a0054006300630064002000230030003a0020003400
terminal=NotifyIconCompatibilityTerminal { correlation_id: "native:7616:67", host_generation: 1787223132051, icon_generation: None, terminal: InvalidRequest, message: "notify-icon-owner-or-identity-invalid" }
snapshot-icons=32
dwData=1 cbData=1484 bytes=2334753401000000bc030000600101000000000003000000650000009d0ef755430070007500200030000a0054006300630064002000230030003a0020003400
dwData=1 cbData=1484 bytes=2334753401000000bc030000600101000000000005000000650000009d0ef755430070007500200030000a0054006300630064002000230030003a0020003400
terminal=NotifyIconCompatibilityTerminal { correlation_id: "native:7616:67", host_generation: 1787223132051, icon_generation: None, terminal: InvalidRequest, message: "notify-icon-owner-or-identity-invalid" }
snapshot-icons=32
snapshot-icons=32
dwData=1 cbData=1484 bytes=2334753401000000bc03000060010100000000000300000065000000330fe402430070007500200030000a0054006300630064002000230030003a0020003400
dwData=1 cbData=1484 bytes=2334753401000000bc03000060010100000000000500000065000000330fe402430070007500200030000a0054006300630064002000230030003a0020003400
terminal=NotifyIconCompatibilityTerminal { correlation_id: "native:7616:67", host_generation: 1787223132051, icon_generation: None, terminal: InvalidRequest, message: "notify-icon-owner-or-identity-invalid" }
snapshot-icons=32
snapshot-icons=32
dwData=1 cbData=1484 bytes=2334753401000000bc0300006001010000000000030000006500000029104b67430070007500200030000a0054006300630064002000230030003a0020003400
dwData=1 cbData=1484 bytes=2334753401000000bc0300006001010000000000050000006500000029104b67430070007500200030000a0054006300630064002000230030003a0020003400
terminal=NotifyIconCompatibilityTerminal { correlation_id: "native:7616:67", host_generation: 1787223132051, icon_generation: None, terminal: InvalidRequest, message: "notify-icon-owner-or-identity-invalid" }
snapshot-icons=32
snapshot-icons=32
dwData=1 cbData=1484 bytes=2334753401000000bc0300006001010000000000050000006500000029104b67430070007500200030000a0054006300630064002000230030003a0020003400
terminal=NotifyIconCompatibilityTerminal { correlation_id: "native:7616:67", host_generation: 1787223132051, icon_generation: None, terminal: InvalidRequest, message: "notify-icon-owner-or-identity-invalid" }
snapshot-icons=32
dwData=1 cbData=1484 bytes=2334753401000000bc0300006001010000000000050000006500000029104b67430070007500200030000a0054006300630064002000230030003a0020003400
terminal=NotifyIconCompatibilityTerminal { correlation_id: "native:7616:67", host_generation: 1787223132051, icon_generation: None, terminal: InvalidRequest, message: "notify-icon-owner-or-identity-invalid" }
snapshot-icons=32
snapshot-icons=32
dwData=1 cbData=1484 bytes=2334753401000000bc030000600101000000000003000000650000005310b801430070007500200030000a0054006300630064002000230030003a0020003400
dwData=1 cbData=1484 bytes=2334753401000000bc030000600101000000000005000000650000005310b801430070007500200030000a0054006300630064002000230030003a0020003400
terminal=NotifyIconCompatibilityTerminal { correlation_id: "native:7616:67", host_generation: 1787223132051, icon_generation: None, terminal: InvalidRequest, message: "notify-icon-owner-or-identity-invalid" }
snapshot-icons=32
snapshot-icons=32
dwData=1 cbData=1484 bytes=2334753401000000bc03000060010100000000000300000065000000af11a605430070007500200030000a0054006300630064002000230030003a0020003400
dwData=1 cbData=1484 bytes=2334753401000000bc03000060010100000000000500000065000000af11a605430070007500200030000a0054006300630064002000230030003a0020003400
terminal=NotifyIconCompatibilityTerminal { correlation_id: "native:7616:67", host_generation: 1787223132051, icon_generation: None, terminal: InvalidRequest, message: "notify-icon-owner-or-identity-invalid" }
snapshot-icons=32
dwData=1 cbData=1484 bytes=2334753401000000bc03000060010100000000000500000065000000af11a605430070007500200030000a0054006300630064002000230030003a0020003400
terminal=NotifyIconCompatibilityTerminal { correlation_id: "native:7616:67", host_generation: 1787223132051, icon_generation: None, terminal: InvalidRequest, message: "notify-icon-owner-or-identity-invalid" }
snapshot-icons=32
snapshot-icons=32
dwData=1 cbData=1484 bytes=2334753401000000bc03000060010100000000000500000065000000af11a605430070007500200030000a0054006300630064002000230030003a0020003400
terminal=NotifyIconCompatibilityTerminal { correlation_id: "native:7616:67", host_generation: 1787223132051, icon_generation: None, terminal: InvalidRequest, message: "notify-icon-owner-or-identity-invalid" }
snapshot-icons=32
snapshot-icons=32
dwData=1 cbData=1484 bytes=2334753401000000bc03000060010100000000000500000065000000af11a605430070007500200030000a0054006300630064002000230030003a0020003400
terminal=NotifyIconCompatibilityTerminal { correlation_id: "native:7616:67", host_generation: 1787223132051, icon_generation: None, terminal: InvalidRequest, message: "notify-icon-owner-or-identity-invalid" }
snapshot-icons=32
dwData=1 cbData=1484 bytes=2334753401000000bc03000060010100000000000500000065000000af11a605430070007500200030000a0054006300630064002000230030003a0020003400
terminal=NotifyIconCompatibilityTerminal { correlation_id: "native:7616:67", host_generation: 1787223132051, icon_generation: None, terminal: InvalidRequest, message: "notify-icon-owner-or-identity-invalid" }
snapshot-icons=32
snapshot-icons=32
snapshot-icons=32
dwData=1 cbData=1484 bytes=2334753401000000bc03000060010100000000000500000065000000af11a605430070007500200030000a0054006300630064002000230030003a0020003400
terminal=NotifyIconCompatibilityTerminal { correlation_id: "native:7616:67", host_generation: 1787223132051, icon_generation: None, terminal: InvalidRequest, message: "notify-icon-owner-or-identity-invalid" }
snapshot-icons=32
dwData=1 cbData=1484 bytes=2334753401000000bc030000600101000000000003000000650000006510d40b430070007500200030000a0054006300630064002000230030003a0020003400
dwData=1 cbData=1484 bytes=2334753401000000bc030000600101000000000005000000650000006510d40b430070007500200030000a0054006300630064002000230030003a0020003400
terminal=NotifyIconCompatibilityTerminal { correlation_id: "native:7616:67", host_generation: 1787223132051, icon_generation: None, terminal: InvalidRequest, message: "notify-icon-owner-or-identity-invalid" }
snapshot-icons=32
snapshot-icons=32
dwData=1 cbData=1484 bytes=2334753401000000bc030000600101000000000005000000650000006510d40b430070007500200030000a0054006300630064002000230030003a0020003500
terminal=NotifyIconCompatibilityTerminal { correlation_id: "native:7616:67", host_generation: 1787223132051, icon_generation: None, terminal: InvalidRequest, message: "notify-icon-owner-or-identity-invalid" }
snapshot-icons=32
snapshot-icons=32
dwData=1 cbData=1484 bytes=2334753401000000bc030000600101000000000003000000650000000b135502430070007500200030000a0054006300630064002000230030003a0020003500
dwData=1 cbData=1484 bytes=2334753401000000bc030000600101000000000005000000650000000b135502430070007500200030000a0054006300630064002000230030003a0020003400
terminal=NotifyIconCompatibilityTerminal { correlation_id: "native:7616:67", host_generation: 1787223132051, icon_generation: None, terminal: InvalidRequest, message: "notify-icon-owner-or-identity-invalid" }
snapshot-icons=32
dwData=1 cbData=1484 bytes=2334753401000000bc03000060010100000000000300000065000000cf01ec02430070007500200030000a0054006300630064002000230030003a0020003400
dwData=1 cbData=1484 bytes=2334753401000000bc03000060010100000000000500000065000000cf01ec02430070007500200030000a0054006300630064002000230030003a0020003400
terminal=NotifyIconCompatibilityTerminal { correlation_id: "native:7616:67", host_generation: 1787223132051, icon_generation: None, terminal: InvalidRequest, message: "notify-icon-owner-or-identity-invalid" }
snapshot-icons=32
snapshot-icons=32
dwData=1 cbData=1484 bytes=2334753401000000bc03000060010100000000000300000065000000dd12a002430070007500200030000a0054006300630064002000230030003a0020003400
dwData=1 cbData=1484 bytes=2334753401000000bc03000060010100000000000500000065000000dd12a002430070007500200030000a0054006300630064002000230030003a0020003400
terminal=NotifyIconCompatibilityTerminal { correlation_id: "native:7616:67", host_generation: 1787223132051, icon_generation: None, terminal: InvalidRequest, message: "notify-icon-owner-or-identity-invalid" }
snapshot-icons=32
snapshot-icons=32
dwData=1 cbData=1484 bytes=2334753401000000bc03000060010100000000000500000065000000dd12a002430070007500200030000a0054006300630064002000230030003a0020003500
dwData=1 cbData=1484 bytes=2334753403000000bc03000018130c00591b0000d70000002580000033000100530075007000650072004400650073006b0074006f007000200063006f006d00
dwData=1 cbData=1484 bytes=2334753402000000bc03000018130c00591b0000d70000002580000033000100530075007000650072004400650073006b0074006f007000200063006f006d00
dwData=1 cbData=1484 bytes=2334753402000000bc03000018130c005a1b0000d70000002580000033000100530075007000650072004400650073006b0074006f007000200063006f006d00
dwData=1 cbData=1484 bytes=2334753402000000bc03000018130c005b1b0000d70000002580000033000100530075007000650072004400650073006b0074006f007000200063006f006d00
dwData=1 cbData=1484 bytes=2334753402000000bc03000018130c005c1b0000d70000002580000033000100530075007000650072004400650073006b0074006f007000200063006f006d00
dwData=1 cbData=1484 bytes=2334753402000000bc03000018130c005d1b0000d70000002580000033000100530075007000650072004400650073006b0074006f007000200063006f006d00
dwData=1 cbData=1484 bytes=2334753402000000bc03000018130c005e1b0000d70000002580000033000100530075007000650072004400650073006b0074006f007000200063006f006d00
dwData=1 cbData=1484 bytes=2334753402000000bc03000018130c005f1b0000d70000002580000033000100530075007000650072004400650073006b0074006f007000200063006f006d00
dwData=1 cbData=1484 bytes=2334753402000000bc03000018130c00601b0000d70000002580000033000100530075007000650072004400650073006b0074006f007000200063006f006d00
dwData=1 cbData=1484 bytes=2334753402000000bc03000018130c00611b0000d70000002580000033000100530075007000650072004400650073006b0074006f007000200063006f006d00
dwData=1 cbData=1484 bytes=2334753402000000bc03000018130c00621b0000d70000002580000033000100530075007000650072004400650073006b0074006f007000200063006f006d00
dwData=1 cbData=1484 bytes=2334753402000000bc03000018130c00631b0000d70000002580000033000100530075007000650072004400650073006b0074006f007000200063006f006d00
dwData=1 cbData=1484 bytes=2334753402000000bc03000018130c00641b0000d70000002580000033000100530075007000650072004400650073006b0074006f007000200063006f006d00
dwData=1 cbData=1484 bytes=2334753402000000bc03000018130c00651b0000d70000002580000033000100530075007000650072004400650073006b0074006f007000200063006f006d00
dwData=1 cbData=1484 bytes=2334753402000000bc03000018130c00661b0000d70000002580000033000100530075007000650072004400650073006b0074006f007000200063006f006d00
dwData=1 cbData=1484 bytes=2334753402000000bc03000018130c00671b0000d70000002580000033000100530075007000650072004400650073006b0074006f007000200063006f006d00
dwData=1 cbData=1484 bytes=2334753402000000bc03000018130c00681b0000d70000002580000033000100530075007000650072004400650073006b0074006f007000200063006f006d00
dwData=1 cbData=1484 bytes=2334753402000000bc03000018130c00691b0000d70000002580000033000100530075007000650072004400650073006b0074006f007000200063006f006d00
dwData=1 cbData=1484 bytes=2334753402000000bc03000018130c006a1b0000d70000002580000033000100530075007000650072004400650073006b0074006f007000200063006f006d00
dwData=1 cbData=1484 bytes=2334753402000000bc03000018130c006b1b0000d70000002580000033000100530075007000650072004400650073006b0074006f007000200063006f006d00
dwData=1 cbData=1484 bytes=2334753402000000bc03000018130c006c1b0000d70000002580000033000100530075007000650072004400650073006b0074006f007000200063006f006d00
terminal=NotifyIconCompatibilityTerminal { correlation_id: "native:7616:68", host_generation: 1787223132051, icon_generation: None, terminal: InvalidRequest, message: "notify-icon-owner-or-identity-invalid" }
terminal=NotifyIconCompatibilityTerminal { correlation_id: "native:46916:68", host_generation: 1787223132051, icon_generation: None, terminal: InvalidRequest, message: "notify-icon-owner-or-identity-invalid" }
terminal=NotifyIconCompatibilityTerminal { correlation_id: "native:46916:68", host_generation: 1787223132051, icon_generation: None, terminal: InvalidRequest, message: "notify-icon-owner-or-identity-invalid" }
terminal=NotifyIconCompatibilityTerminal { correlation_id: "native:46916:68", host_generation: 1787223132051, icon_generation: None, terminal: InvalidRequest, message: "notify-icon-owner-or-identity-invalid" }
terminal=NotifyIconCompatibilityTerminal { correlation_id: "native:46916:68", host_generation: 1787223132051, icon_generation: None, terminal: InvalidRequest, message: "notify-icon-owner-or-identity-invalid" }
terminal=NotifyIconCompatibilityTerminal { correlation_id: "native:46916:68", host_generation: 1787223132051, icon_generation: None, terminal: InvalidRequest, message: "notify-icon-owner-or-identity-invalid" }
terminal=NotifyIconCompatibilityTerminal { correlation_id: "native:46916:68", host_generation: 1787223132051, icon_generation: None, terminal: InvalidRequest, message: "notify-icon-owner-or-identity-invalid" }
terminal=NotifyIconCompatibilityTerminal { correlation_id: "native:46916:68", host_generation: 1787223132051, icon_generation: None, terminal: InvalidRequest, message: "notify-icon-owner-or-identity-invalid" }
terminal=NotifyIconCompatibilityTerminal { correlation_id: "native:46916:68", host_generation: 1787223132051, icon_generation: None, terminal: InvalidRequest, message: "notify-icon-owner-or-identity-invalid" }
terminal=NotifyIconCompatibilityTerminal { correlation_id: "native:46916:68", host_generation: 1787223132051, icon_generation: None, terminal: InvalidRequest, message: "notify-icon-owner-or-identity-invalid" }
terminal=NotifyIconCompatibilityTerminal { correlation_id: "native:46916:68", host_generation: 1787223132051, icon_generation: None, terminal: InvalidRequest, message: "notify-icon-owner-or-identity-invalid" }
terminal=NotifyIconCompatibilityTerminal { correlation_id: "native:46916:68", host_generation: 1787223132051, icon_generation: None, terminal: InvalidRequest, message: "notify-icon-owner-or-identity-invalid" }
terminal=NotifyIconCompatibilityTerminal { correlation_id: "native:46916:68", host_generation: 1787223132051, icon_generation: None, terminal: InvalidRequest, message: "notify-icon-owner-or-identity-invalid" }
terminal=NotifyIconCompatibilityTerminal { correlation_id: "native:46916:68", host_generation: 1787223132051, icon_generation: None, terminal: InvalidRequest, message: "notify-icon-owner-or-identity-invalid" }
terminal=NotifyIconCompatibilityTerminal { correlation_id: "native:46916:68", host_generation: 1787223132051, icon_generation: None, terminal: InvalidRequest, message: "notify-icon-owner-or-identity-invalid" }
terminal=NotifyIconCompatibilityTerminal { correlation_id: "native:46916:68", host_generation: 1787223132051, icon_generation: None, terminal: InvalidRequest, message: "notify-icon-owner-or-identity-invalid" }
terminal=NotifyIconCompatibilityTerminal { correlation_id: "native:46916:68", host_generation: 1787223132051, icon_generation: None, terminal: InvalidRequest, message: "notify-icon-owner-or-identity-invalid" }
terminal=NotifyIconCompatibilityTerminal { correlation_id: "native:46916:68", host_generation: 1787223132051, icon_generation: None, terminal: InvalidRequest, message: "notify-icon-owner-or-identity-invalid" }
terminal=NotifyIconCompatibilityTerminal { correlation_id: "native:46916:68", host_generation: 1787223132051, icon_generation: None, terminal: InvalidRequest, message: "notify-icon-owner-or-identity-invalid" }
terminal=NotifyIconCompatibilityTerminal { correlation_id: "native:46916:68", host_generation: 1787223132051, icon_generation: None, terminal: InvalidRequest, message: "notify-icon-owner-or-identity-invalid" }
terminal=NotifyIconCompatibilityTerminal { correlation_id: "native:46916:68", host_generation: 1787223132051, icon_generation: None, terminal: InvalidRequest, message: "notify-icon-owner-or-identity-invalid" }
terminal=NotifyIconCompatibilityTerminal { correlation_id: "native:46916:68", host_generation: 1787223132051, icon_generation: None, terminal: InvalidRequest, message: "notify-icon-owner-or-identity-invalid" }
snapshot-icons=12
dwData=1 cbData=1484 bytes=2334753401000000bc03000060010100000000000500000065000000dd12a002430070007500200030000a0054006300630064002000230030003a0020003400
terminal=NotifyIconCompatibilityTerminal { correlation_id: "native:7616:68", host_generation: 1787223132051, icon_generation: None, terminal: InvalidRequest, message: "notify-icon-owner-or-identity-invalid" }
snapshot-icons=12
snapshot-icons=12
dwData=1 cbData=1484 bytes=2334753401000000bc03000060010100000000000300000065000000a50f0906430070007500200030000a0054006300630064002000230030003a0020003400
dwData=1 cbData=1484 bytes=2334753401000000bc03000060010100000000000500000065000000a50f0906430070007500200030000a0054006300630064002000230030003a0020003400
terminal=NotifyIconCompatibilityTerminal { correlation_id: "native:7616:68", host_generation: 1787223132051, icon_generation: None, terminal: InvalidRequest, message: "notify-icon-owner-or-identity-invalid" }
snapshot-icons=12
snapshot-icons=12
dwData=1 cbData=1484 bytes=2334753401000000bc03000060010100000000000300000065000000e50eac04430070007500200030000a0054006300630064002000230030003a0020003400
dwData=1 cbData=1484 bytes=2334753401000000bc03000060010100000000000500000065000000e50eac04430070007500200030000a0054006300630064002000230030003a0020003400
dwData=1 cbData=1484 bytes=2334753400000000bc030000ea020800020000000700000072170000a3010e0052007500730074004400650073006b0020002d002000315cd27d0a0031002000
dwData=1 cbData=1484 bytes=2334753402000000bc03000050090100030000000000000000000000000000000000000000000000000000000000000000000000000000000000000000000000
dwData=1 cbData=1484 bytes=2334753400000000bc030000bc06020001000000070000000008000011073800540069006d00650053006e006100700070006500720020002800410063007400
dwData=1 cbData=1484 bytes=2334753402000000bc03000092071600030000002000000000000000000000000000000000000000000000000000000000000000000000000000000000000000
dwData=1 cbData=1484 bytes=2334753400000000bc030000d2020300000000000700000000140000e9028c00450076006500720079007400680069006e006700000000000000000000000000
dwData=1 cbData=1484 bytes=2334753402000000bc030000e8020600010000000700000001040000000000000000000000000000000000000000000000000000000000000000000000000000
dwData=1 cbData=1484 bytes=2334753402000000bc030000a8090100010000000700000000080000e10902004d006100610041007300730069007300740061006e007400410072006b006e00
dwData=1 cbData=1484 bytes=2334753400000000bc030000f20305000100000087000000018000008d047b004d0075004d00750050006c006100790065007200000000000000000000000000
dwData=1 cbData=1484 bytes=2334753402000000bc030000e80a0a00030000002000000000000000000000000000000000000000000000000000000000000000000000000000000000000000
dwData=1 cbData=1484 bytes=2334753402000000bc0300009407080001000000a700000003040000ab091a0a4d006900630072006f0073006f00660074002000330036003500200043006f00
dwData=1 cbData=1484 bytes=2334753402000000bc030000ae0302008200000000000000640400003304060044006900740074006f0000000000000000000000000000000000000000000000
dwData=1 cbData=1484 bytes=2334753401000000bc030000e205030064000000ae000000000000006b0ecb35570069006e0064006f00770073002000895b6851276020002d002000fa5e708b
dwData=1 cbData=1484 bytes=2334753400000000bc03000050090100030000000300000001800000550901000000000000000000000000000000000000000000000000000000000000000000
dwData=1 cbData=1484 bytes=2334753402000000bc0300003a080800070000000000000000000000000000000000000000000000000000000000000000000000000000000000000000000000
dwData=1 cbData=1484 bytes=2334753401000000bc03000060010100000000000700000065000000fd0e5f03430070007500200030000a0054006300630064002000230030003a0020003500
dwData=1 cbData=1484 bytes=2334753400000000bc03000092071600030000002300000001800000bb0602000000000000000000000000000000000000000000000000000000000000000000
dwData=1 cbData=1484 bytes=2334753400000000bc030000c4107e00000000008f00000065800000a0110600b06548722c670b4e7d8f2d4e20003500370032002e00390031004d0042002f00
dwData=1 cbData=1484 bytes=2334753400000000bc030000a8090100010000000700000000080000e10902004d006100610041007300730069007300740061006e007400410072006b006e00
dwData=1 cbData=1484 bytes=2334753400000000bc030000e80a0a000300000027000000018000008a0b26004300680061007400470050005400000000000000000000000000000000000000
dwData=1 cbData=1484 bytes=2334753400000000bc0300009407080001000000a700000003040000ab091a0a4d006900630072006f0073006f00660074002000330036003500200043006f00
dwData=1 cbData=1484 bytes=2334753400000000bc030000ae0302008200000007000000640400003304060044006900740074006f0000000000000000000000000000000000000000000000
dwData=1 cbData=1484 bytes=2334753400000000bc0300003a0808000700000003000000018000003f090e000000000000000000000000000000000000000000000000000000000000000000
dwData=1 cbData=1484 bytes=2334753404000000bc030000c4107e00000000008f00000065800000a0110600b06548722c670b4e7d8f2d4e20003500370032002e00390031004d0042002f00
dwData=1 cbData=1484 bytes=2334753404000000bc0300009407080001000000a700000003040000ab091a0a4d006900630072006f0073006f00660074002000330036003500200043006f00
dwData=1 cbData=1484 bytes=2334753401000000bc0300006001010000000000070000006500000045104644430070007500200030000a0054006300630064002000230030003a0020003500
terminal=NotifyIconCompatibilityTerminal { correlation_id: "native:18828:2", host_generation: 1787223201692, icon_generation: Some(1), terminal: Applied, message: "" }
terminal=NotifyIconCompatibilityTerminal { correlation_id: "native:27612:2", host_generation: 1787223201692, icon_generation: Some(3), terminal: NoChange, message: "" }
terminal=NotifyIconCompatibilityTerminal { correlation_id: "native:33372:4", host_generation: 1787223201692, icon_generation: Some(3), terminal: Applied, message: "" }
terminal=NotifyIconCompatibilityTerminal { correlation_id: "native:23428:4", host_generation: 1787223201692, icon_generation: Some(5), terminal: NoChange, message: "" }
terminal=NotifyIconCompatibilityTerminal { correlation_id: "native:18180:4", host_generation: 1787223201692, icon_generation: None, terminal: InvalidRequest, message: "notify-icon-owner-or-identity-invalid" }
terminal=NotifyIconCompatibilityTerminal { correlation_id: "native:14740:4", host_generation: 1787223201692, icon_generation: Some(5), terminal: NoChange, message: "" }
terminal=NotifyIconCompatibilityTerminal { correlation_id: "native:31292:4", host_generation: 1787223201692, icon_generation: Some(5), terminal: NoChange, message: "" }
terminal=NotifyIconCompatibilityTerminal { correlation_id: "native:21628:6", host_generation: 1787223201692, icon_generation: Some(5), terminal: Applied, message: "" }
terminal=NotifyIconCompatibilityTerminal { correlation_id: "native:31492:6", host_generation: 1787223201692, icon_generation: Some(7), terminal: NoChange, message: "" }dwData=
1 cbData=1484 bytes=2334753401000000bc0300006001010000000000070000006500000045104744430070007500200030000a0054006300630064002000230030003a0020003500
terminal=NotifyIconCompatibilityTerminal { correlation_id: "native:39188:6", host_generation: 1787223201692, icon_generation: Some(7), terminal: NoChange, message: "" }
terminal=NotifyIconCompatibilityTerminal { correlation_id: "native:21196:6", host_generation: 1787223201692, icon_generation: Some(7), terminal: NoChange, message: "" }
terminal=NotifyIconCompatibilityTerminal { correlation_id: "native:17868:6", host_generation: 1787223201692, icon_generation: None, terminal: InvalidRequest, message: "notify-icon-owned-invalid" }
terminal=NotifyIconCompatibilityTerminal { correlation_id: "native:27612:8", host_generation: 1787223201692, icon_generation: Some(7), terminal: Applied, message: "" }
terminal=NotifyIconCompatibilityTerminal { correlation_id: "native:30136:8", host_generation: 1787223201692, icon_generation: Some(9), terminal: NoChange, message: "" }
terminal=NotifyIconCompatibilityTerminal { correlation_id: "native:7616:8", host_generation: 1787223201692, icon_generation: None, terminal: InvalidRequest, message: "notify-icon-owner-or-identity-invalid" }
terminal=NotifyIconCompatibilityTerminal { correlation_id: "native:23428:10", host_generation: 1787223201692, icon_generation: Some(9), terminal: Applied, message: "" }
terminal=NotifyIconCompatibilityTerminal { correlation_id: "native:15400:10", host_generation: 1787223201692, icon_generation: None, terminal: InvalidRequest, message: "notify-icon-owner-or-identity-invalid" }
terminal=NotifyIconCompatibilityTerminal { correlation_id: "native:31292:12", host_generation: 1787223201692, icon_generation: Some(11), terminal: Applied, message: "" }
terminal=NotifyIconCompatibilityTerminal { correlation_id: "native:31492:14", host_generation: 1787223201692, icon_generation: Some(13), terminal: Applied, message: "" }
terminal=NotifyIconCompatibilityTerminal { correlation_id: "native:39188:16", host_generation: 1787223201692, icon_generation: Some(15), terminal: Applied, message: "" }
terminal=NotifyIconCompatibilityTerminal { correlation_id: "native:21196:18", host_generation: 1787223201692, icon_generation: Some(17), terminal: Applied, message: "" }
terminal=NotifyIconCompatibilityTerminal { correlation_id: "native:30136:20", host_generation: 1787223201692, icon_generation: Some(19), terminal: Applied, message: "" }
terminal=NotifyIconCompatibilityTerminal { correlation_id: "native:15400:20", host_generation: 1787223201692, icon_generation: None, terminal: InvalidRequest, message: "notify-icon-owner-or-identity-invalid" }
terminal=NotifyIconCompatibilityTerminal { correlation_id: "native:39188:20", host_generation: 1787223201692, icon_generation: Some(21), terminal: Applied, message: "" }
dwData=1 cbData=1484 bytes=2334753402000000bc0300006001010000000000070000006500000045104744430070007500200030000a0054006300630064002000230030003a0020003500
dwData=1 cbData=1484 bytes=2334753400000000bc030000600101001b00000007000000650000004510484443006f00720065002000540065006d0070002000760065007200730069006f00
dwData=1 cbData=1484 bytes=2334753401000000bc030000600101001b00000002000000650000009d02010043006f00720065002000540065006d0070002000760065007200730069006f00
dwData=1 cbData=1484 bytes=2334753401000000bc030000600101001b00000002000000650000009d02010043006f00720065002000540065006d0070002000760065007200730069006f00
dwData=1 cbData=1484 bytes=2334753400000000bc0300006001010000000000070000006500000045104c44430070007500200030000a0054006300630064002000230030003a0020003500
dwData=1 cbData=1484 bytes=2334753402000000bc030000600101001b00000002000000650000009d02010043006f00720065002000540065006d0070002000760065007200730069006f00
snapshot-icons=10
dwData=1 cbData=1484 bytes=2334753400000000bc0300001403080001000000870000005480000035070a0e45007000690063002000470061006d006500730020005f55d552685600000000
dwData=1 cbData=1484 bytes=2334753401000000bc030000600101000000000003000000650000003905440a430070007500200030000a0054006300630064002000230030003a0020003500
dwData=1 cbData=1484 bytes=2334753401000000bc030000600101000000000005000000650000003905440a430070007500200030000a0054006300630064002000230030003a0020003400
terminal=NotifyIconCompatibilityTerminal { correlation_id: "native:7616:20", host_generation: 1787223201692, icon_generation: None, terminal: InvalidRequest, message: "notify-icon-owner-or-identity-invalid" }
terminal=NotifyIconCompatibilityTerminal { correlation_id: "native:7616:20", host_generation: 1787223201692, icon_generation: None, terminal: InvalidRequest, message: "notify-icon-owner-or-identity-invalid" }
terminal=NotifyIconCompatibilityTerminal { correlation_id: "native:7616:20", host_generation: 1787223201692, icon_generation: None, terminal: InvalidRequest, message: "notify-icon-copy-failed" }
terminal=NotifyIconCompatibilityTerminal { correlation_id: "native:7616:20", host_generation: 1787223201692, icon_generation: Some(21), terminal: NoChange, message: "" }
terminal=NotifyIconCompatibilityTerminal { correlation_id: "native:7616:20", host_generation: 1787223201692, icon_generation: None, terminal: InvalidRequest, message: "notify-icon-owner-or-identity-invalid" }
terminal=NotifyIconCompatibilityTerminal { correlation_id: "native:7616:20", host_generation: 1787223201692, icon_generation: Some(21), terminal: NoChange, message: "" }
terminal=NotifyIconCompatibilityTerminal { correlation_id: "native:20784:22", host_generation: 1787223201692, icon_generation: Some(21), terminal: Applied, message: "" }
snapshot-icons=11
dwData=1 cbData=1484 bytes=2334753400000000bc03000068121100591b0000d70000002580000033000100530075007000650072004400650073006b0074006f007000200063006f006d00
dwData=1 cbData=1484 bytes=2334753404000000bc03000068121100591b0000d70000002580000033000100530075007000650072004400650073006b0074006f007000200063006f006d00
dwData=1 cbData=1484 bytes=2334753400000000bc030000681211005a1b0000d70000002580000033000100530075007000650072004400650073006b0074006f007000200063006f006d00
dwData=1 cbData=1484 bytes=2334753404000000bc030000681211005a1b0000d70000002580000033000100530075007000650072004400650073006b0074006f007000200063006f006d00
dwData=1 cbData=1484 bytes=2334753400000000bc030000681211005b1b0000d70000002580000033000100530075007000650072004400650073006b0074006f007000200063006f006d00
dwData=1 cbData=1484 bytes=2334753404000000bc030000681211005b1b0000d70000002580000033000100530075007000650072004400650073006b0074006f007000200063006f006d00
dwData=1 cbData=1484 bytes=2334753400000000bc030000681211005c1b0000d70000002580000033000100530075007000650072004400650073006b0074006f007000200063006f006d00
dwData=1 cbData=1484 bytes=2334753404000000bc030000681211005c1b0000d70000002580000033000100530075007000650072004400650073006b0074006f007000200063006f006d00
dwData=1 cbData=1484 bytes=2334753404000000bc03000014030800010000000000000000000000000000000000000000000000000000000000000000000000000000000000000000000000
dwData=1 cbData=1484 bytes=2334753400000000bc030000681211005d1b0000d70000002580000033000100530075007000650072004400650073006b0074006f007000200063006f006d00
dwData=1 cbData=1484 bytes=2334753404000000bc030000681211005d1b0000d70000002580000033000100530075007000650072004400650073006b0074006f007000200063006f006d00
dwData=1 cbData=1484 bytes=2334753400000000bc030000681211005e1b0000d70000002580000033000100530075007000650072004400650073006b0074006f007000200063006f006d00
dwData=1 cbData=1484 bytes=2334753404000000bc030000681211005e1b0000d70000002580000033000100530075007000650072004400650073006b0074006f007000200063006f006d00
dwData=1 cbData=1484 bytes=2334753400000000bc030000681211005f1b0000d70000002580000033000100530075007000650072004400650073006b0074006f007000200063006f006d00
dwData=1 cbData=1484 bytes=2334753404000000bc030000681211005f1b0000d70000002580000033000100530075007000650072004400650073006b0074006f007000200063006f006d00
dwData=1 cbData=1484 bytes=2334753401000000bc030000600101000000000003000000650000000f0fb027430070007500200030000a0054006300630064002000230030003a0020003400
dwData=1 cbData=1484 bytes=2334753401000000bc030000600101000000000005000000650000000f0fb027430070007500200030000a0054006300630064002000230030003a0020003400
dwData=1 cbData=1484 bytes=2334753400000000bc03000068121100601b0000d70000002580000033000100530075007000650072004400650073006b0074006f007000200063006f006d00
dwData=1 cbData=1484 bytes=2334753404000000bc03000068121100601b0000d70000002580000033000100530075007000650072004400650073006b0074006f007000200063006f006d00
dwData=1 cbData=1484 bytes=2334753400000000bc03000068121100611b0000d70000002580000033000100530075007000650072004400650073006b0074006f007000200063006f006d00
dwData=1 cbData=1484 bytes=2334753404000000bc03000068121100611b0000d70000002580000033000100530075007000650072004400650073006b0074006f007000200063006f006d00
terminal=NotifyIconCompatibilityTerminal { correlation_id: "native:48648:25", host_generation: 1787223201692, icon_generation: Some(23), terminal: Applied, message: "" }
terminal=NotifyIconCompatibilityTerminal { correlation_id: "native:48648:25", host_generation: 1787223201692, icon_generation: Some(26), terminal: Applied, message: "" }
terminal=NotifyIconCompatibilityTerminal { correlation_id: "native:48648:27", host_generation: 1787223201692, icon_generation: Some(26), terminal: Applied, message: "" }
terminal=NotifyIconCompatibilityTerminal { correlation_id: "native:48648:27", host_generation: 1787223201692, icon_generation: Some(28), terminal: Applied, message: "" }
terminal=NotifyIconCompatibilityTerminal { correlation_id: "native:48648:29", host_generation: 1787223201692, icon_generation: Some(28), terminal: Applied, message: "" }
terminal=NotifyIconCompatibilityTerminal { correlation_id: "native:48648:29", host_generation: 1787223201692, icon_generation: Some(30), terminal: Applied, message: "" }
terminal=NotifyIconCompatibilityTerminal { correlation_id: "native:48648:31", host_generation: 1787223201692, icon_generation: Some(30), terminal: Applied, message: "" }
terminal=NotifyIconCompatibilityTerminal { correlation_id: "native:48648:31", host_generation: 1787223201692, icon_generation: Some(32), terminal: Applied, message: "" }
terminal=NotifyIconCompatibilityTerminal { correlation_id: "native:20784:31", host_generation: 1787223201692, icon_generation: Some(32), terminal: Applied, message: "" }
terminal=NotifyIconCompatibilityTerminal { correlation_id: "native:48648:33", host_generation: 1787223201692, icon_generation: Some(32), terminal: Applied, message: "" }
terminal=NotifyIconCompatibilityTerminal { correlation_id: "native:48648:33", host_generation: 1787223201692, icon_generation: Some(34), terminal: Applied, message: "" }
terminal=NotifyIconCompatibilityTerminal { correlation_id: "native:48648:35", host_generation: 1787223201692, icon_generation: Some(34), terminal: Applied, message: "" }
terminal=NotifyIconCompatibilityTerminal { correlation_id: "native:48648:35", host_generation: 1787223201692, icon_generation: Some(36), terminal: Applied, message: "" }
terminal=NotifyIconCompatibilityTerminal { correlation_id: "native:48648:37", host_generation: 1787223201692, icon_generation: Some(36), terminal: Applied, message: "" }
terminal=NotifyIconCompatibilityTerminal { correlation_id: "native:48648:37", host_generation: 1787223201692, icon_generation: Some(38), terminal: Applied, message: "" }
terminal=NotifyIconCompatibilityTerminal { correlation_id: "native:7616:37", host_generation: 1787223201692, icon_generation: None, terminal: InvalidRequest, message: "notify-icon-owner-or-identity-invalid" }
terminal=NotifyIconCompatibilityTerminal { correlation_id: "native:48648:39", host_generation: 1787223201692, icon_generation: Some(38), terminal: Applied, message: "" }
terminal=NotifyIconCompatibilityTerminal { correlation_id: "native:48648:39", host_generation: 1787223201692, icon_generation: Some(40), terminal: Applied, message: "" }
terminal=NotifyIconCompatibilityTerminal { correlation_id: "native:48648:41", host_generation: 1787223201692, icon_generation: Some(40), terminal: Applied, message: "" }
terminal=NotifyIconCompatibilityTerminal { correlation_id: "native:48648:41", host_generation: 1787223201692, icon_generation: Some(42), terminal: Applied, message: "" }
snapshot-icons=20
dwData=1 cbData=1484 bytes=2334753400000000bc03000068121100621b0000d70000002580000033000100530075007000650072004400650073006b0074006f007000200063006f006d00
dwData=1 cbData=1484 bytes=2334753404000000bc03000068121100621b0000d70000002580000033000100530075007000650072004400650073006b0074006f007000200063006f006d00
dwData=1 cbData=1484 bytes=2334753400000000bc03000068121100631b0000d70000002580000033000100530075007000650072004400650073006b0074006f007000200063006f006d00
dwData=1 cbData=1484 bytes=2334753404000000bc03000068121100631b0000d70000002580000033000100530075007000650072004400650073006b0074006f007000200063006f006d00
dwData=1 cbData=1484 bytes=2334753400000000bc03000068121100641b0000d70000002580000033000100530075007000650072004400650073006b0074006f007000200063006f006d00
dwData=1 cbData=1484 bytes=2334753404000000bc03000068121100641b0000d70000002580000033000100530075007000650072004400650073006b0074006f007000200063006f006d00
dwData=1 cbData=1484 bytes=2334753400000000bc03000068121100651b0000d70000002580000033000100530075007000650072004400650073006b0074006f007000200063006f006d00
dwData=1 cbData=1484 bytes=2334753404000000bc03000068121100651b0000d70000002580000033000100530075007000650072004400650073006b0074006f007000200063006f006d00
dwData=1 cbData=1484 bytes=2334753400000000bc03000068121100661b0000d70000002580000033000100530075007000650072004400650073006b0074006f007000200063006f006d00
dwData=1 cbData=1484 bytes=2334753404000000bc03000068121100661b0000d70000002580000033000100530075007000650072004400650073006b0074006f007000200063006f006d00
dwData=1 cbData=1484 bytes=2334753400000000bc03000068121100671b0000d70000002580000033000100530075007000650072004400650073006b0074006f007000200063006f006d00
dwData=1 cbData=1484 bytes=2334753404000000bc03000068121100671b0000d70000002580000033000100530075007000650072004400650073006b0074006f007000200063006f006d00
dwData=1 cbData=1484 bytes=2334753400000000bc03000068121100681b0000d70000002580000033000100530075007000650072004400650073006b0074006f007000200063006f006d00
dwData=1 cbData=1484 bytes=2334753404000000bc03000068121100681b0000d70000002580000033000100530075007000650072004400650073006b0074006f007000200063006f006d00
terminal=NotifyIconCompatibilityTerminal { correlation_id: "native:48648:43", host_generation: 1787223201692, icon_generation: Some(42), terminal: Applied, message: "" }
terminal=NotifyIconCompatibilityTerminal { correlation_id: "native:48648:43", host_generation: 1787223201692, icon_generation: Some(44), terminal: Applied, message: "" }
terminal=NotifyIconCompatibilityTerminal { correlation_id: "native:48648:45", host_generation: 1787223201692, icon_generation: Some(44), terminal: Applied, message: "" }
terminal=NotifyIconCompatibilityTerminal { correlation_id: "native:48648:45", host_generation: 1787223201692, icon_generation: Some(46), terminal: Applied, message: "" }
terminal=NotifyIconCompatibilityTerminal { correlation_id: "native:48648:47", host_generation: 1787223201692, icon_generation: Some(46), terminal: Applied, message: "" }
terminal=NotifyIconCompatibilityTerminal { correlation_id: "native:48648:47", host_generation: 1787223201692, icon_generation: Some(48), terminal: Applied, message: "" }
terminal=NotifyIconCompatibilityTerminal { correlation_id: "native:48648:49", host_generation: 1787223201692, icon_generation: Some(48), terminal: Applied, message: "" }
terminal=NotifyIconCompatibilityTerminal { correlation_id: "native:48648:49", host_generation: 1787223201692, icon_generation: Some(50), terminal: Applied, message: "" }
terminal=NotifyIconCompatibilityTerminal { correlation_id: "native:48648:51", host_generation: 1787223201692, icon_generation: Some(50), terminal: Applied, message: "" }
terminal=NotifyIconCompatibilityTerminal { correlation_id: "native:48648:51", host_generation: 1787223201692, icon_generation: Some(52), terminal: Applied, message: "" }
terminal=NotifyIconCompatibilityTerminal { correlation_id: "native:48648:53", host_generation: 1787223201692, icon_generation: Some(52), terminal: Applied, message: "" }
terminal=NotifyIconCompatibilityTerminal { correlation_id: "native:48648:53", host_generation: 1787223201692, icon_generation: Some(54), terminal: Applied, message: "" }
terminal=NotifyIconCompatibilityTerminal { correlation_id: "native:48648:55", host_generation: 1787223201692, icon_generation: Some(54), terminal: Applied, message: "" }
terminal=NotifyIconCompatibilityTerminal { correlation_id: "native:48648:55", host_generation: 1787223201692, icon_generation: Some(56), terminal: Applied, message: "" }
snapshot-icons=27
dwData=1 cbData=1484 bytes=2334753400000000bc03000068121100691b0000d70000002580000033000100530075007000650072004400650073006b0074006f007000200063006f006d00
dwData=1 cbData=1484 bytes=2334753404000000bc03000068121100691b0000d70000002580000033000100530075007000650072004400650073006b0074006f007000200063006f006d00
dwData=1 cbData=1484 bytes=2334753400000000bc030000681211006a1b0000d70000002580000033000100530075007000650072004400650073006b0074006f007000200063006f006d00
dwData=1 cbData=1484 bytes=2334753404000000bc030000681211006a1b0000d70000002580000033000100530075007000650072004400650073006b0074006f007000200063006f006d00
dwData=1 cbData=1484 bytes=2334753400000000bc030000681211006b1b0000d70000002580000033000100530075007000650072004400650073006b0074006f007000200063006f006d00
dwData=1 cbData=1484 bytes=2334753404000000bc030000681211006b1b0000d70000002580000033000100530075007000650072004400650073006b0074006f007000200063006f006d00
dwData=1 cbData=1484 bytes=2334753401000000bc03000060010100000000000300000065000000030fec04430070007500200030000a0054006300630064002000230030003a0020003400
dwData=1 cbData=1484 bytes=2334753401000000bc03000060010100000000000500000065000000030fec04430070007500200030000a0054006300630064002000230030003a0020003400
dwData=1 cbData=1484 bytes=2334753400000000bc030000681211006c1b0000d70000002580000033000100530075007000650072004400650073006b0074006f007000200063006f006d00
dwData=1 cbData=1484 bytes=2334753404000000bc030000681211006c1b0000d70000002580000033000100530075007000650072004400650073006b0074006f007000200063006f006d00
dwData=1 cbData=1484 bytes=2334753400000000bc030000e80206000100000007000000010400002f090a0053007400650061006d0000000000000000000000000000000000000000000000
dwData=1 cbData=1484 bytes=2334753401000000bc03000068121100591b0000d70000002580000033000100530075007000650072004400650073006b0074006f007000200063006f006d00
terminal=NotifyIconCompatibilityTerminal { correlation_id: "native:48648:57", host_generation: 1787223201692, icon_generation: Some(56), terminal: Applied, message: "" }
terminal=NotifyIconCompatibilityTerminal { correlation_id: "native:48648:57", host_generation: 1787223201692, icon_generation: Some(58), terminal: Applied, message: "" }
terminal=NotifyIconCompatibilityTerminal { correlation_id: "native:48648:59", host_generation: 1787223201692, icon_generation: Some(58), terminal: Applied, message: "" }
terminal=NotifyIconCompatibilityTerminal { correlation_id: "native:48648:59", host_generation: 1787223201692, icon_generation: Some(60), terminal: Applied, message: "" }
terminal=NotifyIconCompatibilityTerminal { correlation_id: "native:48648:61", host_generation: 1787223201692, icon_generation: Some(60), terminal: Applied, message: "" }
terminal=NotifyIconCompatibilityTerminal { correlation_id: "native:48648:61", host_generation: 1787223201692, icon_generation: Some(62), terminal: Applied, message: "" }
terminal=NotifyIconCompatibilityTerminal { correlation_id: "native:7616:61", host_generation: 1787223201692, icon_generation: None, terminal: InvalidRequest, message: "notify-icon-owner-or-identity-invalid" }
terminal=NotifyIconCompatibilityTerminal { correlation_id: "native:48648:63", host_generation: 1787223201692, icon_generation: Some(62), terminal: Applied, message: "" }
terminal=NotifyIconCompatibilityTerminal { correlation_id: "native:48648:63", host_generation: 1787223201692, icon_generation: Some(64), terminal: Applied, message: "" }
terminal=NotifyIconCompatibilityTerminal { correlation_id: "native:14740:65", host_generation: 1787223201692, icon_generation: Some(64), terminal: Applied, message: "" }
terminal=NotifyIconCompatibilityTerminal { correlation_id: "native:48648:67", host_generation: 1787223201692, icon_generation: Some(66), terminal: Applied, message: "" }
snapshot-icons=32
snapshot-icons=32
dwData=1 cbData=1484 bytes=2334753401000000bc0300006001010000000000030000006500000071107d03430070007500200030000a0054006300630064002000230030003a0020003400
dwData=1 cbData=1484 bytes=2334753401000000bc0300006001010000000000050000006500000071107d03430070007500200030000a0054006300630064002000230030003a0020003400
terminal=NotifyIconCompatibilityTerminal { correlation_id: "native:7616:67", host_generation: 1787223201692, icon_generation: None, terminal: InvalidRequest, message: "notify-icon-owner-or-identity-invalid" }
snapshot-icons=32
dwData=1 cbData=1484 bytes=2334753401000000bc03000060010100000000000300000065000000030fcb05430070007500200030000a0054006300630064002000230030003a0020003400
dwData=1 cbData=1484 bytes=2334753401000000bc03000060010100000000000500000065000000030fcb05430070007500200030000a0054006300630064002000230030003a0020003500
terminal=NotifyIconCompatibilityTerminal { correlation_id: "native:7616:67", host_generation: 1787223201692, icon_generation: None, terminal: InvalidRequest, message: "notify-icon-owner-or-identity-invalid" }
snapshot-icons=32
snapshot-icons=32
dwData=1 cbData=1484 bytes=2334753401000000bc030000600101000000000003000000650000003b0c5e09430070007500200030000a0054006300630064002000230030003a0020003500
dwData=1 cbData=1484 bytes=2334753401000000bc030000600101000000000005000000650000003b0c5e09430070007500200030000a0054006300630064002000230030003a0020003400
terminal=NotifyIconCompatibilityTerminal { correlation_id: "native:7616:67", host_generation: 1787223201692, icon_generation: None, terminal: InvalidRequest, message: "notify-icon-owner-or-identity-invalid" }
snapshot-icons=32
snapshot-icons=32
dwData=1 cbData=1484 bytes=2334753401000000bc030000600101000000000005000000650000003b0c5e09430070007500200030000a0054006300630064002000230030003a0020003400
terminal=NotifyIconCompatibilityTerminal { correlation_id: "native:7616:67", host_generation: 1787223201692, icon_generation: None, terminal: InvalidRequest, message: "notify-icon-owner-or-identity-invalid" }
snapshot-icons=32
dwData=1 cbData=1484 bytes=2334753401000000bc030000600101000000000005000000650000003b0c5e09430070007500200030000a0054006300630064002000230030003a0020003400
terminal=NotifyIconCompatibilityTerminal { correlation_id: "native:7616:67", host_generation: 1787223201692, icon_generation: None, terminal: InvalidRequest, message: "notify-icon-owner-or-identity-invalid" }
snapshot-icons=32
snapshot-icons=32
dwData=1 cbData=1484 bytes=2334753401000000bc0300006001010000000000030000006500000069117903430070007500200030000a0054006300630064002000230030003a0020003400
dwData=1 cbData=1484 bytes=2334753401000000bc0300006001010000000000050000006500000069117903430070007500200030000a0054006300630064002000230030003a0020003400
terminal=NotifyIconCompatibilityTerminal { correlation_id: "native:7616:67", host_generation: 1787223201692, icon_generation: None, terminal: InvalidRequest, message: "notify-icon-owner-or-identity-invalid" }
snapshot-icons=32
snapshot-icons=32
dwData=1 cbData=1484 bytes=2334753401000000bc0300006001010000000000050000006500000069117903430070007500200030000a0054006300630064002000230030003a0020003400
terminal=NotifyIconCompatibilityTerminal { correlation_id: "native:7616:67", host_generation: 1787223201692, icon_generation: None, terminal: InvalidRequest, message: "notify-icon-owner-or-identity-invalid" }
snapshot-icons=32
snapshot-icons=32
dwData=1 cbData=1484 bytes=2334753401000000bc0300006001010000000000030000006500000019138102430070007500200030000a0054006300630064002000230030003a0020003400
dwData=1 cbData=1484 bytes=2334753401000000bc0300006001010000000000050000006500000019138102430070007500200030000a0054006300630064002000230030003a0020003400
terminal=NotifyIconCompatibilityTerminal { correlation_id: "native:7616:67", host_generation: 1787223201692, icon_generation: None, terminal: InvalidRequest, message: "notify-icon-owner-or-identity-invalid" }
snapshot-icons=32
dwData=1 cbData=1484 bytes=2334753401000000bc030000600101000000000003000000650000006f10cd0b430070007500200030000a0054006300630064002000230030003a0020003400
dwData=1 cbData=1484 bytes=2334753401000000bc030000600101000000000005000000650000006f10cd0b430070007500200030000a0054006300630064002000230030003a0020003400
terminal=NotifyIconCompatibilityTerminal { correlation_id: "native:7616:67", host_generation: 1787223201692, icon_generation: None, terminal: InvalidRequest, message: "notify-icon-owner-or-identity-invalid" }
snapshot-icons=32
snapshot-icons=32
dwData=1 cbData=1484 bytes=2334753401000000bc030000600101000000000005000000650000006f10cd0b430070007500200030000a0054006300630064002000230030003a0020003400
terminal=NotifyIconCompatibilityTerminal { correlation_id: "native:7616:67", host_generation: 1787223201692, icon_generation: None, terminal: InvalidRequest, message: "notify-icon-owner-or-identity-invalid" }
snapshot-icons=32
snapshot-icons=32
dwData=1 cbData=1484 bytes=2334753401000000bc030000600101000000000005000000650000006f10cd0b430070007500200030000a0054006300630064002000230030003a0020003400
terminal=NotifyIconCompatibilityTerminal { correlation_id: "native:7616:67", host_generation: 1787223201692, icon_generation: None, terminal: InvalidRequest, message: "notify-icon-owner-or-identity-invalid" }
snapshot-icons=32
dwData=1 cbData=1484 bytes=2334753401000000bc030000600101000000000005000000650000006f10cd0b430070007500200030000a0054006300630064002000230030003a0020003400
terminal=NotifyIconCompatibilityTerminal { correlation_id: "native:7616:67", host_generation: 1787223201692, icon_generation: None, terminal: InvalidRequest, message: "notify-icon-owner-or-identity-invalid" }
snapshot-icons=32
snapshot-icons=32
dwData=1 cbData=1484 bytes=2334753401000000bc030000600101000000000005000000650000006f10cd0b430070007500200030000a0054006300630064002000230030003a0020003400
terminal=NotifyIconCompatibilityTerminal { correlation_id: "native:7616:67", host_generation: 1787223201692, icon_generation: None, terminal: InvalidRequest, message: "notify-icon-owner-or-identity-invalid" }
snapshot-icons=32
snapshot-icons=32
dwData=1 cbData=1484 bytes=2334753401000000bc030000600101000000000003000000650000006f109a0c430070007500200030000a0054006300630064002000230030003a0020003400
dwData=1 cbData=1484 bytes=2334753401000000bc030000600101000000000005000000650000006f109a0c430070007500200030000a0054006300630064002000230030003a0020003400
terminal=NotifyIconCompatibilityTerminal { correlation_id: "native:7616:67", host_generation: 1787223201692, icon_generation: None, terminal: InvalidRequest, message: "notify-icon-owner-or-identity-invalid" }
snapshot-icons=32
snapshot-icons=32
dwData=1 cbData=1484 bytes=2334753401000000bc030000600101000000000005000000650000006f109a0c430070007500200030000a0054006300630064002000230030003a0020003400
terminal=NotifyIconCompatibilityTerminal { correlation_id: "native:7616:67", host_generation: 1787223201692, icon_generation: None, terminal: InvalidRequest, message: "notify-icon-owner-or-identity-invalid" }
snapshot-icons=32
dwData=1 cbData=1484 bytes=2334753401000000bc030000600101000000000005000000650000006f109a0c430070007500200030000a0054006300630064002000230030003a0020003400
terminal=NotifyIconCompatibilityTerminal { correlation_id: "native:7616:67", host_generation: 1787223201692, icon_generation: None, terminal: InvalidRequest, message: "notify-icon-owner-or-identity-invalid" }
snapshot-icons=32
snapshot-icons=32
dwData=1 cbData=1484 bytes=2334753401000000bc030000600101000000000005000000650000006f109a0c430070007500200030000a0054006300630064002000230030003a0020003400
terminal=NotifyIconCompatibilityTerminal { correlation_id: "native:7616:67", host_generation: 1787223201692, icon_generation: None, terminal: InvalidRequest, message: "notify-icon-owner-or-identity-invalid" }
snapshot-icons=32
snapshot-icons=32
dwData=1 cbData=1484 bytes=2334753401000000bc030000600101000000000005000000650000006f109a0c430070007500200030000a0054006300630064002000230030003a0020003400
terminal=NotifyIconCompatibilityTerminal { correlation_id: "native:7616:67", host_generation: 1787223201692, icon_generation: None, terminal: InvalidRequest, message: "notify-icon-owner-or-identity-invalid" }
snapshot-icons=32
dwData=1 cbData=1484 bytes=2334753401000000bc03000060010100000000000300000065000000cd116805430070007500200030000a0054006300630064002000230030003a0020003400
dwData=1 cbData=1484 bytes=2334753401000000bc03000060010100000000000500000065000000cd116805430070007500200030000a0054006300630064002000230030003a0020003400
terminal=NotifyIconCompatibilityTerminal { correlation_id: "native:7616:67", host_generation: 1787223201692, icon_generation: None, terminal: InvalidRequest, message: "notify-icon-owner-or-identity-invalid" }
snapshot-icons=32
snapshot-icons=32
dwData=1 cbData=1484 bytes=2334753401000000bc03000060010100000000000500000065000000cd116805430070007500200030000a0054006300630064002000230030003a0020003400
dwData=1 cbData=1484 bytes=2334753403000000bc03000068121100591b0000d70000002580000033000100530075007000650072004400650073006b0074006f007000200063006f006d00
dwData=1 cbData=1484 bytes=2334753402000000bc03000068121100591b0000d70000002580000033000100530075007000650072004400650073006b0074006f007000200063006f006d00
dwData=1 cbData=1484 bytes=2334753402000000bc030000681211005a1b0000d70000002580000033000100530075007000650072004400650073006b0074006f007000200063006f006d00
dwData=1 cbData=1484 bytes=2334753402000000bc030000681211005b1b0000d70000002580000033000100530075007000650072004400650073006b0074006f007000200063006f006d00
dwData=1 cbData=1484 bytes=2334753402000000bc030000681211005c1b0000d70000002580000033000100530075007000650072004400650073006b0074006f007000200063006f006d00
dwData=1 cbData=1484 bytes=2334753402000000bc030000681211005d1b0000d70000002580000033000100530075007000650072004400650073006b0074006f007000200063006f006d00
dwData=1 cbData=1484 bytes=2334753402000000bc030000681211005e1b0000d70000002580000033000100530075007000650072004400650073006b0074006f007000200063006f006d00
dwData=1 cbData=1484 bytes=2334753402000000bc030000681211005f1b0000d70000002580000033000100530075007000650072004400650073006b0074006f007000200063006f006d00
dwData=1 cbData=1484 bytes=2334753402000000bc03000068121100601b0000d70000002580000033000100530075007000650072004400650073006b0074006f007000200063006f006d00
dwData=1 cbData=1484 bytes=2334753402000000bc03000068121100611b0000d70000002580000033000100530075007000650072004400650073006b0074006f007000200063006f006d00
dwData=1 cbData=1484 bytes=2334753402000000bc03000068121100621b0000d70000002580000033000100530075007000650072004400650073006b0074006f007000200063006f006d00
dwData=1 cbData=1484 bytes=2334753402000000bc03000068121100631b0000d70000002580000033000100530075007000650072004400650073006b0074006f007000200063006f006d00
dwData=1 cbData=1484 bytes=2334753402000000bc03000068121100641b0000d70000002580000033000100530075007000650072004400650073006b0074006f007000200063006f006d00
dwData=1 cbData=1484 bytes=2334753402000000bc03000068121100651b0000d70000002580000033000100530075007000650072004400650073006b0074006f007000200063006f006d00
dwData=1 cbData=1484 bytes=2334753402000000bc03000068121100661b0000d70000002580000033000100530075007000650072004400650073006b0074006f007000200063006f006d00
dwData=1 cbData=1484 bytes=2334753402000000bc03000068121100671b0000d70000002580000033000100530075007000650072004400650073006b0074006f007000200063006f006d00
dwData=1 cbData=1484 bytes=2334753402000000bc03000068121100681b0000d70000002580000033000100530075007000650072004400650073006b0074006f007000200063006f006d00
dwData=1 cbData=1484 bytes=2334753402000000bc03000068121100691b0000d70000002580000033000100530075007000650072004400650073006b0074006f007000200063006f006d00
dwData=1 cbData=1484 bytes=2334753402000000bc030000681211006a1b0000d70000002580000033000100530075007000650072004400650073006b0074006f007000200063006f006d00
dwData=1 cbData=1484 bytes=2334753402000000bc030000681211006b1b0000d70000002580000033000100530075007000650072004400650073006b0074006f007000200063006f006d00
dwData=1 cbData=1484 bytes=2334753402000000bc030000681211006c1b0000d70000002580000033000100530075007000650072004400650073006b0074006f007000200063006f006d00
terminal=NotifyIconCompatibilityTerminal { correlation_id: "native:7616:68", host_generation: 1787223201692, icon_generation: None, terminal: InvalidRequest, message: "notify-icon-owner-or-identity-invalid" }
terminal=NotifyIconCompatibilityTerminal { correlation_id: "native:48648:68", host_generation: 1787223201692, icon_generation: None, terminal: InvalidRequest, message: "notify-icon-owner-or-identity-invalid" }
terminal=NotifyIconCompatibilityTerminal { correlation_id: "native:48648:68", host_generation: 1787223201692, icon_generation: None, terminal: InvalidRequest, message: "notify-icon-owner-or-identity-invalid" }
terminal=NotifyIconCompatibilityTerminal { correlation_id: "native:48648:68", host_generation: 1787223201692, icon_generation: None, terminal: InvalidRequest, message: "notify-icon-owner-or-identity-invalid" }
terminal=NotifyIconCompatibilityTerminal { correlation_id: "native:48648:68", host_generation: 1787223201692, icon_generation: None, terminal: InvalidRequest, message: "notify-icon-owner-or-identity-invalid" }
terminal=NotifyIconCompatibilityTerminal { correlation_id: "native:48648:68", host_generation: 1787223201692, icon_generation: None, terminal: InvalidRequest, message: "notify-icon-owner-or-identity-invalid" }
terminal=NotifyIconCompatibilityTerminal { correlation_id: "native:48648:68", host_generation: 1787223201692, icon_generation: None, terminal: InvalidRequest, message: "notify-icon-owner-or-identity-invalid" }
terminal=NotifyIconCompatibilityTerminal { correlation_id: "native:48648:68", host_generation: 1787223201692, icon_generation: None, terminal: InvalidRequest, message: "notify-icon-owner-or-identity-invalid" }
terminal=NotifyIconCompatibilityTerminal { correlation_id: "native:48648:68", host_generation: 1787223201692, icon_generation: None, terminal: InvalidRequest, message: "notify-icon-owner-or-identity-invalid" }
terminal=NotifyIconCompatibilityTerminal { correlation_id: "native:48648:68", host_generation: 1787223201692, icon_generation: None, terminal: InvalidRequest, message: "notify-icon-owner-or-identity-invalid" }
terminal=NotifyIconCompatibilityTerminal { correlation_id: "native:48648:68", host_generation: 1787223201692, icon_generation: None, terminal: InvalidRequest, message: "notify-icon-owner-or-identity-invalid" }
terminal=NotifyIconCompatibilityTerminal { correlation_id: "native:48648:68", host_generation: 1787223201692, icon_generation: None, terminal: InvalidRequest, message: "notify-icon-owner-or-identity-invalid" }
terminal=NotifyIconCompatibilityTerminal { correlation_id: "native:48648:68", host_generation: 1787223201692, icon_generation: None, terminal: InvalidRequest, message: "notify-icon-owner-or-identity-invalid" }
terminal=NotifyIconCompatibilityTerminal { correlation_id: "native:48648:68", host_generation: 1787223201692, icon_generation: None, terminal: InvalidRequest, message: "notify-icon-owner-or-identity-invalid" }
terminal=NotifyIconCompatibilityTerminal { correlation_id: "native:48648:68", host_generation: 1787223201692, icon_generation: None, terminal: InvalidRequest, message: "notify-icon-owner-or-identity-invalid" }
terminal=NotifyIconCompatibilityTerminal { correlation_id: "native:48648:68", host_generation: 1787223201692, icon_generation: None, terminal: InvalidRequest, message: "notify-icon-owner-or-identity-invalid" }
terminal=NotifyIconCompatibilityTerminal { correlation_id: "native:48648:68", host_generation: 1787223201692, icon_generation: None, terminal: InvalidRequest, message: "notify-icon-owner-or-identity-invalid" }
terminal=NotifyIconCompatibilityTerminal { correlation_id: "native:48648:68", host_generation: 1787223201692, icon_generation: None, terminal: InvalidRequest, message: "notify-icon-owner-or-identity-invalid" }
terminal=NotifyIconCompatibilityTerminal { correlation_id: "native:48648:68", host_generation: 1787223201692, icon_generation: None, terminal: InvalidRequest, message: "notify-icon-owner-or-identity-invalid" }
terminal=NotifyIconCompatibilityTerminal { correlation_id: "native:48648:68", host_generation: 1787223201692, icon_generation: None, terminal: InvalidRequest, message: "notify-icon-owner-or-identity-invalid" }
terminal=NotifyIconCompatibilityTerminal { correlation_id: "native:48648:68", host_generation: 1787223201692, icon_generation: None, terminal: InvalidRequest, message: "notify-icon-owner-or-identity-invalid" }
terminal=NotifyIconCompatibilityTerminal { correlation_id: "native:48648:68", host_generation: 1787223201692, icon_generation: None, terminal: InvalidRequest, message: "notify-icon-owner-or-identity-invalid" }
snapshot-icons=12
snapshot-icons=12
dwData=1 cbData=1484 bytes=2334753401000000bc03000060010100000000000500000065000000cd116805430070007500200030000a0054006300630064002000230030003a0020003400
terminal=NotifyIconCompatibilityTerminal { correlation_id: "native:7616:68", host_generation: 1787223201692, icon_generation: None, terminal: InvalidRequest, message: "notify-icon-owner-or-identity-invalid" }
snapshot-icons=12
snapshot-icons=12
dwData=1 cbData=1484 bytes=2334753401000000bc03000060010100000000000300000065000000f5101408430070007500200030000a0054006300630064002000230030003a0020003400
dwData=1 cbData=1484 bytes=2334753401000000bc03000060010100000000000500000065000000f5101408430070007500200030000a0054006300630064002000230030003a0020003400
terminal=NotifyIconCompatibilityTerminal { correlation_id: "native:7616:68", host_generation: 1787223201692, icon_generation: None, terminal: InvalidRequest, message: "notify-icon-owner-or-identity-invalid" }
snapshot-icons=12
dwData=1 cbData=1484 bytes=2334753400000000bc030000ea020800020000000700000072170000a3010e0052007500730074004400650073006b0020002d002000315cd27d0a0031002000
dwData=1 cbData=1484 bytes=2334753402000000bc03000050090100030000000000000000000000000000000000000000000000000000000000000000000000000000000000000000000000
dwData=1 cbData=1484 bytes=2334753402000000bc03000092071600030000002000000000000000000000000000000000000000000000000000000000000000000000000000000000000000
dwData=1 cbData=1484 bytes=2334753400000000bc030000bc06020001000000070000000008000011073800540069006d00650053006e006100700070006500720020002800410063007400
dwData=1 cbData=1484 bytes=2334753400000000bc030000d2020300000000000700000000140000e9028c00450076006500720079007400680069006e006700000000000000000000000000
dwData=1 cbData=1484 bytes=2334753402000000bc030000e8020600010000000700000001040000000000000000000000000000000000000000000000000000000000000000000000000000
dwData=1 cbData=1484 bytes=2334753400000000bc030000f20305000100000087000000018000008d047b004d0075004d00750050006c006100790065007200000000000000000000000000
dwData=1 cbData=1484 bytes=2334753402000000bc030000e80a0a00030000002000000000000000000000000000000000000000000000000000000000000000000000000000000000000000
dwData=1 cbData=1484 bytes=2334753402000000bc030000a8090100010000000700000000080000e10902004d006100610041007300730069007300740061006e007400410072006b006e00
dwData=1 cbData=1484 bytes=2334753402000000bc0300009407080001000000a700000003040000ab091a0a4d006900630072006f0073006f00660074002000330036003500200043006f00
dwData=1 cbData=1484 bytes=2334753402000000bc030000ae0302008200000000000000640400003304060044006900740074006f0000000000000000000000000000000000000000000000
dwData=1 cbData=1484 bytes=2334753401000000bc030000e205030064000000ae0000000000000033122403570069006e0064006f00770073002000895b6851276020002d002000fa5e708b
dwData=1 cbData=1484 bytes=2334753400000000bc03000050090100030000000300000001800000550901000000000000000000000000000000000000000000000000000000000000000000
dwData=1 cbData=1484 bytes=2334753402000000bc0300003a080800070000000000000000000000000000000000000000000000000000000000000000000000000000000000000000000000
dwData=1 cbData=1484 bytes=2334753400000000bc030000c4107e00000000008f00000065800000a0110600b06548722c670b4e7d8f2d4e20003500370032002e00390031004d0042002f00
dwData=1 cbData=1484 bytes=2334753400000000bc03000092071600030000002300000001800000bb0602000000000000000000000000000000000000000000000000000000000000000000
dwData=1 cbData=1484 bytes=2334753401000000bc03000060010100000000000700000065000000bf123204430070007500200030000a0054006300630064002000230030003a0020003400
dwData=1 cbData=1484 bytes=2334753400000000bc030000e80a0a000300000027000000018000008a0b26004300680061007400470050005400000000000000000000000000000000000000
dwData=1 cbData=1484 bytes=2334753400000000bc030000a8090100010000000700000000080000e10902004d006100610041007300730069007300740061006e007400410072006b006e00
dwData=1 cbData=1484 bytes=2334753400000000bc0300009407080001000000a700000003040000ab091a0a4d006900630072006f0073006f00660074002000330036003500200043006f00
dwData=1 cbData=1484 bytes=2334753400000000bc030000ae0302008200000007000000640400003304060044006900740074006f0000000000000000000000000000000000000000000000
dwData=1 cbData=1484 bytes=2334753400000000bc0300003a0808000700000003000000018000003f090e000000000000000000000000000000000000000000000000000000000000000000
dwData=1 cbData=1484 bytes=2334753404000000bc030000c4107e00000000008f00000065800000a0110600b06548722c670b4e7d8f2d4e20003500370032002e00390031004d0042002f00
dwData=1 cbData=1484 bytes=2334753404000000bc0300009407080001000000a700000003040000ab091a0a4d006900630072006f0073006f00660074002000330036003500200043006f00
dwData=1 cbData=1484 bytes=2334753401000000bc03000060010100000000000700000065000000bf123304430070007500200030000a0054006300630064002000230030003a0020003400
terminal=NotifyIconCompatibilityTerminal { correlation_id: "native:18828:2", host_generation: 1787223259297, icon_generation: Some(1), terminal: Applied, message: "" }
terminal=NotifyIconCompatibilityTerminal { correlation_id: "native:27612:2", host_generation: 1787223259297, icon_generation: Some(3), terminal: NoChange, message: "" }
terminal=NotifyIconCompatibilityTerminal { correlation_id: "native:23428:2", host_generation: 1787223259297, icon_generation: Some(3), terminal: NoChange, message: "" }
terminal=NotifyIconCompatibilityTerminal { correlation_id: "native:33372:4", host_generation: 1787223259297, icon_generation: Some(3), terminal: Applied, message: "" }
terminal=NotifyIconCompatibilityTerminal { correlation_id: "native:18180:4", host_generation: 1787223259297, icon_generation: None, terminal: InvalidRequest, message: "notify-icon-owner-or-identity-invalid" }
terminal=NotifyIconCompatibilityTerminal { correlation_id: "native:14740:4", host_generation: 1787223259297, icon_generation: Some(5), terminal: NoChange, message: "" }
dwData=1 cbData=1484 bytes=2334753401000000bc03000060010100000000000700000065000000a10ed901430070007500200030000a0054006300630064002000230030003a0020003400
terminal=NotifyIconCompatibilityTerminal { correlation_id: "native:21628:6", host_generation: 1787223259297, icon_generation: Some(5), terminal: Applied, message: "" }
terminal=NotifyIconCompatibilityTerminal { correlation_id: "native:31492:6", host_generation: 1787223259297, icon_generation: Some(7), terminal: NoChange, message: "" }
terminal=NotifyIconCompatibilityTerminal { correlation_id: "native:31292:6", host_generation: 1787223259297, icon_generation: Some(7), terminal: NoChange, message: "" }
terminal=NotifyIconCompatibilityTerminal { correlation_id: "native:39188:6", host_generation: 1787223259297, icon_generation: Some(7), terminal: NoChange, message: "" }
terminal=NotifyIconCompatibilityTerminal { correlation_id: "native:21196:6", host_generation: 1787223259297, icon_generation: Some(7), terminal: NoChange, message: "" }
terminal=NotifyIconCompatibilityTerminal { correlation_id: "native:17868:6", host_generation: 1787223259297, icon_generation: None, terminal: InvalidRequest, message: "notify-icon-owned-invalid" }
terminal=NotifyIconCompatibilityTerminal { correlation_id: "native:27612:8", host_generation: 1787223259297, icon_generation: Some(7), terminal: Applied, message: "" }
terminal=NotifyIconCompatibilityTerminal { correlation_id: "native:30136:8", host_generation: 1787223259297, icon_generation: Some(9), terminal: NoChange, message: "" }
terminal=NotifyIconCompatibilityTerminal { correlation_id: "native:15400:8", host_generation: 1787223259297, icon_generation: None, terminal: InvalidRequest, message: "notify-icon-owner-or-identity-invalid" }
terminal=NotifyIconCompatibilityTerminal { correlation_id: "native:23428:10", host_generation: 1787223259297, icon_generation: Some(9), terminal: Applied, message: "" }
terminal=NotifyIconCompatibilityTerminal { correlation_id: "native:7616:10", host_generation: 1787223259297, icon_generation: None, terminal: InvalidRequest, message: "notify-icon-owner-or-identity-invalid" }
terminal=NotifyIconCompatibilityTerminal { correlation_id: "native:31492:12", host_generation: 1787223259297, icon_generation: Some(11), terminal: Applied, message: "" }
terminal=NotifyIconCompatibilityTerminal { correlation_id: "native:31292:14", host_generation: 1787223259297, icon_generation: Some(13), terminal: Applied, message: "" }
terminal=NotifyIconCompatibilityTerminal { correlation_id: "native:39188:16", host_generation: 1787223259297, icon_generation: Some(15), terminal: Applied, message: "" }
terminal=NotifyIconCompatibilityTerminal { correlation_id: "native:21196:18", host_generation: 1787223259297, icon_generation: Some(17), terminal: Applied, message: "" }
terminal=NotifyIconCompatibilityTerminal { correlation_id: "native:30136:20", host_generation: 1787223259297, icon_generation: Some(19), terminal: Applied, message: "" }
terminal=NotifyIconCompatibilityTerminal { correlation_id: "native:15400:20", host_generation: 1787223259297, icon_generation: None, terminal: InvalidRequest, message: "notify-icon-owner-or-identity-invalid" }
terminal=NotifyIconCompatibilityTerminal { correlation_id: "native:39188:20", host_generation: 1787223259297, icon_generation: Some(21), terminal: Applied, message: "" }
dwData=1 cbData=1484 bytes=2334753402000000bc03000060010100000000000700000065000000a10ed901430070007500200030000a0054006300630064002000230030003a0020003400
dwData=1 cbData=1484 bytes=2334753400000000bc030000600101001b0000000700000065000000a10eda0143006f00720065002000540065006d0070002000760065007200730069006f00
dwData=1 cbData=1484 bytes=2334753401000000bc030000600101001b00000002000000650000009d02010043006f00720065002000540065006d0070002000760065007200730069006f00
dwData=1 cbData=1484 bytes=2334753401000000bc030000600101001b00000002000000650000009d02010043006f00720065002000540065006d0070002000760065007200730069006f00
dwData=1 cbData=1484 bytes=2334753400000000bc03000060010100000000000700000065000000bf123504430070007500200030000a0054006300630064002000230030003a0020003400
dwData=1 cbData=1484 bytes=2334753402000000bc030000600101001b00000002000000650000009d02010043006f00720065002000540065006d0070002000760065007200730069006f00
snapshot-icons=10
dwData=1 cbData=1484 bytes=2334753400000000bc0300001403080001000000870000005480000035070a0e45007000690063002000470061006d006500730020005f55d552685600000000
dwData=1 cbData=1484 bytes=2334753401000000bc03000060010100000000000500000065000000bf123504430070007500200030000a0054006300630064002000230030003a0020003400
dwData=1 cbData=1484 bytes=2334753400000000bc030000420f2600591b0000d70000002580000033000100530075007000650072004400650073006b0074006f007000200063006f006d00
dwData=1 cbData=1484 bytes=2334753404000000bc030000420f2600591b0000d70000002580000033000100530075007000650072004400650073006b0074006f007000200063006f006d00
dwData=1 cbData=1484 bytes=2334753400000000bc030000420f26005a1b0000d70000002580000033000100530075007000650072004400650073006b0074006f007000200063006f006d00
dwData=1 cbData=1484 bytes=2334753404000000bc030000420f26005a1b0000d70000002580000033000100530075007000650072004400650073006b0074006f007000200063006f006d00
terminal=NotifyIconCompatibilityTerminal { correlation_id: "native:7616:20", host_generation: 1787223259297, icon_generation: None, terminal: InvalidRequest, message: "notify-icon-owner-or-identity-invalid" }
terminal=NotifyIconCompatibilityTerminal { correlation_id: "native:7616:20", host_generation: 1787223259297, icon_generation: None, terminal: InvalidRequest, message: "notify-icon-owner-or-identity-invalid" }
terminal=NotifyIconCompatibilityTerminal { correlation_id: "native:7616:20", host_generation: 1787223259297, icon_generation: None, terminal: InvalidRequest, message: "notify-icon-copy-failed" }
terminal=NotifyIconCompatibilityTerminal { correlation_id: "native:7616:20", host_generation: 1787223259297, icon_generation: Some(21), terminal: NoChange, message: "" }
terminal=NotifyIconCompatibilityTerminal { correlation_id: "native:7616:20", host_generation: 1787223259297, icon_generation: None, terminal: InvalidRequest, message: "notify-icon-owner-or-identity-invalid" }
terminal=NotifyIconCompatibilityTerminal { correlation_id: "native:7616:20", host_generation: 1787223259297, icon_generation: Some(21), terminal: NoChange, message: "" }
terminal=NotifyIconCompatibilityTerminal { correlation_id: "native:20784:22", host_generation: 1787223259297, icon_generation: Some(21), terminal: Applied, message: "" }
terminal=NotifyIconCompatibilityTerminal { correlation_id: "native:48684:25", host_generation: 1787223259297, icon_generation: Some(23), terminal: Applied, message: "" }
terminal=NotifyIconCompatibilityTerminal { correlation_id: "native:48684:25", host_generation: 1787223259297, icon_generation: Some(26), terminal: Applied, message: "" }
terminal=NotifyIconCompatibilityTerminal { correlation_id: "native:48684:27", host_generation: 1787223259297, icon_generation: Some(26), terminal: Applied, message: "" }
terminal=NotifyIconCompatibilityTerminal { correlation_id: "native:48684:27", host_generation: 1787223259297, icon_generation: Some(28), terminal: Applied, message: "" }
snapshot-icons=13
dwData=1 cbData=1484 bytes=2334753404000000bc03000014030800010000000000000000000000000000000000000000000000000000000000000000000000000000000000000000000000
dwData=1 cbData=1484 bytes=2334753400000000bc030000420f26005b1b0000d70000002580000033000100530075007000650072004400650073006b0074006f007000200063006f006d00
dwData=1 cbData=1484 bytes=2334753404000000bc030000420f26005b1b0000d70000002580000033000100530075007000650072004400650073006b0074006f007000200063006f006d00
dwData=1 cbData=1484 bytes=2334753400000000bc030000420f26005c1b0000d70000002580000033000100530075007000650072004400650073006b0074006f007000200063006f006d00
dwData=1 cbData=1484 bytes=2334753404000000bc030000420f26005c1b0000d70000002580000033000100530075007000650072004400650073006b0074006f007000200063006f006d00
dwData=1 cbData=1484 bytes=2334753404000000bc03000014030800010000000000000000000000000000000000000000000000000000000000000000000000000000000000000000000000
dwData=1 cbData=1484 bytes=2334753400000000bc030000420f26005d1b0000d70000002580000033000100530075007000650072004400650073006b0074006f007000200063006f006d00
dwData=1 cbData=1484 bytes=2334753404000000bc030000420f26005d1b0000d70000002580000033000100530075007000650072004400650073006b0074006f007000200063006f006d00
dwData=1 cbData=1484 bytes=2334753400000000bc030000420f26005e1b0000d70000002580000033000100530075007000650072004400650073006b0074006f007000200063006f006d00
dwData=1 cbData=1484 bytes=2334753404000000bc030000420f26005e1b0000d70000002580000033000100530075007000650072004400650073006b0074006f007000200063006f006d00
dwData=1 cbData=1484 bytes=2334753400000000bc030000420f26005f1b0000d70000002580000033000100530075007000650072004400650073006b0074006f007000200063006f006d00
dwData=1 cbData=1484 bytes=2334753404000000bc030000420f26005f1b0000d70000002580000033000100530075007000650072004400650073006b0074006f007000200063006f006d00
dwData=1 cbData=1484 bytes=2334753400000000bc030000420f2600601b0000d70000002580000033000100530075007000650072004400650073006b0074006f007000200063006f006d00
dwData=1 cbData=1484 bytes=2334753404000000bc030000420f2600601b0000d70000002580000033000100530075007000650072004400650073006b0074006f007000200063006f006d00
dwData=1 cbData=1484 bytes=2334753400000000bc030000420f2600611b0000d70000002580000033000100530075007000650072004400650073006b0074006f007000200063006f006d00
dwData=1 cbData=1484 bytes=2334753404000000bc030000420f2600611b0000d70000002580000033000100530075007000650072004400650073006b0074006f007000200063006f006d00
terminal=NotifyIconCompatibilityTerminal { correlation_id: "native:20784:27", host_generation: 1787223259297, icon_generation: Some(28), terminal: Applied, message: "" }
terminal=NotifyIconCompatibilityTerminal { correlation_id: "native:48684:29", host_generation: 1787223259297, icon_generation: Some(28), terminal: Applied, message: "" }
terminal=NotifyIconCompatibilityTerminal { correlation_id: "native:48684:29", host_generation: 1787223259297, icon_generation: Some(30), terminal: Applied, message: "" }
terminal=NotifyIconCompatibilityTerminal { correlation_id: "native:48684:31", host_generation: 1787223259297, icon_generation: Some(30), terminal: Applied, message: "" }
terminal=NotifyIconCompatibilityTerminal { correlation_id: "native:48684:31", host_generation: 1787223259297, icon_generation: Some(32), terminal: Applied, message: "" }
terminal=NotifyIconCompatibilityTerminal { correlation_id: "native:20784:31", host_generation: 1787223259297, icon_generation: Some(32), terminal: Applied, message: "" }
terminal=NotifyIconCompatibilityTerminal { correlation_id: "native:48684:33", host_generation: 1787223259297, icon_generation: Some(32), terminal: Applied, message: "" }
terminal=NotifyIconCompatibilityTerminal { correlation_id: "native:48684:33", host_generation: 1787223259297, icon_generation: Some(34), terminal: Applied, message: "" }
terminal=NotifyIconCompatibilityTerminal { correlation_id: "native:48684:35", host_generation: 1787223259297, icon_generation: Some(34), terminal: Applied, message: "" }
terminal=NotifyIconCompatibilityTerminal { correlation_id: "native:48684:35", host_generation: 1787223259297, icon_generation: Some(36), terminal: Applied, message: "" }
terminal=NotifyIconCompatibilityTerminal { correlation_id: "native:48684:37", host_generation: 1787223259297, icon_generation: Some(36), terminal: Applied, message: "" }
terminal=NotifyIconCompatibilityTerminal { correlation_id: "native:48684:37", host_generation: 1787223259297, icon_generation: Some(38), terminal: Applied, message: "" }
terminal=NotifyIconCompatibilityTerminal { correlation_id: "native:48684:39", host_generation: 1787223259297, icon_generation: Some(38), terminal: Applied, message: "" }
terminal=NotifyIconCompatibilityTerminal { correlation_id: "native:48684:39", host_generation: 1787223259297, icon_generation: Some(40), terminal: Applied, message: "" }
terminal=NotifyIconCompatibilityTerminal { correlation_id: "native:48684:41", host_generation: 1787223259297, icon_generation: Some(40), terminal: Applied, message: "" }
terminal=NotifyIconCompatibilityTerminal { correlation_id: "native:48684:41", host_generation: 1787223259297, icon_generation: Some(42), terminal: Applied, message: "" }
snapshot-icons=20
dwData=1 cbData=1484 bytes=2334753400000000bc030000420f2600621b0000d70000002580000033000100530075007000650072004400650073006b0074006f007000200063006f006d00
dwData=1 cbData=1484 bytes=2334753404000000bc030000420f2600621b0000d70000002580000033000100530075007000650072004400650073006b0074006f007000200063006f006d00
dwData=1 cbData=1484 bytes=2334753400000000bc030000420f2600631b0000d70000002580000033000100530075007000650072004400650073006b0074006f007000200063006f006d00
dwData=1 cbData=1484 bytes=2334753404000000bc030000420f2600631b0000d70000002580000033000100530075007000650072004400650073006b0074006f007000200063006f006d00
dwData=1 cbData=1484 bytes=2334753400000000bc030000420f2600641b0000d70000002580000033000100530075007000650072004400650073006b0074006f007000200063006f006d00
dwData=1 cbData=1484 bytes=2334753404000000bc030000420f2600641b0000d70000002580000033000100530075007000650072004400650073006b0074006f007000200063006f006d00
dwData=1 cbData=1484 bytes=2334753401000000bc0300006001010000000000030000006500000003122603430070007500200030000a0054006300630064002000230030003a0020003400
dwData=1 cbData=1484 bytes=2334753401000000bc0300006001010000000000050000006500000003122603430070007500200030000a0054006300630064002000230030003a0020003400
dwData=1 cbData=1484 bytes=2334753400000000bc030000420f2600651b0000d70000002580000033000100530075007000650072004400650073006b0074006f007000200063006f006d00
dwData=1 cbData=1484 bytes=2334753404000000bc030000420f2600651b0000d70000002580000033000100530075007000650072004400650073006b0074006f007000200063006f006d00
dwData=1 cbData=1484 bytes=2334753400000000bc030000e80206000100000007000000010400002f090a0053007400650061006d0000000000000000000000000000000000000000000000
dwData=1 cbData=1484 bytes=2334753400000000bc030000420f2600661b0000d70000002580000033000100530075007000650072004400650073006b0074006f007000200063006f006d00
dwData=1 cbData=1484 bytes=2334753404000000bc030000420f2600661b0000d70000002580000033000100530075007000650072004400650073006b0074006f007000200063006f006d00
dwData=1 cbData=1484 bytes=2334753400000000bc030000420f2600671b0000d70000002580000033000100530075007000650072004400650073006b0074006f007000200063006f006d00
dwData=1 cbData=1484 bytes=2334753404000000bc030000420f2600671b0000d70000002580000033000100530075007000650072004400650073006b0074006f007000200063006f006d00
dwData=1 cbData=1484 bytes=2334753400000000bc030000420f2600681b0000d70000002580000033000100530075007000650072004400650073006b0074006f007000200063006f006d00
dwData=1 cbData=1484 bytes=2334753404000000bc030000420f2600681b0000d70000002580000033000100530075007000650072004400650073006b0074006f007000200063006f006d00
terminal=NotifyIconCompatibilityTerminal { correlation_id: "native:48684:43", host_generation: 1787223259297, icon_generation: Some(42), terminal: Applied, message: "" }
terminal=NotifyIconCompatibilityTerminal { correlation_id: "native:48684:43", host_generation: 1787223259297, icon_generation: Some(44), terminal: Applied, message: "" }
terminal=NotifyIconCompatibilityTerminal { correlation_id: "native:48684:45", host_generation: 1787223259297, icon_generation: Some(44), terminal: Applied, message: "" }
terminal=NotifyIconCompatibilityTerminal { correlation_id: "native:48684:45", host_generation: 1787223259297, icon_generation: Some(46), terminal: Applied, message: "" }
terminal=NotifyIconCompatibilityTerminal { correlation_id: "native:48684:47", host_generation: 1787223259297, icon_generation: Some(46), terminal: Applied, message: "" }
terminal=NotifyIconCompatibilityTerminal { correlation_id: "native:48684:47", host_generation: 1787223259297, icon_generation: Some(48), terminal: Applied, message: "" }
terminal=NotifyIconCompatibilityTerminal { correlation_id: "native:7616:47", host_generation: 1787223259297, icon_generation: None, terminal: InvalidRequest, message: "notify-icon-owner-or-identity-invalid" }
terminal=NotifyIconCompatibilityTerminal { correlation_id: "native:48684:49", host_generation: 1787223259297, icon_generation: Some(48), terminal: Applied, message: "" }
terminal=NotifyIconCompatibilityTerminal { correlation_id: "native:48684:49", host_generation: 1787223259297, icon_generation: Some(50), terminal: Applied, message: "" }
terminal=NotifyIconCompatibilityTerminal { correlation_id: "native:14740:51", host_generation: 1787223259297, icon_generation: Some(50), terminal: Applied, message: "" }
terminal=NotifyIconCompatibilityTerminal { correlation_id: "native:48684:53", host_generation: 1787223259297, icon_generation: Some(52), terminal: Applied, message: "" }
terminal=NotifyIconCompatibilityTerminal { correlation_id: "native:48684:53", host_generation: 1787223259297, icon_generation: Some(54), terminal: Applied, message: "" }
terminal=NotifyIconCompatibilityTerminal { correlation_id: "native:48684:55", host_generation: 1787223259297, icon_generation: Some(54), terminal: Applied, message: "" }
terminal=NotifyIconCompatibilityTerminal { correlation_id: "native:48684:55", host_generation: 1787223259297, icon_generation: Some(56), terminal: Applied, message: "" }
terminal=NotifyIconCompatibilityTerminal { correlation_id: "native:48684:57", host_generation: 1787223259297, icon_generation: Some(56), terminal: Applied, message: "" }
terminal=NotifyIconCompatibilityTerminal { correlation_id: "native:48684:57", host_generation: 1787223259297, icon_generation: Some(58), terminal: Applied, message: "" }
snapshot-icons=28
dwData=1 cbData=1484 bytes=2334753400000000bc030000420f2600691b0000d70000002580000033000100530075007000650072004400650073006b0074006f007000200063006f006d00
dwData=1 cbData=1484 bytes=2334753404000000bc030000420f2600691b0000d70000002580000033000100530075007000650072004400650073006b0074006f007000200063006f006d00
dwData=1 cbData=1484 bytes=2334753400000000bc030000420f26006a1b0000d70000002580000033000100530075007000650072004400650073006b0074006f007000200063006f006d00
dwData=1 cbData=1484 bytes=2334753404000000bc030000420f26006a1b0000d70000002580000033000100530075007000650072004400650073006b0074006f007000200063006f006d00
dwData=1 cbData=1484 bytes=2334753400000000bc030000420f26006b1b0000d70000002580000033000100530075007000650072004400650073006b0074006f007000200063006f006d00
dwData=1 cbData=1484 bytes=2334753404000000bc030000420f26006b1b0000d70000002580000033000100530075007000650072004400650073006b0074006f007000200063006f006d00
dwData=1 cbData=1484 bytes=2334753400000000bc030000420f26006c1b0000d70000002580000033000100530075007000650072004400650073006b0074006f007000200063006f006d00
dwData=1 cbData=1484 bytes=2334753404000000bc030000420f26006c1b0000d70000002580000033000100530075007000650072004400650073006b0074006f007000200063006f006d00
dwData=1 cbData=1484 bytes=2334753401000000bc030000420f2600591b0000d70000002580000033000100530075007000650072004400650073006b0074006f007000200063006f006d00
terminal=NotifyIconCompatibilityTerminal { correlation_id: "native:48684:59", host_generation: 1787223259297, icon_generation: Some(58), terminal: Applied, message: "" }
terminal=NotifyIconCompatibilityTerminal { correlation_id: "native:48684:59", host_generation: 1787223259297, icon_generation: Some(60), terminal: Applied, message: "" }
terminal=NotifyIconCompatibilityTerminal { correlation_id: "native:48684:61", host_generation: 1787223259297, icon_generation: Some(60), terminal: Applied, message: "" }
terminal=NotifyIconCompatibilityTerminal { correlation_id: "native:48684:61", host_generation: 1787223259297, icon_generation: Some(62), terminal: Applied, message: "" }
terminal=NotifyIconCompatibilityTerminal { correlation_id: "native:48684:63", host_generation: 1787223259297, icon_generation: Some(62), terminal: Applied, message: "" }
terminal=NotifyIconCompatibilityTerminal { correlation_id: "native:48684:63", host_generation: 1787223259297, icon_generation: Some(64), terminal: Applied, message: "" }
terminal=NotifyIconCompatibilityTerminal { correlation_id: "native:48684:65", host_generation: 1787223259297, icon_generation: Some(64), terminal: Applied, message: "" }
terminal=NotifyIconCompatibilityTerminal { correlation_id: "native:48684:65", host_generation: 1787223259297, icon_generation: Some(66), terminal: Applied, message: "" }
terminal=NotifyIconCompatibilityTerminal { correlation_id: "native:48684:67", host_generation: 1787223259297, icon_generation: Some(66), terminal: Applied, message: "" }
snapshot-icons=32
dwData=1 cbData=1484 bytes=2334753401000000bc03000060010100000000000300000065000000170f3e02430070007500200030000a0054006300630064002000230030003a0020003400
dwData=1 cbData=1484 bytes=2334753401000000bc03000060010100000000000500000065000000170f3e02430070007500200030000a0054006300630064002000230030003a0020003400
terminal=NotifyIconCompatibilityTerminal { correlation_id: "native:7616:67", host_generation: 1787223259297, icon_generation: None, terminal: InvalidRequest, message: "notify-icon-owner-or-identity-invalid" }
snapshot-icons=32
dwData=1 cbData=1484 bytes=2334753401000000bc03000060010100000000000500000065000000170f3e02430070007500200030000a0054006300630064002000230030003a0020003400
terminal=NotifyIconCompatibilityTerminal { correlation_id: "native:7616:67", host_generation: 1787223259297, icon_generation: None, terminal: InvalidRequest, message: "notify-icon-owner-or-identity-invalid" }
snapshot-icons=32
snapshot-icons=32
dwData=1 cbData=1484 bytes=2334753401000000bc03000060010100000000000500000065000000170f3e02430070007500200030000a0054006300630064002000230030003a0020003400
terminal=NotifyIconCompatibilityTerminal { correlation_id: "native:7616:67", host_generation: 1787223259297, icon_generation: None, terminal: InvalidRequest, message: "notify-icon-owner-or-identity-invalid" }
snapshot-icons=32
snapshot-icons=32
dwData=1 cbData=1484 bytes=2334753401000000bc03000060010100000000000500000065000000170f3e02430070007500200030000a0054006300630064002000230030003a0020003400
terminal=NotifyIconCompatibilityTerminal { correlation_id: "native:7616:67", host_generation: 1787223259297, icon_generation: None, terminal: InvalidRequest, message: "notify-icon-owner-or-identity-invalid" }
snapshot-icons=32
dwData=1 cbData=1484 bytes=2334753401000000bc03000060010100000000000500000065000000170f3e02430070007500200030000a0054006300630064002000230030003a0020003400
terminal=NotifyIconCompatibilityTerminal { correlation_id: "native:7616:67", host_generation: 1787223259297, icon_generation: None, terminal: InvalidRequest, message: "notify-icon-owner-or-identity-invalid" }
snapshot-icons=32
snapshot-icons=32
dwData=1 cbData=1484 bytes=2334753401000000bc03000060010100000000000500000065000000170f3e02430070007500200030000a0054006300630064002000230030003a0020003400
terminal=NotifyIconCompatibilityTerminal { correlation_id: "native:7616:67", host_generation: 1787223259297, icon_generation: None, terminal: InvalidRequest, message: "notify-icon-owner-or-identity-invalid" }
snapshot-icons=32
snapshot-icons=32
dwData=1 cbData=1484 bytes=2334753401000000bc03000060010100000000000500000065000000170f3e02430070007500200030000a0054006300630064002000230030003a0020003400
terminal=NotifyIconCompatibilityTerminal { correlation_id: "native:7616:67", host_generation: 1787223259297, icon_generation: None, terminal: InvalidRequest, message: "notify-icon-owner-or-identity-invalid" }
snapshot-icons=32
snapshot-icons=32
dwData=1 cbData=1484 bytes=2334753401000000bc0300006001010000000000030000006500000065109e0f430070007500200030000a0054006300630064002000230030003a0020003400
dwData=1 cbData=1484 bytes=2334753401000000bc0300006001010000000000050000006500000065109e0f430070007500200030000a0054006300630064002000230030003a0020003400
terminal=NotifyIconCompatibilityTerminal { correlation_id: "native:7616:67", host_generation: 1787223259297, icon_generation: None, terminal: InvalidRequest, message: "notify-icon-owner-or-identity-invalid" }
snapshot-icons=32
dwData=1 cbData=1484 bytes=2334753401000000bc030000600101000000000003000000650000007b123402430070007500200030000a0054006300630064002000230030003a0020003400
dwData=1 cbData=1484 bytes=2334753401000000bc030000600101000000000005000000650000007b123402430070007500200030000a0054006300630064002000230030003a0020003400
terminal=NotifyIconCompatibilityTerminal { correlation_id: "native:7616:67", host_generation: 1787223259297, icon_generation: None, terminal: InvalidRequest, message: "notify-icon-owner-or-identity-invalid" }
snapshot-icons=32
snapshot-icons=32
dwData=1 cbData=1484 bytes=2334753401000000bc030000600101000000000005000000650000007b123402430070007500200030000a0054006300630064002000230030003a0020003400
terminal=NotifyIconCompatibilityTerminal { correlation_id: "native:7616:67", host_generation: 1787223259297, icon_generation: None, terminal: InvalidRequest, message: "notify-icon-owner-or-identity-invalid" }
snapshot-icons=32
snapshot-icons=32
dwData=1 cbData=1484 bytes=2334753401000000bc030000600101000000000005000000650000007b123402430070007500200030000a0054006300630064002000230030003a0020003400
terminal=NotifyIconCompatibilityTerminal { correlation_id: "native:7616:67", host_generation: 1787223259297, icon_generation: None, terminal: InvalidRequest, message: "notify-icon-owner-or-identity-invalid" }
snapshot-icons=32
dwData=1 cbData=1484 bytes=2334753401000000bc03000060010100000000000300000065000000ed034705430070007500200030000a0054006300630064002000230030003a0020003400
dwData=1 cbData=1484 bytes=2334753401000000bc03000060010100000000000500000065000000ed034705430070007500200030000a0054006300630064002000230030003a0020003400
terminal=NotifyIconCompatibilityTerminal { correlation_id: "native:7616:67", host_generation: 1787223259297, icon_generation: None, terminal: InvalidRequest, message: "notify-icon-owner-or-identity-invalid" }
snapshot-icons=32
snapshot-icons=32
dwData=1 cbData=1484 bytes=2334753401000000bc03000060010100000000000500000065000000ed034705430070007500200030000a0054006300630064002000230030003a0020003500
terminal=NotifyIconCompatibilityTerminal { correlation_id: "native:7616:67", host_generation: 1787223259297, icon_generation: None, terminal: InvalidRequest, message: "notify-icon-owner-or-identity-invalid" }
snapshot-icons=32
snapshot-icons=32
dwData=1 cbData=1484 bytes=2334753401000000bc03000060010100000000000300000065000000e5128301430070007500200030000a0054006300630064002000230030003a0020003500
dwData=1 cbData=1484 bytes=2334753401000000bc03000060010100000000000500000065000000e5128301430070007500200030000a0054006300630064002000230030003a0020003400
terminal=NotifyIconCompatibilityTerminal { correlation_id: "native:7616:67", host_generation: 1787223259297, icon_generation: None, terminal: InvalidRequest, message: "notify-icon-owner-or-identity-invalid" }
snapshot-icons=32
snapshot-icons=32
dwData=1 cbData=1484 bytes=2334753401000000bc03000060010100000000000500000065000000e5128301430070007500200030000a0054006300630064002000230030003a0020003400
terminal=NotifyIconCompatibilityTerminal { correlation_id: "native:7616:67", host_generation: 1787223259297, icon_generation: None, terminal: InvalidRequest, message: "notify-icon-owner-or-identity-invalid" }
snapshot-icons=32
snapshot-icons=32
dwData=1 cbData=1484 bytes=2334753401000000bc03000060010100000000000500000065000000e5128301430070007500200030000a0054006300630064002000230030003a0020003400
terminal=NotifyIconCompatibilityTerminal { correlation_id: "native:7616:67", host_generation: 1787223259297, icon_generation: None, terminal: InvalidRequest, message: "notify-icon-owner-or-identity-invalid" }
snapshot-icons=32
dwData=1 cbData=1484 bytes=2334753401000000bc03000060010100000000000500000065000000e5128301430070007500200030000a0054006300630064002000230030003a0020003400
terminal=NotifyIconCompatibilityTerminal { correlation_id: "native:7616:67", host_generation: 1787223259297, icon_generation: None, terminal: InvalidRequest, message: "notify-icon-owner-or-identity-invalid" }
snapshot-icons=32
snapshot-icons=32
dwData=1 cbData=1484 bytes=2334753401000000bc03000060010100000000000300000065000000ed03a405430070007500200030000a0054006300630064002000230030003a0020003400
dwData=1 cbData=1484 bytes=2334753401000000bc03000060010100000000000500000065000000ed03a405430070007500200030000a0054006300630064002000230030003a0020003400
terminal=NotifyIconCompatibilityTerminal { correlation_id: "native:7616:67", host_generation: 1787223259297, icon_generation: None, terminal: InvalidRequest, message: "notify-icon-owner-or-identity-invalid" }
snapshot-icons=32
snapshot-icons=32
dwData=1 cbData=1484 bytes=2334753401000000bc03000060010100000000000500000065000000ed03a405430070007500200030000a0054006300630064002000230030003a0020003400
terminal=NotifyIconCompatibilityTerminal { correlation_id: "native:7616:67", host_generation: 1787223259297, icon_generation: None, terminal: InvalidRequest, message: "notify-icon-owner-or-identity-invalid" }
snapshot-icons=32
dwData=1 cbData=1484 bytes=2334753401000000bc03000060010100000000000500000065000000ed03a405430070007500200030000a0054006300630064002000230030003a0020003400
terminal=NotifyIconCompatibilityTerminal { correlation_id: "native:7616:67", host_generation: 1787223259297, icon_generation: None, terminal: InvalidRequest, message: "notify-icon-owner-or-identity-invalid" }
snapshot-icons=32
dwData=1 cbData=1484 bytes=2334753403000000bc030000420f2600591b0000d70000002580000033000100530075007000650072004400650073006b0074006f007000200063006f006d00
dwData=1 cbData=1484 bytes=2334753402000000bc030000420f2600591b0000d70000002580000033000100530075007000650072004400650073006b0074006f007000200063006f006d00
dwData=1 cbData=1484 bytes=2334753402000000bc030000420f26005a1b0000d70000002580000033000100530075007000650072004400650073006b0074006f007000200063006f006d00
dwData=1 cbData=1484 bytes=2334753402000000bc030000420f26005b1b0000d70000002580000033000100530075007000650072004400650073006b0074006f007000200063006f006d00
dwData=1 cbData=1484 bytes=2334753402000000bc030000420f26005c1b0000d70000002580000033000100530075007000650072004400650073006b0074006f007000200063006f006d00
dwData=1 cbData=1484 bytes=2334753402000000bc030000420f26005d1b0000d70000002580000033000100530075007000650072004400650073006b0074006f007000200063006f006d00
dwData=1 cbData=1484 bytes=2334753402000000bc030000420f26005e1b0000d70000002580000033000100530075007000650072004400650073006b0074006f007000200063006f006d00
dwData=1 cbData=1484 bytes=2334753402000000bc030000420f26005f1b0000d70000002580000033000100530075007000650072004400650073006b0074006f007000200063006f006d00
dwData=1 cbData=1484 bytes=2334753402000000bc030000420f2600601b0000d70000002580000033000100530075007000650072004400650073006b0074006f007000200063006f006d00
dwData=1 cbData=1484 bytes=2334753402000000bc030000420f2600611b0000d70000002580000033000100530075007000650072004400650073006b0074006f007000200063006f006d00
dwData=1 cbData=1484 bytes=2334753402000000bc030000420f2600621b0000d70000002580000033000100530075007000650072004400650073006b0074006f007000200063006f006d00
dwData=1 cbData=1484 bytes=2334753402000000bc030000420f2600631b0000d70000002580000033000100530075007000650072004400650073006b0074006f007000200063006f006d00
dwData=1 cbData=1484 bytes=2334753402000000bc030000420f2600641b0000d70000002580000033000100530075007000650072004400650073006b0074006f007000200063006f006d00
dwData=1 cbData=1484 bytes=2334753402000000bc030000420f2600651b0000d70000002580000033000100530075007000650072004400650073006b0074006f007000200063006f006d00
dwData=1 cbData=1484 bytes=2334753402000000bc030000420f2600661b0000d70000002580000033000100530075007000650072004400650073006b0074006f007000200063006f006d00
dwData=1 cbData=1484 bytes=2334753402000000bc030000420f2600671b0000d70000002580000033000100530075007000650072004400650073006b0074006f007000200063006f006d00
dwData=1 cbData=1484 bytes=2334753402000000bc030000420f2600681b0000d70000002580000033000100530075007000650072004400650073006b0074006f007000200063006f006d00
dwData=1 cbData=1484 bytes=2334753402000000bc030000420f2600691b0000d70000002580000033000100530075007000650072004400650073006b0074006f007000200063006f006d00
dwData=1 cbData=1484 bytes=2334753402000000bc030000420f26006a1b0000d70000002580000033000100530075007000650072004400650073006b0074006f007000200063006f006d00
dwData=1 cbData=1484 bytes=2334753402000000bc030000420f26006b1b0000d70000002580000033000100530075007000650072004400650073006b0074006f007000200063006f006d00
dwData=1 cbData=1484 bytes=2334753402000000bc030000420f26006c1b0000d70000002580000033000100530075007000650072004400650073006b0074006f007000200063006f006d00
terminal=NotifyIconCompatibilityTerminal { correlation_id: "native:48684:68", host_generation: 1787223259297, icon_generation: None, terminal: InvalidRequest, message: "notify-icon-owner-or-identity-invalid" }
terminal=NotifyIconCompatibilityTerminal { correlation_id: "native:48684:68", host_generation: 1787223259297, icon_generation: None, terminal: InvalidRequest, message: "notify-icon-owner-or-identity-invalid" }
terminal=NotifyIconCompatibilityTerminal { correlation_id: "native:48684:68", host_generation: 1787223259297, icon_generation: None, terminal: InvalidRequest, message: "notify-icon-owner-or-identity-invalid" }
terminal=NotifyIconCompatibilityTerminal { correlation_id: "native:48684:68", host_generation: 1787223259297, icon_generation: None, terminal: InvalidRequest, message: "notify-icon-owner-or-identity-invalid" }
terminal=NotifyIconCompatibilityTerminal { correlation_id: "native:48684:68", host_generation: 1787223259297, icon_generation: None, terminal: InvalidRequest, message: "notify-icon-owner-or-identity-invalid" }
terminal=NotifyIconCompatibilityTerminal { correlation_id: "native:48684:68", host_generation: 1787223259297, icon_generation: None, terminal: InvalidRequest, message: "notify-icon-owner-or-identity-invalid" }
terminal=NotifyIconCompatibilityTerminal { correlation_id: "native:48684:68", host_generation: 1787223259297, icon_generation: None, terminal: InvalidRequest, message: "notify-icon-owner-or-identity-invalid" }
terminal=NotifyIconCompatibilityTerminal { correlation_id: "native:48684:68", host_generation: 1787223259297, icon_generation: None, terminal: InvalidRequest, message: "notify-icon-owner-or-identity-invalid" }
terminal=NotifyIconCompatibilityTerminal { correlation_id: "native:48684:68", host_generation: 1787223259297, icon_generation: None, terminal: InvalidRequest, message: "notify-icon-owner-or-identity-invalid" }
terminal=NotifyIconCompatibilityTerminal { correlation_id: "native:48684:68", host_generation: 1787223259297, icon_generation: None, terminal: InvalidRequest, message: "notify-icon-owner-or-identity-invalid" }
terminal=NotifyIconCompatibilityTerminal { correlation_id: "native:48684:68", host_generation: 1787223259297, icon_generation: None, terminal: InvalidRequest, message: "notify-icon-owner-or-identity-invalid" }
terminal=NotifyIconCompatibilityTerminal { correlation_id: "native:48684:68", host_generation: 1787223259297, icon_generation: None, terminal: InvalidRequest, message: "notify-icon-owner-or-identity-invalid" }
terminal=NotifyIconCompatibilityTerminal { correlation_id: "native:48684:68", host_generation: 1787223259297, icon_generation: None, terminal: InvalidRequest, message: "notify-icon-owner-or-identity-invalid" }
terminal=NotifyIconCompatibilityTerminal { correlation_id: "native:48684:68", host_generation: 1787223259297, icon_generation: None, terminal: InvalidRequest, message: "notify-icon-owner-or-identity-invalid" }
terminal=NotifyIconCompatibilityTerminal { correlation_id: "native:48684:68", host_generation: 1787223259297, icon_generation: None, terminal: InvalidRequest, message: "notify-icon-owner-or-identity-invalid" }
terminal=NotifyIconCompatibilityTerminal { correlation_id: "native:48684:68", host_generation: 1787223259297, icon_generation: None, terminal: InvalidRequest, message: "notify-icon-owner-or-identity-invalid" }
terminal=NotifyIconCompatibilityTerminal { correlation_id: "native:48684:68", host_generation: 1787223259297, icon_generation: None, terminal: InvalidRequest, message: "notify-icon-owner-or-identity-invalid" }
terminal=NotifyIconCompatibilityTerminal { correlation_id: "native:48684:68", host_generation: 1787223259297, icon_generation: None, terminal: InvalidRequest, message: "notify-icon-owner-or-identity-invalid" }
terminal=NotifyIconCompatibilityTerminal { correlation_id: "native:48684:68", host_generation: 1787223259297, icon_generation: None, terminal: InvalidRequest, message: "notify-icon-owner-or-identity-invalid" }
terminal=NotifyIconCompatibilityTerminal { correlation_id: "native:48684:68", host_generation: 1787223259297, icon_generation: None, terminal: InvalidRequest, message: "notify-icon-owner-or-identity-invalid" }
terminal=NotifyIconCompatibilityTerminal { correlation_id: "native:48684:68", host_generation: 1787223259297, icon_generation: None, terminal: InvalidRequest, message: "notify-icon-owner-or-identity-invalid" }
snapshot-icons=12
dwData=1 cbData=1484 bytes=2334753401000000bc03000060010100000000000500000065000000ed03a405430070007500200030000a0054006300630064002000230030003a0020003400
terminal=NotifyIconCompatibilityTerminal { correlation_id: "native:7616:68", host_generation: 1787223259297, icon_generation: None, terminal: InvalidRequest, message: "notify-icon-owner-or-identity-invalid" }
snapshot-icons=12
snapshot-icons=12
dwData=1 cbData=1484 bytes=2334753401000000bc03000060010100000000000500000065000000ed03a405430070007500200030000a0054006300630064002000230030003a0020003400
terminal=NotifyIconCompatibilityTerminal { correlation_id: "native:7616:68", host_generation: 1787223259297, icon_generation: None, terminal: InvalidRequest, message: "notify-icon-owner-or-identity-invalid" }
snapshot-icons=12
dwData=1 cbData=1484 bytes=2334753401000000bc03000060010100000000000500000065000000ed03a405430070007500200030000a0054006300630064002000230030003a0020003400
terminal=NotifyIconCompatibilityTerminal { correlation_id: "native:7616:68", host_generation: 1787223259297, icon_generation: None, terminal: InvalidRequest, message: "notify-icon-owner-or-identity-invalid" }
snapshot-icons=12
dwData=1 cbData=1484 bytes=2334753400000000bc030000ea020800020000000700000072170000a3010e0052007500730074004400650073006b0020002d002000315cd27d0a0031002000
dwData=1 cbData=1484 bytes=2334753402000000bc03000050090100030000000000000000000000000000000000000000000000000000000000000000000000000000000000000000000000
dwData=1 cbData=1484 bytes=2334753400000000bc030000bc06020001000000070000000008000011073800540069006d00650053006e006100700070006500720020002800410063007400
dwData=1 cbData=1484 bytes=2334753402000000bc03000092071600030000002000000000000000000000000000000000000000000000000000000000000000000000000000000000000000
dwData=1 cbData=1484 bytes=2334753400000000bc030000d2020300000000000700000000140000e9028c00450076006500720079007400680069006e006700000000000000000000000000
dwData=1 cbData=1484 bytes=2334753402000000bc030000e8020600010000000700000001040000000000000000000000000000000000000000000000000000000000000000000000000000
dwData=1 cbData=1484 bytes=2334753400000000bc030000f20305000100000087000000018000008d047b004d0075004d00750050006c006100790065007200000000000000000000000000
dwData=1 cbData=1484 bytes=2334753402000000bc030000e80a0a00030000002000000000000000000000000000000000000000000000000000000000000000000000000000000000000000
dwData=1 cbData=1484 bytes=2334753402000000bc0300009407080001000000a700000003040000ab091a0a4d006900630072006f0073006f00660074002000330036003500200043006f00
dwData=1 cbData=1484 bytes=2334753402000000bc030000a8090100010000000700000000080000e10902004d006100610041007300730069007300740061006e007400410072006b006e00
dwData=1 cbData=1484 bytes=2334753402000000bc030000ae0302008200000000000000640400003304060044006900740074006f0000000000000000000000000000000000000000000000
dwData=1 cbData=1484 bytes=2334753401000000bc030000e205030064000000ae0000000000000045106744570069006e0064006f00770073002000895b6851276020002d002000fa5e708b
dwData=1 cbData=1484 bytes=2334753400000000bc03000050090100030000000300000001800000550901000000000000000000000000000000000000000000000000000000000000000000
dwData=1 cbData=1484 bytes=2334753400000000bc030000c4107e00000000008f00000065800000a0110600b06548722c670b4e7d8f2d4e20003500370032002e00390031004d0042002f00
dwData=1 cbData=1484 bytes=2334753402000000bc0300003a080800070000000000000000000000000000000000000000000000000000000000000000000000000000000000000000000000
dwData=1 cbData=1484 bytes=2334753401000000bc030000600101000000000007000000650000006511ab00430070007500200030000a0054006300630064002000230030003a0020003400
dwData=1 cbData=1484 bytes=2334753400000000bc03000092071600030000002300000001800000bb0602000000000000000000000000000000000000000000000000000000000000000000
dwData=1 cbData=1484 bytes=2334753400000000bc030000e80a0a000300000027000000018000008a0b26004300680061007400470050005400000000000000000000000000000000000000
dwData=1 cbData=1484 bytes=2334753400000000bc0300009407080001000000a700000003040000ab091a0a4d006900630072006f0073006f00660074002000330036003500200043006f00
dwData=1 cbData=1484 bytes=2334753400000000bc030000a8090100010000000700000000080000e10902004d006100610041007300730069007300740061006e007400410072006b006e00
dwData=1 cbData=1484 bytes=2334753400000000bc030000ae0302008200000007000000640400003304060044006900740074006f0000000000000000000000000000000000000000000000
terminal=NotifyIconCompatibilityTerminal { correlation_id: "native:18828:2", host_generation: 1787223355969, icon_generation: Some(1), terminal: Applied, message: "" }
terminal=NotifyIconCompatibilityTerminal { correlation_id: "native:27612:2", host_generation: 1787223355969, icon_generation: Some(3), terminal: NoChange, message: "" }
terminal=NotifyIconCompatibilityTerminal { correlation_id: "native:33372:4", host_generation: 1787223355969, icon_generation: Some(3), terminal: Applied, message: "" }
terminal=NotifyIconCompatibilityTerminal { correlation_id: "native:23428:4", host_generation: 1787223355969, icon_generation: Some(5), terminal: NoChange, message: "" }
terminal=NotifyIconCompatibilityTerminal { correlation_id: "native:18180:4", host_generation: 1787223355969, icon_generation: None, terminal: InvalidRequest, message: "notify-icon-owner-or-identity-invalid" }
terminal=NotifyIconCompatibilityTerminal { correlation_id: "native:14740:4", host_generation: 1787223355969, icon_generation: Some(5), terminal: NoChange, message: "" }
terminal=NotifyIconCompatibilityTerminal { correlation_id: "native:21628:6", host_generation: 1787223355969, icon_generation: Some(5), terminal: Applied, message: "" }
terminal=NotifyIconCompatibilityTerminal { correlation_id: "native:31492:6", host_generation: 1787223355969, icon_generation: Some(7), terminal: NoChange, message: "" }
terminal=NotifyIconCompatibilityTerminal { correlation_id: "native:39188:6", host_generation: 1787223355969, icon_generation: Some(7), terminal: NoChange, message: "" }
terminal=NotifyIconCompatibilityTerminal { correlation_id: "native:31292:6", host_generation: 1787223355969, icon_generation: Some(7), terminal: NoChange, message: "" }
terminal=NotifyIconCompatibilityTerminal { correlation_id: "native:21196:6", host_generation: 1787223355969, icon_generation: Some(7), terminal: NoChange, message: "" }
terminal=NotifyIconCompatibilityTerminal { correlation_id: "native:17868:6", host_generation: 1787223355969, icon_generation: None, terminal: InvalidRequest, message: "notify-icon-owned-invalid" }
terminal=NotifyIconCompatibilityTerminal { correlation_id: "native:27612:8", host_generation: 1787223355969, icon_generation: Some(7), terminal: Applied, message: "" }
terminal=NotifyIconCompatibilityTerminal { correlation_id: "native:15400:8", host_generation: 1787223355969, icon_generation: None, terminal: InvalidRequest, message: "notify-icon-owner-or-identity-invalid" }
terminal=NotifyIconCompatibilityTerminal { correlation_id: "native:30136:8", host_generation: 1787223355969, icon_generation: Some(9), terminal: NoChange, message: "" }
terminal=NotifyIconCompatibilityTerminal { correlation_id: "native:7616:8", host_generation: 1787223355969, icon_generation: None, terminal: InvalidRequest, message: "notify-icon-owner-or-identity-invalid" }
terminal=NotifyIconCompatibilityTerminal { correlation_id: "native:23428:10", host_generation: 1787223355969, icon_generation: Some(9), terminal: Applied, message: "" }
terminal=NotifyIconCompatibilityTerminal { correlation_id: "native:31492:12", host_generation: 1787223355969, icon_generation: Some(11), terminal: Applied, message: "" }
terminal=NotifyIconCompatibilityTerminal { correlation_id: "native:39188:14", host_generation: 1787223355969, icon_generation: Some(13), terminal: Applied, message: "" }
terminal=NotifyIconCompatibilityTerminal { correlation_id: "native:31292:16", host_generation: 1787223355969, icon_generation: Some(15), terminal: Applied, message: "" }
dwData=1 cbData=1484 bytes=2334753404000000bc030000c4107e00000000008f00000065800000a0110600b06548722c670b4e7d8f2d4e20003500370032002e00390031004d0042002f00
dwData=1 cbData=1484 bytes=2334753400000000bc0300003a0808000700000003000000018000003f090e000000000000000000000000000000000000000000000000000000000000000000
dwData=1 cbData=1484 bytes=2334753404000000bc0300009407080001000000a700000003040000ab091a0a4d006900630072006f0073006f00660074002000330036003500200043006f00
dwData=1 cbData=1484 bytes=2334753401000000bc030000600101000000000007000000650000006511ac00430070007500200030000a0054006300630064002000230030003a0020003400
dwData=1 cbData=1484 bytes=2334753401000000bc030000600101000000000007000000650000006511af00430070007500200030000a0054006300630064002000230030003a0020003400
dwData=1 cbData=1484 bytes=2334753402000000bc030000600101000000000007000000650000006511af00430070007500200030000a0054006300630064002000230030003a0020003400
dwData=1 cbData=1484 bytes=2334753400000000bc030000600101001b00000007000000650000006511b10043006f00720065002000540065006d0070002000760065007200730069006f00
dwData=1 cbData=1484 bytes=2334753401000000bc030000600101001b00000002000000650000009d02010043006f00720065002000540065006d0070002000760065007200730069006f00
dwData=1 cbData=1484 bytes=2334753401000000bc030000600101001b00000002000000650000009d02010043006f00720065002000540065006d0070002000760065007200730069006f00
dwData=1 cbData=1484 bytes=2334753400000000bc030000600101000000000007000000650000004311fb04430070007500200030000a0054006300630064002000230030003a0020003400
dwData=1 cbData=1484 bytes=2334753402000000bc030000600101001b00000002000000650000009d02010043006f00720065002000540065006d0070002000760065007200730069006f00
snapshot-icons=8
dwData=1 cbData=1484 bytes=2334753400000000bc0300001403080001000000870000005480000035070a0e45007000690063002000470061006d006500730020005f55d552685600000000
dwData=1 cbData=1484 bytes=2334753401000000bc03000060010100000000000300000065000000d3125500430070007500200030000a0054006300630064002000230030003a0020003400
dwData=1 cbData=1484 bytes=2334753401000000bc03000060010100000000000500000065000000d3125500430070007500200030000a0054006300630064002000230030003a0020003400
dwData=1 cbData=1484 bytes=2334753400000000bc0300005c120d00591b0000d70000002580000033000100530075007000650072004400650073006b0074006f007000200063006f006d00
dwData=1 cbData=1484 bytes=2334753404000000bc0300005c120d00591b0000d70000002580000033000100530075007000650072004400650073006b0074006f007000200063006f006d00
dwData=1 cbData=1484 bytes=2334753400000000bc0300005c120d005a1b0000d70000002580000033000100530075007000650072004400650073006b0074006f007000200063006f006d00
dwData=1 cbData=1484 bytes=2334753404000000bc0300005c120d005a1b0000d70000002580000033000100530075007000650072004400650073006b0074006f007000200063006f006d00
terminal=NotifyIconCompatibilityTerminal { correlation_id: "native:21196:18", host_generation: 1787223355969, icon_generation: Some(17), terminal: Applied, message: "" }
terminal=NotifyIconCompatibilityTerminal { correlation_id: "native:15400:18", host_generation: 1787223355969, icon_generation: None, terminal: InvalidRequest, message: "notify-icon-owner-or-identity-invalid" }
terminal=NotifyIconCompatibilityTerminal { correlation_id: "native:30136:20", host_generation: 1787223355969, icon_generation: Some(19), terminal: Applied, message: "" }
terminal=NotifyIconCompatibilityTerminal { correlation_id: "native:39188:20", host_generation: 1787223355969, icon_generation: Some(21), terminal: Applied, message: "" }
terminal=NotifyIconCompatibilityTerminal { correlation_id: "native:7616:20", host_generation: 1787223355969, icon_generation: None, terminal: InvalidRequest, message: "notify-icon-owner-or-identity-invalid" }
terminal=NotifyIconCompatibilityTerminal { correlation_id: "native:7616:20", host_generation: 1787223355969, icon_generation: None, terminal: InvalidRequest, message: "notify-icon-owner-or-identity-invalid" }
terminal=NotifyIconCompatibilityTerminal { correlation_id: "native:7616:20", host_generation: 1787223355969, icon_generation: None, terminal: InvalidRequest, message: "notify-icon-copy-failed" }
terminal=NotifyIconCompatibilityTerminal { correlation_id: "native:7616:20", host_generation: 1787223355969, icon_generation: Some(21), terminal: NoChange, message: "" }
terminal=NotifyIconCompatibilityTerminal { correlation_id: "native:7616:20", host_generation: 1787223355969, icon_generation: None, terminal: InvalidRequest, message: "notify-icon-owner-or-identity-invalid" }
terminal=NotifyIconCompatibilityTerminal { correlation_id: "native:7616:20", host_generation: 1787223355969, icon_generation: Some(21), terminal: NoChange, message: "" }
terminal=NotifyIconCompatibilityTerminal { correlation_id: "native:20784:22", host_generation: 1787223355969, icon_generation: Some(21), terminal: Applied, message: "" }
terminal=NotifyIconCompatibilityTerminal { correlation_id: "native:23388:25", host_generation: 1787223355969, icon_generation: Some(23), terminal: Applied, message: "" }
terminal=NotifyIconCompatibilityTerminal { correlation_id: "native:23388:25", host_generation: 1787223355969, icon_generation: Some(26), terminal: Applied, message: "" }
terminal=NotifyIconCompatibilityTerminal { correlation_id: "native:23388:27", host_generation: 1787223355969, icon_generation: Some(26), terminal: Applied, message: "" }
terminal=NotifyIconCompatibilityTerminal { correlation_id: "native:23388:27", host_generation: 1787223355969, icon_generation: Some(28), terminal: Applied, message: "" }
snapshot-icons=13
dwData=1 cbData=1484 bytes=2334753400000000bc0300005c120d005b1b0000d70000002580000033000100530075007000650072004400650073006b0074006f007000200063006f006d00
dwData=1 cbData=1484 bytes=2334753404000000bc0300005c120d005b1b0000d70000002580000033000100530075007000650072004400650073006b0074006f007000200063006f006d00
dwData=1 cbData=1484 bytes=2334753400000000bc0300005c120d005c1b0000d70000002580000033000100530075007000650072004400650073006b0074006f007000200063006f006d00
dwData=1 cbData=1484 bytes=2334753404000000bc0300005c120d005c1b0000d70000002580000033000100530075007000650072004400650073006b0074006f007000200063006f006d00
dwData=1 cbData=1484 bytes=2334753404000000bc03000014030800010000000000000000000000000000000000000000000000000000000000000000000000000000000000000000000000
dwData=1 cbData=1484 bytes=2334753400000000bc0300005c120d005d1b0000d70000002580000033000100530075007000650072004400650073006b0074006f007000200063006f006d00
dwData=1 cbData=1484 bytes=2334753404000000bc0300005c120d005d1b0000d70000002580000033000100530075007000650072004400650073006b0074006f007000200063006f006d00
dwData=1 cbData=1484 bytes=2334753401000000bc03000060010100000000000300000065000000990ee805430070007500200030000a0054006300630064002000230030003a0020003400
dwData=1 cbData=1484 bytes=2334753401000000bc03000060010100000000000500000065000000990ee805430070007500200030000a0054006300630064002000230030003a0020003500
dwData=1 cbData=1484 bytes=2334753400000000bc030000e80206000100000007000000010400002f090a0053007400650061006d0000000000000000000000000000000000000000000000
dwData=1 cbData=1484 bytes=2334753400000000bc0300005c120d005e1b0000d70000002580000033000100530075007000650072004400650073006b0074006f007000200063006f006d00
dwData=1 cbData=1484 bytes=2334753404000000bc0300005c120d005e1b0000d70000002580000033000100530075007000650072004400650073006b0074006f007000200063006f006d00
dwData=1 cbData=1484 bytes=2334753400000000bc0300005c120d005f1b0000d70000002580000033000100530075007000650072004400650073006b0074006f007000200063006f006d00
dwData=1 cbData=1484 bytes=2334753404000000bc0300005c120d005f1b0000d70000002580000033000100530075007000650072004400650073006b0074006f007000200063006f006d00
dwData=1 cbData=1484 bytes=2334753400000000bc0300005c120d00601b0000d70000002580000033000100530075007000650072004400650073006b0074006f007000200063006f006d00
dwData=1 cbData=1484 bytes=2334753404000000bc0300005c120d00601b0000d70000002580000033000100530075007000650072004400650073006b0074006f007000200063006f006d00
dwData=1 cbData=1484 bytes=2334753400000000bc0300005c120d00611b0000d70000002580000033000100530075007000650072004400650073006b0074006f007000200063006f006d00
dwData=1 cbData=1484 bytes=2334753404000000bc0300005c120d00611b0000d70000002580000033000100530075007000650072004400650073006b0074006f007000200063006f006d00
terminal=NotifyIconCompatibilityTerminal { correlation_id: "native:23388:29", host_generation: 1787223355969, icon_generation: Some(28), terminal: Applied, message: "" }
terminal=NotifyIconCompatibilityTerminal { correlation_id: "native:23388:29", host_generation: 1787223355969, icon_generation: Some(30), terminal: Applied, message: "" }
terminal=NotifyIconCompatibilityTerminal { correlation_id: "native:23388:31", host_generation: 1787223355969, icon_generation: Some(30), terminal: Applied, message: "" }
terminal=NotifyIconCompatibilityTerminal { correlation_id: "native:23388:31", host_generation: 1787223355969, icon_generation: Some(32), terminal: Applied, message: "" }
terminal=NotifyIconCompatibilityTerminal { correlation_id: "native:20784:31", host_generation: 1787223355969, icon_generation: Some(32), terminal: Applied, message: "" }
terminal=NotifyIconCompatibilityTerminal { correlation_id: "native:23388:33", host_generation: 1787223355969, icon_generation: Some(32), terminal: Applied, message: "" }
terminal=NotifyIconCompatibilityTerminal { correlation_id: "native:23388:33", host_generation: 1787223355969, icon_generation: Some(34), terminal: Applied, message: "" }
terminal=NotifyIconCompatibilityTerminal { correlation_id: "native:7616:33", host_generation: 1787223355969, icon_generation: None, terminal: InvalidRequest, message: "notify-icon-owner-or-identity-invalid" }
terminal=NotifyIconCompatibilityTerminal { correlation_id: "native:14740:35", host_generation: 1787223355969, icon_generation: Some(34), terminal: Applied, message: "" }
terminal=NotifyIconCompatibilityTerminal { correlation_id: "native:23388:37", host_generation: 1787223355969, icon_generation: Some(36), terminal: Applied, message: "" }
terminal=NotifyIconCompatibilityTerminal { correlation_id: "native:23388:37", host_generation: 1787223355969, icon_generation: Some(38), terminal: Applied, message: "" }
terminal=NotifyIconCompatibilityTerminal { correlation_id: "native:23388:39", host_generation: 1787223355969, icon_generation: Some(38), terminal: Applied, message: "" }
terminal=NotifyIconCompatibilityTerminal { correlation_id: "native:23388:39", host_generation: 1787223355969, icon_generation: Some(40), terminal: Applied, message: "" }
terminal=NotifyIconCompatibilityTerminal { correlation_id: "native:23388:41", host_generation: 1787223355969, icon_generation: Some(40), terminal: Applied, message: "" }
terminal=NotifyIconCompatibilityTerminal { correlation_id: "native:23388:41", host_generation: 1787223355969, icon_generation: Some(42), terminal: Applied, message: "" }
terminal=NotifyIconCompatibilityTerminal { correlation_id: "native:23388:43", host_generation: 1787223355969, icon_generation: Some(42), terminal: Applied, message: "" }
terminal=NotifyIconCompatibilityTerminal { correlation_id: "native:23388:43", host_generation: 1787223355969, icon_generation: Some(44), terminal: Applied, message: "" }
snapshot-icons=21
dwData=1 cbData=1484 bytes=2334753400000000bc0300005c120d00621b0000d70000002580000033000100530075007000650072004400650073006b0074006f007000200063006f006d00
dwData=1 cbData=1484 bytes=2334753404000000bc0300005c120d00621b0000d70000002580000033000100530075007000650072004400650073006b0074006f007000200063006f006d00
dwData=1 cbData=1484 bytes=2334753400000000bc0300005c120d00631b0000d70000002580000033000100530075007000650072004400650073006b0074006f007000200063006f006d00
dwData=1 cbData=1484 bytes=2334753404000000bc0300005c120d00631b0000d70000002580000033000100530075007000650072004400650073006b0074006f007000200063006f006d00
dwData=1 cbData=1484 bytes=2334753400000000bc0300005c120d00641b0000d70000002580000033000100530075007000650072004400650073006b0074006f007000200063006f006d00
dwData=1 cbData=1484 bytes=2334753404000000bc0300005c120d00641b0000d70000002580000033000100530075007000650072004400650073006b0074006f007000200063006f006d00
dwData=1 cbData=1484 bytes=2334753400000000bc0300005c120d00651b0000d70000002580000033000100530075007000650072004400650073006b0074006f007000200063006f006d00
dwData=1 cbData=1484 bytes=2334753404000000bc0300005c120d00651b0000d70000002580000033000100530075007000650072004400650073006b0074006f007000200063006f006d00
dwData=1 cbData=1484 bytes=2334753400000000bc0300005c120d00661b0000d70000002580000033000100530075007000650072004400650073006b0074006f007000200063006f006d00
dwData=1 cbData=1484 bytes=2334753404000000bc0300005c120d00661b0000d70000002580000033000100530075007000650072004400650073006b0074006f007000200063006f006d00
dwData=1 cbData=1484 bytes=2334753400000000bc0300005c120d00671b0000d70000002580000033000100530075007000650072004400650073006b0074006f007000200063006f006d00
dwData=1 cbData=1484 bytes=2334753404000000bc0300005c120d00671b0000d70000002580000033000100530075007000650072004400650073006b0074006f007000200063006f006d00
dwData=1 cbData=1484 bytes=2334753400000000bc0300005c120d00681b0000d70000002580000033000100530075007000650072004400650073006b0074006f007000200063006f006d00
dwData=1 cbData=1484 bytes=2334753404000000bc0300005c120d00681b0000d70000002580000033000100530075007000650072004400650073006b0074006f007000200063006f006d00
dwData=1 cbData=1484 bytes=2334753400000000bc0300005c120d00691b0000d70000002580000033000100530075007000650072004400650073006b0074006f007000200063006f006d00
dwData=1 cbData=1484 bytes=2334753404000000bc0300005c120d00691b0000d70000002580000033000100530075007000650072004400650073006b0074006f007000200063006f006d00
terminal=NotifyIconCompatibilityTerminal { correlation_id: "native:23388:45", host_generation: 1787223355969, icon_generation: Some(44), terminal: Applied, message: "" }
terminal=NotifyIconCompatibilityTerminal { correlation_id: "native:23388:45", host_generation: 1787223355969, icon_generation: Some(46), terminal: Applied, message: "" }
terminal=NotifyIconCompatibilityTerminal { correlation_id: "native:23388:47", host_generation: 1787223355969, icon_generation: Some(46), terminal: Applied, message: "" }
terminal=NotifyIconCompatibilityTerminal { correlation_id: "native:23388:47", host_generation: 1787223355969, icon_generation: Some(48), terminal: Applied, message: "" }
terminal=NotifyIconCompatibilityTerminal { correlation_id: "native:23388:49", host_generation: 1787223355969, icon_generation: Some(48), terminal: Applied, message: "" }
terminal=NotifyIconCompatibilityTerminal { correlation_id: "native:23388:49", host_generation: 1787223355969, icon_generation: Some(50), terminal: Applied, message: "" }
terminal=NotifyIconCompatibilityTerminal { correlation_id: "native:23388:51", host_generation: 1787223355969, icon_generation: Some(50), terminal: Applied, message: "" }
terminal=NotifyIconCompatibilityTerminal { correlation_id: "native:23388:51", host_generation: 1787223355969, icon_generation: Some(52), terminal: Applied, message: "" }
terminal=NotifyIconCompatibilityTerminal { correlation_id: "native:23388:53", host_generation: 1787223355969, icon_generation: Some(52), terminal: Applied, message: "" }
terminal=NotifyIconCompatibilityTerminal { correlation_id: "native:23388:53", host_generation: 1787223355969, icon_generation: Some(54), terminal: Applied, message: "" }
terminal=NotifyIconCompatibilityTerminal { correlation_id: "native:23388:55", host_generation: 1787223355969, icon_generation: Some(54), terminal: Applied, message: "" }
terminal=NotifyIconCompatibilityTerminal { correlation_id: "native:23388:55", host_generation: 1787223355969, icon_generation: Some(56), terminal: Applied, message: "" }
terminal=NotifyIconCompatibilityTerminal { correlation_id: "native:23388:57", host_generation: 1787223355969, icon_generation: Some(56), terminal: Applied, message: "" }
terminal=NotifyIconCompatibilityTerminal { correlation_id: "native:23388:57", host_generation: 1787223355969, icon_generation: Some(58), terminal: Applied, message: "" }
terminal=NotifyIconCompatibilityTerminal { correlation_id: "native:23388:59", host_generation: 1787223355969, icon_generation: Some(58), terminal: Applied, message: "" }
terminal=NotifyIconCompatibilityTerminal { correlation_id: "native:23388:59", host_generation: 1787223355969, icon_generation: Some(60), terminal: Applied, message: "" }
snapshot-icons=29
dwData=1 cbData=1484 bytes=2334753401000000bc03000060010100000000000300000065000000230f580d430070007500200030000a0054006300630064002000230030003a0020003500
dwData=1 cbData=1484 bytes=2334753401000000bc03000060010100000000000500000065000000230f580d430070007500200030000a0054006300630064002000230030003a0020003400
dwData=1 cbData=1484 bytes=2334753400000000bc0300005c120d006a1b0000d70000002580000033000100530075007000650072004400650073006b0074006f007000200063006f006d00
dwData=1 cbData=1484 bytes=2334753404000000bc0300005c120d006a1b0000d70000002580000033000100530075007000650072004400650073006b0074006f007000200063006f006d00
dwData=1 cbData=1484 bytes=2334753400000000bc0300005c120d006b1b0000d70000002580000033000100530075007000650072004400650073006b0074006f007000200063006f006d00
dwData=1 cbData=1484 bytes=2334753404000000bc0300005c120d006b1b0000d70000002580000033000100530075007000650072004400650073006b0074006f007000200063006f006d00
dwData=1 cbData=1484 bytes=2334753400000000bc0300005c120d006c1b0000d70000002580000033000100530075007000650072004400650073006b0074006f007000200063006f006d00
dwData=1 cbData=1484 bytes=2334753404000000bc0300005c120d006c1b0000d70000002580000033000100530075007000650072004400650073006b0074006f007000200063006f006d00
dwData=1 cbData=1484 bytes=2334753401000000bc0300005c120d00591b0000d70000002580000033000100530075007000650072004400650073006b0074006f007000200063006f006d00
terminal=NotifyIconCompatibilityTerminal { correlation_id: "native:7616:59", host_generation: 1787223355969, icon_generation: None, terminal: InvalidRequest, message: "notify-icon-owner-or-identity-invalid" }
terminal=NotifyIconCompatibilityTerminal { correlation_id: "native:23388:61", host_generation: 1787223355969, icon_generation: Some(60), terminal: Applied, message: "" }
terminal=NotifyIconCompatibilityTerminal { correlation_id: "native:23388:61", host_generation: 1787223355969, icon_generation: Some(62), terminal: Applied, message: "" }
terminal=NotifyIconCompatibilityTerminal { correlation_id: "native:23388:63", host_generation: 1787223355969, icon_generation: Some(62), terminal: Applied, message: "" }
terminal=NotifyIconCompatibilityTerminal { correlation_id: "native:23388:63", host_generation: 1787223355969, icon_generation: Some(64), terminal: Applied, message: "" }
terminal=NotifyIconCompatibilityTerminal { correlation_id: "native:23388:65", host_generation: 1787223355969, icon_generation: Some(64), terminal: Applied, message: "" }
terminal=NotifyIconCompatibilityTerminal { correlation_id: "native:23388:65", host_generation: 1787223355969, icon_generation: Some(66), terminal: Applied, message: "" }
terminal=NotifyIconCompatibilityTerminal { correlation_id: "native:23388:67", host_generation: 1787223355969, icon_generation: Some(66), terminal: Applied, message: "" }
snapshot-icons=32
dwData=1 cbData=1484 bytes=2334753401000000bc03000060010100000000000300000065000000230f870d430070007500200030000a0054006300630064002000230030003a0020003400
dwData=1 cbData=1484 bytes=2334753401000000bc03000060010100000000000500000065000000230f870d430070007500200030000a0054006300630064002000230030003a0020003400
terminal=NotifyIconCompatibilityTerminal { correlation_id: "native:7616:67", host_generation: 1787223355969, icon_generation: None, terminal: InvalidRequest, message: "notify-icon-owner-or-identity-invalid" }
snapshot-icons=32
snapshot-icons=32
dwData=1 cbData=1484 bytes=2334753401000000bc03000060010100000000000300000065000000230fca0d430070007500200030000a0054006300630064002000230030003a0020003400
dwData=1 cbData=1484 bytes=2334753401000000bc03000060010100000000000500000065000000230fca0d430070007500200030000a0054006300630064002000230030003a0020003500
terminal=NotifyIconCompatibilityTerminal { correlation_id: "native:7616:67", host_generation: 1787223355969, icon_generation: None, terminal: InvalidRequest, message: "notify-icon-owner-or-identity-invalid" }
snapshot-icons=32
snapshot-icons=32
dwData=1 cbData=1484 bytes=2334753401000000bc030000600101000000000003000000650000004b11d102430070007500200030000a0054006300630064002000230030003a0020003500
dwData=1 cbData=1484 bytes=2334753401000000bc030000600101000000000005000000650000004b11d102430070007500200030000a0054006300630064002000230030003a0020003400
terminal=NotifyIconCompatibilityTerminal { correlation_id: "native:7616:67", host_generation: 1787223355969, icon_generation: None, terminal: InvalidRequest, message: "notify-icon-owner-or-identity-invalid" }
snapshot-icons=32
dwData=1 cbData=1484 bytes=2334753401000000bc030000600101000000000005000000650000004b11d102430070007500200030000a0054006300630064002000230030003a0020003400
terminal=NotifyIconCompatibilityTerminal { correlation_id: "native:7616:67", host_generation: 1787223355969, icon_generation: None, terminal: InvalidRequest, message: "notify-icon-owner-or-identity-invalid" }
snapshot-icons=32
snapshot-icons=32
dwData=1 cbData=1484 bytes=2334753401000000bc03000060010100000000000300000065000000f70d4702430070007500200030000a0054006300630064002000230030003a0020003400
dwData=1 cbData=1484 bytes=2334753401000000bc03000060010100000000000500000065000000f70d4702430070007500200030000a0054006300630064002000230030003a0020003400
terminal=NotifyIconCompatibilityTerminal { correlation_id: "native:7616:67", host_generation: 1787223355969, icon_generation: None, terminal: InvalidRequest, message: "notify-icon-owner-or-identity-invalid" }
snapshot-icons=32
snapshot-icons=32
dwData=1 cbData=1484 bytes=2334753401000000bc03000060010100000000000500000065000000f70d4702430070007500200030000a0054006300630064002000230030003a0020003400
terminal=NotifyIconCompatibilityTerminal { correlation_id: "native:7616:67", host_generation: 1787223355969, icon_generation: None, terminal: InvalidRequest, message: "notify-icon-owner-or-identity-invalid" }
snapshot-icons=32
dwData=1 cbData=1484 bytes=2334753401000000bc03000060010100000000000500000065000000f70d4702430070007500200030000a0054006300630064002000230030003a0020003400
terminal=NotifyIconCompatibilityTerminal { correlation_id: "native:7616:67", host_generation: 1787223355969, icon_generation: None, terminal: InvalidRequest, message: "notify-icon-owner-or-identity-invalid" }
snapshot-icons=32
snapshot-icons=32
dwData=1 cbData=1484 bytes=2334753401000000bc03000060010100000000000300000065000000050f2204430070007500200030000a0054006300630064002000230030003a0020003400
dwData=1 cbData=1484 bytes=2334753401000000bc03000060010100000000000500000065000000050f2204430070007500200030000a0054006300630064002000230030003a0020003400
terminal=NotifyIconCompatibilityTerminal { correlation_id: "native:7616:67", host_generation: 1787223355969, icon_generation: None, terminal: InvalidRequest, message: "notify-icon-owner-or-identity-invalid" }
snapshot-icons=32
snapshot-icons=32
dwData=1 cbData=1484 bytes=2334753401000000bc03000060010100000000000300000065000000d90f5273430070007500200030000a0054006300630064002000230030003a0020003400
dwData=1 cbData=1484 bytes=2334753401000000bc03000060010100000000000500000065000000d90f5273430070007500200030000a0054006300630064002000230030003a0020003400
terminal=NotifyIconCompatibilityTerminal { correlation_id: "native:7616:67", host_generation: 1787223355969, icon_generation: None, terminal: InvalidRequest, message: "notify-icon-owner-or-identity-invalid" }
snapshot-icons=32
dwData=1 cbData=1484 bytes=2334753401000000bc03000060010100000000000300000065000000db105305430070007500200030000a0054006300630064002000230030003a0020003400
dwData=1 cbData=1484 bytes=2334753401000000bc03000060010100000000000500000065000000db105305430070007500200030000a0054006300630064002000230030003a0020003400
terminal=NotifyIconCompatibilityTerminal { correlation_id: "native:7616:67", host_generation: 1787223355969, icon_generation: None, terminal: InvalidRequest, message: "notify-icon-owner-or-identity-invalid" }
snapshot-icons=32
snapshot-icons=32
dwData=1 cbData=1484 bytes=2334753401000000bc03000060010100000000000500000065000000db105305430070007500200030000a0054006300630064002000230030003a0020003400
terminal=NotifyIconCompatibilityTerminal { correlation_id: "native:7616:67", host_generation: 1787223355969, icon_generation: None, terminal: InvalidRequest, message: "notify-icon-owner-or-identity-invalid" }
snapshot-icons=32
snapshot-icons=32
dwData=1 cbData=1484 bytes=2334753401000000bc03000060010100000000000500000065000000db105305430070007500200030000a0054006300630064002000230030003a0020003400
terminal=NotifyIconCompatibilityTerminal { correlation_id: "native:7616:67", host_generation: 1787223355969, icon_generation: None, terminal: InvalidRequest, message: "notify-icon-owner-or-identity-invalid" }
snapshot-icons=32
snapshot-icons=32
dwData=1 cbData=1484 bytes=2334753401000000bc03000060010100000000000300000065000000f510780c430070007500200030000a0054006300630064002000230030003a0020003400
dwData=1 cbData=1484 bytes=2334753401000000bc03000060010100000000000500000065000000f510780c430070007500200030000a0054006300630064002000230030003a0020003500
terminal=NotifyIconCompatibilityTerminal { correlation_id: "native:7616:67", host_generation: 1787223355969, icon_generation: None, terminal: InvalidRequest, message: "notify-icon-owner-or-identity-invalid" }
snapshot-icons=32
snapshot-icons=32
dwData=1 cbData=1484 bytes=2334753401000000bc03000060010100000000000500000065000000f510780c430070007500200030000a0054006300630064002000230030003a0020003400
terminal=NotifyIconCompatibilityTerminal { correlation_id: "native:7616:67", host_generation: 1787223355969, icon_generation: None, terminal: InvalidRequest, message: "notify-icon-owner-or-identity-invalid" }
snapshot-icons=32
dwData=1 cbData=1484 bytes=2334753401000000bc03000060010100000000000500000065000000f510780c430070007500200030000a0054006300630064002000230030003a0020003400
terminal=NotifyIconCompatibilityTerminal { correlation_id: "native:7616:67", host_generation: 1787223355969, icon_generation: None, terminal: InvalidRequest, message: "notify-icon-owner-or-identity-invalid" }
snapshot-icons=32
snapshot-icons=32
dwData=1 cbData=1484 bytes=2334753401000000bc03000060010100000000000300000065000000130dd205430070007500200030000a0054006300630064002000230030003a0020003400
dwData=1 cbData=1484 bytes=2334753401000000bc03000060010100000000000500000065000000130dd205430070007500200030000a0054006300630064002000230030003a0020003400
terminal=NotifyIconCompatibilityTerminal { correlation_id: "native:7616:67", host_generation: 1787223355969, icon_generation: None, terminal: InvalidRequest, message: "notify-icon-owner-or-identity-invalid" }
snapshot-icons=32
snapshot-icons=32
dwData=1 cbData=1484 bytes=2334753401000000bc0300006001010000000000030000006500000043120e08430070007500200030000a0054006300630064002000230030003a0020003400
dwData=1 cbData=1484 bytes=2334753401000000bc0300006001010000000000050000006500000043120e08430070007500200030000a0054006300630064002000230030003a0020003400
terminal=NotifyIconCompatibilityTerminal { correlation_id: "native:7616:67", host_generation: 1787223355969, icon_generation: None, terminal: InvalidRequest, message: "notify-icon-owner-or-identity-invalid" }
snapshot-icons=32
dwData=1 cbData=1484 bytes=2334753401000000bc030000600101000000000003000000650000002b138804430070007500200030000a0054006300630064002000230030003a0020003400
dwData=1 cbData=1484 bytes=2334753401000000bc030000600101000000000005000000650000002b138804430070007500200030000a0054006300630064002000230030003a0020003400
terminal=NotifyIconCompatibilityTerminal { correlation_id: "native:7616:67", host_generation: 1787223355969, icon_generation: None, terminal: InvalidRequest, message: "notify-icon-owner-or-identity-invalid" }
snapshot-icons=32
snapshot-icons=32
dwData=1 cbData=1484 bytes=2334753401000000bc030000600101000000000005000000650000002b138804430070007500200030000a0054006300630064002000230030003a0020003400
terminal=NotifyIconCompatibilityTerminal { correlation_id: "native:7616:67", host_generation: 1787223355969, icon_generation: None, terminal: InvalidRequest, message: "notify-icon-owner-or-identity-invalid" }
snapshot-icons=32
snapshot-icons=32
dwData=1 cbData=1484 bytes=2334753401000000bc030000600101000000000003000000650000009f105110430070007500200030000a0054006300630064002000230030003a0020003400
dwData=1 cbData=1484 bytes=2334753401000000bc030000600101000000000005000000650000009f105110430070007500200030000a0054006300630064002000230030003a0020003400
dwData=1 cbData=1484 bytes=2334753403000000bc0300005c120d00591b0000d70000002580000033000100530075007000650072004400650073006b0074006f007000200063006f006d00
dwData=1 cbData=1484 bytes=2334753402000000bc0300005c120d00591b0000d70000002580000033000100530075007000650072004400650073006b0074006f007000200063006f006d00
dwData=1 cbData=1484 bytes=2334753402000000bc0300005c120d005a1b0000d70000002580000033000100530075007000650072004400650073006b0074006f007000200063006f006d00
dwData=1 cbData=1484 bytes=2334753402000000bc0300005c120d005b1b0000d70000002580000033000100530075007000650072004400650073006b0074006f007000200063006f006d00
dwData=1 cbData=1484 bytes=2334753402000000bc0300005c120d005c1b0000d70000002580000033000100530075007000650072004400650073006b0074006f007000200063006f006d00
dwData=1 cbData=1484 bytes=2334753402000000bc0300005c120d005d1b0000d70000002580000033000100530075007000650072004400650073006b0074006f007000200063006f006d00
dwData=1 cbData=1484 bytes=2334753402000000bc0300005c120d005e1b0000d70000002580000033000100530075007000650072004400650073006b0074006f007000200063006f006d00
dwData=1 cbData=1484 bytes=2334753402000000bc0300005c120d005f1b0000d70000002580000033000100530075007000650072004400650073006b0074006f007000200063006f006d00
dwData=1 cbData=1484 bytes=2334753402000000bc0300005c120d00601b0000d70000002580000033000100530075007000650072004400650073006b0074006f007000200063006f006d00
dwData=1 cbData=1484 bytes=2334753402000000bc0300005c120d00611b0000d70000002580000033000100530075007000650072004400650073006b0074006f007000200063006f006d00
dwData=1 cbData=1484 bytes=2334753402000000bc0300005c120d00621b0000d70000002580000033000100530075007000650072004400650073006b0074006f007000200063006f006d00
dwData=1 cbData=1484 bytes=2334753402000000bc0300005c120d00631b0000d70000002580000033000100530075007000650072004400650073006b0074006f007000200063006f006d00
dwData=1 cbData=1484 bytes=2334753402000000bc0300005c120d00641b0000d70000002580000033000100530075007000650072004400650073006b0074006f007000200063006f006d00
dwData=1 cbData=1484 bytes=2334753402000000bc0300005c120d00651b0000d70000002580000033000100530075007000650072004400650073006b0074006f007000200063006f006d00
dwData=1 cbData=1484 bytes=2334753402000000bc0300005c120d00661b0000d70000002580000033000100530075007000650072004400650073006b0074006f007000200063006f006d00
dwData=1 cbData=1484 bytes=2334753402000000bc0300005c120d00671b0000d70000002580000033000100530075007000650072004400650073006b0074006f007000200063006f006d00
dwData=1 cbData=1484 bytes=2334753402000000bc0300005c120d00681b0000d70000002580000033000100530075007000650072004400650073006b0074006f007000200063006f006d00
dwData=1 cbData=1484 bytes=2334753402000000bc0300005c120d00691b0000d70000002580000033000100530075007000650072004400650073006b0074006f007000200063006f006d00
dwData=1 cbData=1484 bytes=2334753402000000bc0300005c120d006a1b0000d70000002580000033000100530075007000650072004400650073006b0074006f007000200063006f006d00
dwData=1 cbData=1484 bytes=2334753402000000bc0300005c120d006b1b0000d70000002580000033000100530075007000650072004400650073006b0074006f007000200063006f006d00
dwData=1 cbData=1484 bytes=2334753402000000bc0300005c120d006c1b0000d70000002580000033000100530075007000650072004400650073006b0074006f007000200063006f006d00
terminal=NotifyIconCompatibilityTerminal { correlation_id: "native:7616:68", host_generation: 1787223355969, icon_generation: None, terminal: InvalidRequest, message: "notify-icon-owner-or-identity-invalid" }
terminal=NotifyIconCompatibilityTerminal { correlation_id: "native:23388:68", host_generation: 1787223355969, icon_generation: None, terminal: InvalidRequest, message: "notify-icon-owner-or-identity-invalid" }
terminal=NotifyIconCompatibilityTerminal { correlation_id: "native:23388:68", host_generation: 1787223355969, icon_generation: None, terminal: InvalidRequest, message: "notify-icon-owner-or-identity-invalid" }
terminal=NotifyIconCompatibilityTerminal { correlation_id: "native:23388:68", host_generation: 1787223355969, icon_generation: None, terminal: InvalidRequest, message: "notify-icon-owner-or-identity-invalid" }
terminal=NotifyIconCompatibilityTerminal { correlation_id: "native:23388:68", host_generation: 1787223355969, icon_generation: None, terminal: InvalidRequest, message: "notify-icon-owner-or-identity-invalid" }
terminal=NotifyIconCompatibilityTerminal { correlation_id: "native:23388:68", host_generation: 1787223355969, icon_generation: None, terminal: InvalidRequest, message: "notify-icon-owner-or-identity-invalid" }
terminal=NotifyIconCompatibilityTerminal { correlation_id: "native:23388:68", host_generation: 1787223355969, icon_generation: None, terminal: InvalidRequest, message: "notify-icon-owner-or-identity-invalid" }
terminal=NotifyIconCompatibilityTerminal { correlation_id: "native:23388:68", host_generation: 1787223355969, icon_generation: None, terminal: InvalidRequest, message: "notify-icon-owner-or-identity-invalid" }
terminal=NotifyIconCompatibilityTerminal { correlation_id: "native:23388:68", host_generation: 1787223355969, icon_generation: None, terminal: InvalidRequest, message: "notify-icon-owner-or-identity-invalid" }
terminal=NotifyIconCompatibilityTerminal { correlation_id: "native:23388:68", host_generation: 1787223355969, icon_generation: None, terminal: InvalidRequest, message: "notify-icon-owner-or-identity-invalid" }
terminal=NotifyIconCompatibilityTerminal { correlation_id: "native:23388:68", host_generation: 1787223355969, icon_generation: None, terminal: InvalidRequest, message: "notify-icon-owner-or-identity-invalid" }
terminal=NotifyIconCompatibilityTerminal { correlation_id: "native:23388:68", host_generation: 1787223355969, icon_generation: None, terminal: InvalidRequest, message: "notify-icon-owner-or-identity-invalid" }
terminal=NotifyIconCompatibilityTerminal { correlation_id: "native:23388:68", host_generation: 1787223355969, icon_generation: None, terminal: InvalidRequest, message: "notify-icon-owner-or-identity-invalid" }
terminal=NotifyIconCompatibilityTerminal { correlation_id: "native:23388:68", host_generation: 1787223355969, icon_generation: None, terminal: InvalidRequest, message: "notify-icon-owner-or-identity-invalid" }
terminal=NotifyIconCompatibilityTerminal { correlation_id: "native:23388:68", host_generation: 1787223355969, icon_generation: None, terminal: InvalidRequest, message: "notify-icon-owner-or-identity-invalid" }
terminal=NotifyIconCompatibilityTerminal { correlation_id: "native:23388:68", host_generation: 1787223355969, icon_generation: None, terminal: InvalidRequest, message: "notify-icon-owner-or-identity-invalid" }
terminal=NotifyIconCompatibilityTerminal { correlation_id: "native:23388:68", host_generation: 1787223355969, icon_generation: None, terminal: InvalidRequest, message: "notify-icon-owner-or-identity-invalid" }
terminal=NotifyIconCompatibilityTerminal { correlation_id: "native:23388:68", host_generation: 1787223355969, icon_generation: None, terminal: InvalidRequest, message: "notify-icon-owner-or-identity-invalid" }
terminal=NotifyIconCompatibilityTerminal { correlation_id: "native:23388:68", host_generation: 1787223355969, icon_generation: None, terminal: InvalidRequest, message: "notify-icon-owner-or-identity-invalid" }
terminal=NotifyIconCompatibilityTerminal { correlation_id: "native:23388:68", host_generation: 1787223355969, icon_generation: None, terminal: InvalidRequest, message: "notify-icon-owner-or-identity-invalid" }
terminal=NotifyIconCompatibilityTerminal { correlation_id: "native:23388:68", host_generation: 1787223355969, icon_generation: None, terminal: InvalidRequest, message: "notify-icon-owner-or-identity-invalid" }
terminal=NotifyIconCompatibilityTerminal { correlation_id: "native:23388:68", host_generation: 1787223355969, icon_generation: None, terminal: InvalidRequest, message: "notify-icon-owner-or-identity-invalid" }
snapshot-icons=12
dwData=1 cbData=1484 bytes=2334753401000000bc030000600101000000000005000000650000009f105110430070007500200030000a0054006300630064002000230030003a0020003400
terminal=NotifyIconCompatibilityTerminal { correlation_id: "native:7616:68", host_generation: 1787223355969, icon_generation: None, terminal: InvalidRequest, message: "notify-icon-owner-or-identity-invalid" }
snapshot-icons=12
snapshot-icons=12
dwData=1 cbData=1484 bytes=2334753401000000bc030000600101000000000003000000650000000711b904430070007500200030000a0054006300630064002000230030003a0020003400
dwData=1 cbData=1484 bytes=2334753401000000bc030000600101000000000005000000650000000711b904430070007500200030000a0054006300630064002000230030003a0020003400
terminal=NotifyIconCompatibilityTerminal { correlation_id: "native:7616:68", host_generation: 1787223355969, icon_generation: None, terminal: InvalidRequest, message: "notify-icon-owner-or-identity-invalid" }
snapshot-icons=12
snapshot-icons=12
dwData=1 cbData=1484 bytes=2334753401000000bc03000060010100000000000300000065000000050f7805430070007500200030000a0054006300630064002000230030003a0020003400
dwData=1 cbData=1484 bytes=2334753401000000bc03000060010100000000000500000065000000050f7805430070007500200030000a0054006300630064002000230030003a0020003400
dwData=1 cbData=1484 bytes=2334753400000000bc030000ea020800020000000700000072170000a3010e0052007500730074004400650073006b0020002d002000315cd27d0a0031002000
dwData=1 cbData=1484 bytes=2334753402000000bc03000050090100030000000000000000000000000000000000000000000000000000000000000000000000000000000000000000000000
dwData=1 cbData=1484 bytes=2334753402000000bc03000092071600030000002000000000000000000000000000000000000000000000000000000000000000000000000000000000000000
dwData=1 cbData=1484 bytes=2334753400000000bc030000bc06020001000000070000000008000011073800540069006d00650053006e006100700070006500720020002800410063007400
dwData=1 cbData=1484 bytes=2334753400000000bc030000d2020300000000000700000000140000e9028c00450076006500720079007400680069006e006700000000000000000000000000
dwData=1 cbData=1484 bytes=2334753402000000bc030000e8020600010000000700000001040000000000000000000000000000000000000000000000000000000000000000000000000000
dwData=1 cbData=1484 bytes=2334753400000000bc030000f20305000100000087000000018000008d047b004d0075004d00750050006c006100790065007200000000000000000000000000
dwData=1 cbData=1484 bytes=2334753402000000bc030000e80a0a00030000002000000000000000000000000000000000000000000000000000000000000000000000000000000000000000
dwData=1 cbData=1484 bytes=2334753402000000bc030000a8090100010000000700000000080000e10902004d006100610041007300730069007300740061006e007400410072006b006e00
dwData=1 cbData=1484 bytes=2334753402000000bc0300009407080001000000a700000003040000ab091a0a4d006900630072006f0073006f00660074002000330036003500200043006f00
dwData=1 cbData=1484 bytes=2334753402000000bc030000ae0302008200000000000000640400003304060044006900740074006f0000000000000000000000000000000000000000000000
dwData=1 cbData=1484 bytes=2334753401000000bc030000e205030064000000ae00000000000000e1039906570069006e0064006f00770073002000895b6851276020002d002000fa5e708b
dwData=1 cbData=1484 bytes=2334753400000000bc03000050090100030000000300000001800000550901000000000000000000000000000000000000000000000000000000000000000000
dwData=1 cbData=1484 bytes=2334753400000000bc030000c4107e00000000008f00000065800000a0110600b06548722c670b4e7d8f2d4e20003500370032002e00390031004d0042002f00
dwData=1 cbData=1484 bytes=2334753402000000bc0300003a080800070000000000000000000000000000000000000000000000000000000000000000000000000000000000000000000000
dwData=1 cbData=1484 bytes=2334753400000000bc03000092071600030000002300000001800000bb0602000000000000000000000000000000000000000000000000000000000000000000
dwData=1 cbData=1484 bytes=2334753401000000bc030000600101000000000007000000650000004312f308430070007500200030000a0054006300630064002000230030003a0020003400
dwData=1 cbData=1484 bytes=2334753400000000bc030000e80a0a000300000027000000018000008a0b26004300680061007400470050005400000000000000000000000000000000000000
dwData=1 cbData=1484 bytes=2334753400000000bc030000a8090100010000000700000000080000e10902004d006100610041007300730069007300740061006e007400410072006b006e00
dwData=1 cbData=1484 bytes=2334753400000000bc030000ae0302008200000007000000640400003304060044006900740074006f0000000000000000000000000000000000000000000000
dwData=1 cbData=1484 bytes=2334753400000000bc0300009407080001000000a700000003040000ab091a0a4d006900630072006f0073006f00660074002000330036003500200043006f00
dwData=1 cbData=1484 bytes=2334753404000000bc030000c4107e00000000008f00000065800000a0110600b06548722c670b4e7d8f2d4e20003500370032002e00390031004d0042002f00
dwData=1 cbData=1484 bytes=2334753400000000bc0300003a0808000700000003000000018000003f090e000000000000000000000000000000000000000000000000000000000000000000
dwData=1 cbData=1484 bytes=2334753404000000bc0300009407080001000000a700000003040000ab091a0a4d006900630072006f0073006f00660074002000330036003500200043006f00
dwData=1 cbData=1484 bytes=2334753401000000bc030000600101000000000007000000650000004312f408430070007500200030000a0054006300630064002000230030003a0020003400
dwData=1 cbData=1484 bytes=2334753401000000bc030000600101000000000007000000650000000112e602430070007500200030000a0054006300630064002000230030003a0020003400
dwData=1 cbData=1484 bytes=2334753402000000bc030000600101000000000007000000650000000112e602430070007500200030000a0054006300630064002000230030003a0020003400
dwData=1 cbData=1484 bytes=2334753400000000bc030000600101001b000000070000006500000045106e4443006f00720065002000540065006d0070002000760065007200730069006f00
terminal=NotifyIconCompatibilityTerminal { correlation_id: "native:18828:2", host_generation: 1787223407552, icon_generation: Some(1), terminal: Applied, message: "" }
terminal=NotifyIconCompatibilityTerminal { correlation_id: "native:27612:2", host_generation: 1787223407552, icon_generation: Some(3), terminal: NoChange, message: "" }
terminal=NotifyIconCompatibilityTerminal { correlation_id: "native:23428:2", host_generation: 1787223407552, icon_generation: Some(3), terminal: NoChange, message: "" }
terminal=NotifyIconCompatibilityTerminal { correlation_id: "native:33372:4", host_generation: 1787223407552, icon_generation: Some(3), terminal: Applied, message: "" }
terminal=NotifyIconCompatibilityTerminal { correlation_id: "native:18180:4", host_generation: 1787223407552, icon_generation: None, terminal: InvalidRequest, message: "notify-icon-owner-or-identity-invalid" }
terminal=NotifyIconCompatibilityTerminal { correlation_id: "native:14740:4", host_generation: 1787223407552, icon_generation: Some(5), terminal: NoChange, message: "" }
terminal=NotifyIconCompatibilityTerminal { correlation_id: "native:21628:6", host_generation: 1787223407552, icon_generation: Some(5), terminal: Applied, message: "" }
terminal=NotifyIconCompatibilityTerminal { correlation_id: "native:31492:6", host_generation: 1787223407552, icon_generation: Some(7), terminal: NoChange, message: "" }
terminal=NotifyIconCompatibilityTerminal { correlation_id: "native:31292:6", host_generation: 1787223407552, icon_generation: Some(7), terminal: NoChange, message: "" }
terminal=NotifyIconCompatibilityTerminal { correlation_id: "native:39188:6", host_generation: 1787223407552, icon_generation: Some(7), terminal: NoChange, message: "" }
terminal=NotifyIconCompatibilityTerminal { correlation_id: "native:21196:6", host_generation: 1787223407552, icon_generation: Some(7), terminal: NoChange, message: "" }
terminal=NotifyIconCompatibilityTerminal { correlation_id: "native:17868:6", host_generation: 1787223407552, icon_generation: None, terminal: InvalidRequest, message: "notify-icon-owned-invalid" }
terminal=NotifyIconCompatibilityTerminal { correlation_id: "native:27612:8", host_generation: 1787223407552, icon_generation: Some(7), terminal: Applied, message: "" }
terminal=NotifyIconCompatibilityTerminal { correlation_id: "native:15400:8", host_generation: 1787223407552, icon_generation: None, terminal: InvalidRequest, message: "notify-icon-owner-or-identity-invalid" }
terminal=NotifyIconCompatibilityTerminal { correlation_id: "native:30136:8", host_generation: 1787223407552, icon_generation: Some(9), terminal: NoChange, message: "" }
terminal=NotifyIconCompatibilityTerminal { correlation_id: "native:23428:10", host_generation: 1787223407552, icon_generation: Some(9), terminal: Applied, message: "" }
terminal=NotifyIconCompatibilityTerminal { correlation_id: "native:7616:10", host_generation: 1787223407552, icon_generation: None, terminal: InvalidRequest, message: "notify-icon-owner-or-identity-invalid" }
terminal=NotifyIconCompatibilityTerminal { correlation_id: "native:31492:12", host_generation: 1787223407552, icon_generation: Some(11), terminal: Applied, message: "" }
terminal=NotifyIconCompatibilityTerminal { correlation_id: "native:31292:14", host_generation: 1787223407552, icon_generation: Some(13), terminal: Applied, message: "" }
terminal=NotifyIconCompatibilityTerminal { correlation_id: "native:21196:16", host_generation: 1787223407552, icon_generation: Some(15), terminal: Applied, message: "" }
terminal=NotifyIconCompatibilityTerminal { correlation_id: "native:39188:18", host_generation: 1787223407552, icon_generation: Some(17), terminal: Applied, message: "" }
terminal=NotifyIconCompatibilityTerminal { correlation_id: "native:15400:18", host_generation: 1787223407552, icon_generation: None, terminal: InvalidRequest, message: "notify-icon-owner-or-identity-invalid" }
terminal=NotifyIconCompatibilityTerminal { correlation_id: "native:30136:20", host_generation: 1787223407552, icon_generation: Some(19), terminal: Applied, message: "" }
terminal=NotifyIconCompatibilityTerminal { correlation_id: "native:39188:20", host_generation: 1787223407552, icon_generation: Some(21), terminal: Applied, message: "" }
terminal=NotifyIconCompatibilityTerminal { correlation_id: "native:7616:20", host_generation: 1787223407552, icon_generation: None, terminal: InvalidRequest, message: "notify-icon-owner-or-identity-invalid" }
dwData=1 cbData=1484 bytes=2334753401000000bc030000600101001b00000002000000650000009d02010043006f00720065002000540065006d0070002000760065007200730069006f00
dwData=1 cbData=1484 bytes=2334753401000000bc030000600101001b00000002000000650000009d02010043006f00720065002000540065006d0070002000760065007200730069006f00
dwData=1 cbData=1484 bytes=2334753400000000bc0300006001010000000000070000006500000045106f44430070007500200030000a0054006300630064002000230030003a0020003400
dwData=1 cbData=1484 bytes=2334753402000000bc030000600101001b00000002000000650000009d02010043006f00720065002000540065006d0070002000760065007200730069006f00
snapshot-icons=10
dwData=1 cbData=1484 bytes=2334753400000000bc0300001403080001000000870000005480000035070a0e45007000690063002000470061006d006500730020005f55d552685600000000
dwData=1 cbData=1484 bytes=2334753400000000bc030000e80206000100000007000000010400002f090a0053007400650061006d0000000000000000000000000000000000000000000000
dwData=1 cbData=1484 bytes=2334753401000000bc0300006001010000000000030000006500000043110205430070007500200030000a0054006300630064002000230030003a0020003400
dwData=1 cbData=1484 bytes=2334753401000000bc0300006001010000000000050000006500000043110205430070007500200030000a0054006300630064002000230030003a0020003400
dwData=1 cbData=1484 bytes=2334753400000000bc030000e60e9500591b0000d70000002580000033000100530075007000650072004400650073006b0074006f007000200063006f006d00
dwData=1 cbData=1484 bytes=2334753404000000bc030000e60e9500591b0000d70000002580000033000100530075007000650072004400650073006b0074006f007000200063006f006d00
dwData=1 cbData=1484 bytes=2334753400000000bc030000e60e95005a1b0000d70000002580000033000100530075007000650072004400650073006b0074006f007000200063006f006d00
dwData=1 cbData=1484 bytes=2334753404000000bc030000e60e95005a1b0000d70000002580000033000100530075007000650072004400650073006b0074006f007000200063006f006d00
terminal=NotifyIconCompatibilityTerminal { correlation_id: "native:7616:20", host_generation: 1787223407552, icon_generation: None, terminal: InvalidRequest, message: "notify-icon-copy-failed" }
terminal=NotifyIconCompatibilityTerminal { correlation_id: "native:7616:20", host_generation: 1787223407552, icon_generation: Some(21), terminal: NoChange, message: "" }
terminal=NotifyIconCompatibilityTerminal { correlation_id: "native:7616:20", host_generation: 1787223407552, icon_generation: None, terminal: InvalidRequest, message: "notify-icon-owner-or-identity-invalid" }
terminal=NotifyIconCompatibilityTerminal { correlation_id: "native:7616:20", host_generation: 1787223407552, icon_generation: Some(21), terminal: NoChange, message: "" }
terminal=NotifyIconCompatibilityTerminal { correlation_id: "native:20784:22", host_generation: 1787223407552, icon_generation: Some(21), terminal: Applied, message: "" }
terminal=NotifyIconCompatibilityTerminal { correlation_id: "native:14740:24", host_generation: 1787223407552, icon_generation: Some(23), terminal: Applied, message: "" }
terminal=NotifyIconCompatibilityTerminal { correlation_id: "native:7616:24", host_generation: 1787223407552, icon_generation: None, terminal: InvalidRequest, message: "notify-icon-owner-or-identity-invalid" }
terminal=NotifyIconCompatibilityTerminal { correlation_id: "native:26284:27", host_generation: 1787223407552, icon_generation: Some(25), terminal: Applied, message: "" }
terminal=NotifyIconCompatibilityTerminal { correlation_id: "native:26284:27", host_generation: 1787223407552, icon_generation: Some(28), terminal: Applied, message: "" }
terminal=NotifyIconCompatibilityTerminal { correlation_id: "native:26284:29", host_generation: 1787223407552, icon_generation: Some(28), terminal: Applied, message: "" }
terminal=NotifyIconCompatibilityTerminal { correlation_id: "native:26284:29", host_generation: 1787223407552, icon_generation: Some(30), terminal: Applied, message: "" }
snapshot-icons=14
dwData=1 cbData=1484 bytes=2334753400000000bc030000e60e95005b1b0000d70000002580000033000100530075007000650072004400650073006b0074006f007000200063006f006d00
dwData=1 cbData=1484 bytes=2334753404000000bc030000e60e95005b1b0000d70000002580000033000100530075007000650072004400650073006b0074006f007000200063006f006d00
dwData=1 cbData=1484 bytes=2334753400000000bc030000e60e95005c1b0000d70000002580000033000100530075007000650072004400650073006b0074006f007000200063006f006d00
dwData=1 cbData=1484 bytes=2334753404000000bc030000e60e95005c1b0000d70000002580000033000100530075007000650072004400650073006b0074006f007000200063006f006d00
dwData=1 cbData=1484 bytes=2334753400000000bc030000e60e95005d1b0000d70000002580000033000100530075007000650072004400650073006b0074006f007000200063006f006d00
dwData=1 cbData=1484 bytes=2334753404000000bc030000e60e95005d1b0000d70000002580000033000100530075007000650072004400650073006b0074006f007000200063006f006d00
dwData=1 cbData=1484 bytes=2334753404000000bc03000014030800010000000000000000000000000000000000000000000000000000000000000000000000000000000000000000000000
dwData=1 cbData=1484 bytes=2334753400000000bc030000e60e95005e1b0000d70000002580000033000100530075007000650072004400650073006b0074006f007000200063006f006d00
dwData=1 cbData=1484 bytes=2334753404000000bc030000e60e95005e1b0000d70000002580000033000100530075007000650072004400650073006b0074006f007000200063006f006d00
dwData=1 cbData=1484 bytes=2334753400000000bc030000e60e95005f1b0000d70000002580000033000100530075007000650072004400650073006b0074006f007000200063006f006d00
dwData=1 cbData=1484 bytes=2334753404000000bc030000e60e95005f1b0000d70000002580000033000100530075007000650072004400650073006b0074006f007000200063006f006d00
dwData=1 cbData=1484 bytes=2334753400000000bc030000e60e9500601b0000d70000002580000033000100530075007000650072004400650073006b0074006f007000200063006f006d00
dwData=1 cbData=1484 bytes=2334753404000000bc030000e60e9500601b0000d70000002580000033000100530075007000650072004400650073006b0074006f007000200063006f006d00
dwData=1 cbData=1484 bytes=2334753400000000bc030000e60e9500611b0000d70000002580000033000100530075007000650072004400650073006b0074006f007000200063006f006d00
dwData=1 cbData=1484 bytes=2334753404000000bc030000e60e9500611b0000d70000002580000033000100530075007000650072004400650073006b0074006f007000200063006f006d00
terminal=NotifyIconCompatibilityTerminal { correlation_id: "native:26284:31", host_generation: 1787223407552, icon_generation: Some(30), terminal: Applied, message: "" }
terminal=NotifyIconCompatibilityTerminal { correlation_id: "native:26284:31", host_generation: 1787223407552, icon_generation: Some(32), terminal: Applied, message: "" }
terminal=NotifyIconCompatibilityTerminal { correlation_id: "native:26284:33", host_generation: 1787223407552, icon_generation: Some(32), terminal: Applied, message: "" }
terminal=NotifyIconCompatibilityTerminal { correlation_id: "native:26284:33", host_generation: 1787223407552, icon_generation: Some(34), terminal: Applied, message: "" }
terminal=NotifyIconCompatibilityTerminal { correlation_id: "native:26284:35", host_generation: 1787223407552, icon_generation: Some(34), terminal: Applied, message: "" }
terminal=NotifyIconCompatibilityTerminal { correlation_id: "native:26284:35", host_generation: 1787223407552, icon_generation: Some(36), terminal: Applied, message: "" }
terminal=NotifyIconCompatibilityTerminal { correlation_id: "native:20784:35", host_generation: 1787223407552, icon_generation: Some(36), terminal: Applied, message: "" }
terminal=NotifyIconCompatibilityTerminal { correlation_id: "native:26284:37", host_generation: 1787223407552, icon_generation: Some(36), terminal: Applied, message: "" }
terminal=NotifyIconCompatibilityTerminal { correlation_id: "native:26284:37", host_generation: 1787223407552, icon_generation: Some(38), terminal: Applied, message: "" }
terminal=NotifyIconCompatibilityTerminal { correlation_id: "native:26284:39", host_generation: 1787223407552, icon_generation: Some(38), terminal: Applied, message: "" }
terminal=NotifyIconCompatibilityTerminal { correlation_id: "native:26284:39", host_generation: 1787223407552, icon_generation: Some(40), terminal: Applied, message: "" }
terminal=NotifyIconCompatibilityTerminal { correlation_id: "native:26284:41", host_generation: 1787223407552, icon_generation: Some(40), terminal: Applied, message: "" }
terminal=NotifyIconCompatibilityTerminal { correlation_id: "native:26284:41", host_generation: 1787223407552, icon_generation: Some(42), terminal: Applied, message: "" }
terminal=NotifyIconCompatibilityTerminal { correlation_id: "native:26284:43", host_generation: 1787223407552, icon_generation: Some(42), terminal: Applied, message: "" }
terminal=NotifyIconCompatibilityTerminal { correlation_id: "native:26284:43", host_generation: 1787223407552, icon_generation: Some(44), terminal: Applied, message: "" }
snapshot-icons=21
dwData=1 cbData=1484 bytes=2334753401000000bc03000060010100000000000300000065000000d10f0d22430070007500200030000a0054006300630064002000230030003a0020003400
dwData=1 cbData=1484 bytes=2334753401000000bc03000060010100000000000500000065000000d10f0d22430070007500200030000a0054006300630064002000230030003a0020003400
dwData=1 cbData=1484 bytes=2334753400000000bc030000e60e9500621b0000d70000002580000033000100530075007000650072004400650073006b0074006f007000200063006f006d00
dwData=1 cbData=1484 bytes=2334753404000000bc030000e60e9500621b0000d70000002580000033000100530075007000650072004400650073006b0074006f007000200063006f006d00
dwData=1 cbData=1484 bytes=2334753400000000bc030000e60e9500631b0000d70000002580000033000100530075007000650072004400650073006b0074006f007000200063006f006d00
dwData=1 cbData=1484 bytes=2334753404000000bc030000e60e9500631b0000d70000002580000033000100530075007000650072004400650073006b0074006f007000200063006f006d00
dwData=1 cbData=1484 bytes=2334753400000000bc030000e60e9500641b0000d70000002580000033000100530075007000650072004400650073006b0074006f007000200063006f006d00
dwData=1 cbData=1484 bytes=2334753404000000bc030000e60e9500641b0000d70000002580000033000100530075007000650072004400650073006b0074006f007000200063006f006d00
dwData=1 cbData=1484 bytes=2334753400000000bc030000e60e9500651b0000d70000002580000033000100530075007000650072004400650073006b0074006f007000200063006f006d00
dwData=1 cbData=1484 bytes=2334753404000000bc030000e60e9500651b0000d70000002580000033000100530075007000650072004400650073006b0074006f007000200063006f006d00
dwData=1 cbData=1484 bytes=2334753400000000bc030000e60e9500661b0000d70000002580000033000100530075007000650072004400650073006b0074006f007000200063006f006d00
dwData=1 cbData=1484 bytes=2334753404000000bc030000e60e9500661b0000d70000002580000033000100530075007000650072004400650073006b0074006f007000200063006f006d00
dwData=1 cbData=1484 bytes=2334753400000000bc030000e60e9500671b0000d70000002580000033000100530075007000650072004400650073006b0074006f007000200063006f006d00
dwData=1 cbData=1484 bytes=2334753404000000bc030000e60e9500671b0000d70000002580000033000100530075007000650072004400650073006b0074006f007000200063006f006d00
dwData=1 cbData=1484 bytes=2334753400000000bc030000e60e9500681b0000d70000002580000033000100530075007000650072004400650073006b0074006f007000200063006f006d00
dwData=1 cbData=1484 bytes=2334753404000000bc030000e60e9500681b0000d70000002580000033000100530075007000650072004400650073006b0074006f007000200063006f006d00
terminal=NotifyIconCompatibilityTerminal { correlation_id: "native:7616:43", host_generation: 1787223407552, icon_generation: None, terminal: InvalidRequest, message: "notify-icon-owner-or-identity-invalid" }
terminal=NotifyIconCompatibilityTerminal { correlation_id: "native:26284:45", host_generation: 1787223407552, icon_generation: Some(44), terminal: Applied, message: "" }
terminal=NotifyIconCompatibilityTerminal { correlation_id: "native:26284:45", host_generation: 1787223407552, icon_generation: Some(46), terminal: Applied, message: "" }
terminal=NotifyIconCompatibilityTerminal { correlation_id: "native:26284:47", host_generation: 1787223407552, icon_generation: Some(46), terminal: Applied, message: "" }
terminal=NotifyIconCompatibilityTerminal { correlation_id: "native:26284:47", host_generation: 1787223407552, icon_generation: Some(48), terminal: Applied, message: "" }
terminal=NotifyIconCompatibilityTerminal { correlation_id: "native:26284:49", host_generation: 1787223407552, icon_generation: Some(48), terminal: Applied, message: "" }
terminal=NotifyIconCompatibilityTerminal { correlation_id: "native:26284:49", host_generation: 1787223407552, icon_generation: Some(50), terminal: Applied, message: "" }
terminal=NotifyIconCompatibilityTerminal { correlation_id: "native:26284:51", host_generation: 1787223407552, icon_generation: Some(50), terminal: Applied, message: "" }
terminal=NotifyIconCompatibilityTerminal { correlation_id: "native:26284:51", host_generation: 1787223407552, icon_generation: Some(52), terminal: Applied, message: "" }
terminal=NotifyIconCompatibilityTerminal { correlation_id: "native:26284:53", host_generation: 1787223407552, icon_generation: Some(52), terminal: Applied, message: "" }
terminal=NotifyIconCompatibilityTerminal { correlation_id: "native:26284:53", host_generation: 1787223407552, icon_generation: Some(54), terminal: Applied, message: "" }
terminal=NotifyIconCompatibilityTerminal { correlation_id: "native:26284:55", host_generation: 1787223407552, icon_generation: Some(54), terminal: Applied, message: "" }
terminal=NotifyIconCompatibilityTerminal { correlation_id: "native:26284:55", host_generation: 1787223407552, icon_generation: Some(56), terminal: Applied, message: "" }
terminal=NotifyIconCompatibilityTerminal { correlation_id: "native:26284:57", host_generation: 1787223407552, icon_generation: Some(56), terminal: Applied, message: "" }
terminal=NotifyIconCompatibilityTerminal { correlation_id: "native:26284:57", host_generation: 1787223407552, icon_generation: Some(58), terminal: Applied, message: "" }
snapshot-icons=28
dwData=1 cbData=1484 bytes=2334753400000000bc030000e60e9500691b0000d70000002580000033000100530075007000650072004400650073006b0074006f007000200063006f006d00
dwData=1 cbData=1484 bytes=2334753404000000bc030000e60e9500691b0000d70000002580000033000100530075007000650072004400650073006b0074006f007000200063006f006d00
dwData=1 cbData=1484 bytes=2334753400000000bc030000e60e95006a1b0000d70000002580000033000100530075007000650072004400650073006b0074006f007000200063006f006d00
dwData=1 cbData=1484 bytes=2334753404000000bc030000e60e95006a1b0000d70000002580000033000100530075007000650072004400650073006b0074006f007000200063006f006d00
dwData=1 cbData=1484 bytes=2334753400000000bc030000e60e95006b1b0000d70000002580000033000100530075007000650072004400650073006b0074006f007000200063006f006d00
dwData=1 cbData=1484 bytes=2334753404000000bc030000e60e95006b1b0000d70000002580000033000100530075007000650072004400650073006b0074006f007000200063006f006d00
dwData=1 cbData=1484 bytes=2334753400000000bc030000e60e95006c1b0000d70000002580000033000100530075007000650072004400650073006b0074006f007000200063006f006d00
dwData=1 cbData=1484 bytes=2334753404000000bc030000e60e95006c1b0000d70000002580000033000100530075007000650072004400650073006b0074006f007000200063006f006d00
dwData=1 cbData=1484 bytes=2334753401000000bc030000e60e9500591b0000d70000002580000033000100530075007000650072004400650073006b0074006f007000200063006f006d00
dwData=1 cbData=1484 bytes=2334753401000000bc03000060010100000000000300000065000000db10d605430070007500200030000a0054006300630064002000230030003a0020003400
dwData=1 cbData=1484 bytes=2334753401000000bc03000060010100000000000500000065000000db10d605430070007500200030000a0054006300630064002000230030003a0020003400
terminal=NotifyIconCompatibilityTerminal { correlation_id: "native:26284:59", host_generation: 1787223407552, icon_generation: Some(58), terminal: Applied, message: "" }
terminal=NotifyIconCompatibilityTerminal { correlation_id: "native:26284:59", host_generation: 1787223407552, icon_generation: Some(60), terminal: Applied, message: "" }
terminal=NotifyIconCompatibilityTerminal { correlation_id: "native:26284:61", host_generation: 1787223407552, icon_generation: Some(60), terminal: Applied, message: "" }
terminal=NotifyIconCompatibilityTerminal { correlation_id: "native:26284:61", host_generation: 1787223407552, icon_generation: Some(62), terminal: Applied, message: "" }
terminal=NotifyIconCompatibilityTerminal { correlation_id: "native:26284:63", host_generation: 1787223407552, icon_generation: Some(62), terminal: Applied, message: "" }
terminal=NotifyIconCompatibilityTerminal { correlation_id: "native:26284:63", host_generation: 1787223407552, icon_generation: Some(64), terminal: Applied, message: "" }
terminal=NotifyIconCompatibilityTerminal { correlation_id: "native:26284:65", host_generation: 1787223407552, icon_generation: Some(64), terminal: Applied, message: "" }
terminal=NotifyIconCompatibilityTerminal { correlation_id: "native:26284:65", host_generation: 1787223407552, icon_generation: Some(66), terminal: Applied, message: "" }
terminal=NotifyIconCompatibilityTerminal { correlation_id: "native:26284:67", host_generation: 1787223407552, icon_generation: Some(66), terminal: Applied, message: "" }
terminal=NotifyIconCompatibilityTerminal { correlation_id: "native:7616:67", host_generation: 1787223407552, icon_generation: None, terminal: InvalidRequest, message: "notify-icon-owner-or-identity-invalid" }
snapshot-icons=32
snapshot-icons=32
dwData=1 cbData=1484 bytes=2334753401000000bc0300006001010000000000030000006500000069127703430070007500200030000a0054006300630064002000230030003a0020003400
dwData=1 cbData=1484 bytes=2334753401000000bc0300006001010000000000050000006500000069127703430070007500200030000a0054006300630064002000230030003a0020003400
terminal=NotifyIconCompatibilityTerminal { correlation_id: "native:7616:67", host_generation: 1787223407552, icon_generation: None, terminal: InvalidRequest, message: "notify-icon-owner-or-identity-invalid" }
snapshot-icons=32
snapshot-icons=32
dwData=1 cbData=1484 bytes=2334753401000000bc0300006001010000000000050000006500000069127703430070007500200030000a0054006300630064002000230030003a0020003500
terminal=NotifyIconCompatibilityTerminal { correlation_id: "native:7616:67", host_generation: 1787223407552, icon_generation: None, terminal: InvalidRequest, message: "notify-icon-owner-or-identity-invalid" }
snapshot-icons=32
dwData=1 cbData=1484 bytes=2334753401000000bc03000060010100000000000300000065000000a1117102430070007500200030000a0054006300630064002000230030003a0020003500
dwData=1 cbData=1484 bytes=2334753401000000bc03000060010100000000000500000065000000a1117102430070007500200030000a0054006300630064002000230030003a0020003500
terminal=NotifyIconCompatibilityTerminal { correlation_id: "native:7616:67", host_generation: 1787223407552, icon_generation: None, terminal: InvalidRequest, message: "notify-icon-owner-or-identity-invalid" }
snapshot-icons=32
snapshot-icons=32
dwData=1 cbData=1484 bytes=2334753401000000bc030000600101000000000003000000650000005f0fca02430070007500200030000a0054006300630064002000230030003a0020003500
dwData=1 cbData=1484 bytes=2334753401000000bc030000600101000000000005000000650000005f0fca02430070007500200030000a0054006300630064002000230030003a0020003400
terminal=NotifyIconCompatibilityTerminal { correlation_id: "native:7616:67", host_generation: 1787223407552, icon_generation: None, terminal: InvalidRequest, message: "notify-icon-owner-or-identity-invalid" }
snapshot-icons=32
snapshot-icons=32
dwData=1 cbData=1484 bytes=2334753401000000bc03000060010100000000000300000065000000ed0f6e08430070007500200030000a0054006300630064002000230030003a0020003400
dwData=1 cbData=1484 bytes=2334753401000000bc03000060010100000000000500000065000000ed0f6e08430070007500200030000a0054006300630064002000230030003a0020003400
terminal=NotifyIconCompatibilityTerminal { correlation_id: "native:7616:67", host_generation: 1787223407552, icon_generation: None, terminal: InvalidRequest, message: "notify-icon-owner-or-identity-invalid" }
snapshot-icons=32
dwData=1 cbData=1484 bytes=2334753401000000bc030000600101000000000003000000650000008711c102430070007500200030000a0054006300630064002000230030003a0020003400
dwData=1 cbData=1484 bytes=2334753401000000bc030000600101000000000005000000650000008711c102430070007500200030000a0054006300630064002000230030003a0020003400
terminal=NotifyIconCompatibilityTerminal { correlation_id: "native:7616:67", host_generation: 1787223407552, icon_generation: None, terminal: InvalidRequest, message: "notify-icon-owner-or-identity-invalid" }
snapshot-icons=32
snapshot-icons=32
dwData=1 cbData=1484 bytes=2334753401000000bc030000600101000000000005000000650000008711c102430070007500200030000a0054006300630064002000230030003a0020003500
terminal=NotifyIconCompatibilityTerminal { correlation_id: "native:7616:67", host_generation: 1787223407552, icon_generation: None, terminal: InvalidRequest, message: "notify-icon-owner-or-identity-invalid" }
snapshot-icons=32
snapshot-icons=32
dwData=1 cbData=1484 bytes=2334753401000000bc030000600101000000000005000000650000008711c102430070007500200030000a0054006300630064002000230030003a0020003400
terminal=NotifyIconCompatibilityTerminal { correlation_id: "native:7616:67", host_generation: 1787223407552, icon_generation: None, terminal: InvalidRequest, message: "notify-icon-owner-or-identity-invalid" }
snapshot-icons=32
dwData=1 cbData=1484 bytes=2334753401000000bc03000060010100000000000300000065000000fb113602430070007500200030000a0054006300630064002000230030003a0020003400
dwData=1 cbData=1484 bytes=2334753401000000bc03000060010100000000000500000065000000fb113602430070007500200030000a0054006300630064002000230030003a0020003500
terminal=NotifyIconCompatibilityTerminal { correlation_id: "native:7616:67", host_generation: 1787223407552, icon_generation: None, terminal: InvalidRequest, message: "notify-icon-owner-or-identity-invalid" }
snapshot-icons=32
snapshot-icons=32
dwData=1 cbData=1484 bytes=2334753401000000bc03000060010100000000000300000065000000b111a904430070007500200030000a0054006300630064002000230030003a0020003500
dwData=1 cbData=1484 bytes=2334753401000000bc03000060010100000000000500000065000000b111a904430070007500200030000a0054006300630064002000230030003a0020003400
terminal=NotifyIconCompatibilityTerminal { correlation_id: "native:7616:67", host_generation: 1787223407552, icon_generation: None, terminal: InvalidRequest, message: "notify-icon-owner-or-identity-invalid" }
snapshot-icons=32
snapshot-icons=32
dwData=1 cbData=1484 bytes=2334753401000000bc03000060010100000000000500000065000000b111a904430070007500200030000a0054006300630064002000230030003a0020003500
terminal=NotifyIconCompatibilityTerminal { correlation_id: "native:7616:67", host_generation: 1787223407552, icon_generation: None, terminal: InvalidRequest, message: "notify-icon-owner-or-identity-invalid" }
snapshot-icons=32
snapshot-icons=32
dwData=1 cbData=1484 bytes=2334753401000000bc03000060010100000000000300000065000000f10e6a04430070007500200030000a0054006300630064002000230030003a0020003500
dwData=1 cbData=1484 bytes=2334753401000000bc03000060010100000000000500000065000000f10e6a04430070007500200030000a0054006300630064002000230030003a0020003500
terminal=NotifyIconCompatibilityTerminal { correlation_id: "native:7616:67", host_generation: 1787223407552, icon_generation: None, terminal: InvalidRequest, message: "notify-icon-owner-or-identity-invalid" }
snapshot-icons=32
snapshot-icons=32
dwData=1 cbData=1484 bytes=2334753401000000bc030000600101000000000003000000650000002f101f04430070007500200030000a0054006300630064002000230030003a0020003500
dwData=1 cbData=1484 bytes=2334753401000000bc030000600101000000000005000000650000002f101f04430070007500200030000a0054006300630064002000230030003a0020003400
terminal=NotifyIconCompatibilityTerminal { correlation_id: "native:7616:67", host_generation: 1787223407552, icon_generation: None, terminal: InvalidRequest, message: "notify-icon-owner-or-identity-invalid" }
snapshot-icons=32
dwData=1 cbData=1484 bytes=2334753401000000bc030000600101000000000003000000650000008b0eac6e430070007500200030000a0054006300630064002000230030003a0020003400
dwData=1 cbData=1484 bytes=2334753401000000bc030000600101000000000005000000650000008b0eac6e430070007500200030000a0054006300630064002000230030003a0020003500
terminal=NotifyIconCompatibilityTerminal { correlation_id: "native:7616:67", host_generation: 1787223407552, icon_generation: None, terminal: InvalidRequest, message: "notify-icon-owner-or-identity-invalid" }
snapshot-icons=32
snapshot-icons=32
dwData=1 cbData=1484 bytes=2334753401000000bc030000600101000000000005000000650000008b0eac6e430070007500200030000a0054006300630064002000230030003a0020003400
terminal=NotifyIconCompatibilityTerminal { correlation_id: "native:7616:67", host_generation: 1787223407552, icon_generation: None, terminal: InvalidRequest, message: "notify-icon-owner-or-identity-invalid" }
snapshot-icons=32
snapshot-icons=32
dwData=1 cbData=1484 bytes=2334753401000000bc030000600101000000000005000000650000008b0eac6e430070007500200030000a0054006300630064002000230030003a0020003500
terminal=NotifyIconCompatibilityTerminal { correlation_id: "native:7616:67", host_generation: 1787223407552, icon_generation: None, terminal: InvalidRequest, message: "notify-icon-owner-or-identity-invalid" }
snapshot-icons=32
dwData=1 cbData=1484 bytes=2334753401000000bc030000600101000000000005000000650000008b0eac6e430070007500200030000a0054006300630064002000230030003a0020003500
terminal=NotifyIconCompatibilityTerminal { correlation_id: "native:7616:67", host_generation: 1787223407552, icon_generation: None, terminal: InvalidRequest, message: "notify-icon-owner-or-identity-invalid" }
snapshot-icons=32
snapshot-icons=32
dwData=1 cbData=1484 bytes=2334753401000000bc03000060010100000000000300000065000000a30fdf03430070007500200030000a0054006300630064002000230030003a0020003500
dwData=1 cbData=1484 bytes=2334753401000000bc03000060010100000000000500000065000000a30fdf03430070007500200030000a0054006300630064002000230030003a0020003400
terminal=NotifyIconCompatibilityTerminal { correlation_id: "native:7616:67", host_generation: 1787223407552, icon_generation: None, terminal: InvalidRequest, message: "notify-icon-owner-or-identity-invalid" }
snapshot-icons=32
snapshot-icons=32
dwData=1 cbData=1484 bytes=2334753401000000bc03000060010100000000000500000065000000a30fdf03430070007500200030000a0054006300630064002000230030003a0020003500
terminal=NotifyIconCompatibilityTerminal { correlation_id: "native:7616:67", host_generation: 1787223407552, icon_generation: None, terminal: InvalidRequest, message: "notify-icon-owner-or-identity-invalid" }
snapshot-icons=32
dwData=1 cbData=1484 bytes=2334753403000000bc030000e60e9500591b0000d70000002580000033000100530075007000650072004400650073006b0074006f007000200063006f006d00
dwData=1 cbData=1484 bytes=2334753402000000bc030000e60e9500591b0000d70000002580000033000100530075007000650072004400650073006b0074006f007000200063006f006d00
dwData=1 cbData=1484 bytes=2334753402000000bc030000e60e95005a1b0000d70000002580000033000100530075007000650072004400650073006b0074006f007000200063006f006d00
dwData=1 cbData=1484 bytes=2334753402000000bc030000e60e95005b1b0000d70000002580000033000100530075007000650072004400650073006b0074006f007000200063006f006d00
dwData=1 cbData=1484 bytes=2334753402000000bc030000e60e95005c1b0000d70000002580000033000100530075007000650072004400650073006b0074006f007000200063006f006d00
dwData=1 cbData=1484 bytes=2334753402000000bc030000e60e95005d1b0000d70000002580000033000100530075007000650072004400650073006b0074006f007000200063006f006d00
dwData=1 cbData=1484 bytes=2334753402000000bc030000e60e95005e1b0000d70000002580000033000100530075007000650072004400650073006b0074006f007000200063006f006d00
dwData=1 cbData=1484 bytes=2334753402000000bc030000e60e95005f1b0000d70000002580000033000100530075007000650072004400650073006b0074006f007000200063006f006d00
dwData=1 cbData=1484 bytes=2334753402000000bc030000e60e9500601b0000d70000002580000033000100530075007000650072004400650073006b0074006f007000200063006f006d00
dwData=1 cbData=1484 bytes=2334753402000000bc030000e60e9500611b0000d70000002580000033000100530075007000650072004400650073006b0074006f007000200063006f006d00
dwData=1 cbData=1484 bytes=2334753402000000bc030000e60e9500621b0000d70000002580000033000100530075007000650072004400650073006b0074006f007000200063006f006d00
dwData=1 cbData=1484 bytes=2334753402000000bc030000e60e9500631b0000d70000002580000033000100530075007000650072004400650073006b0074006f007000200063006f006d00
dwData=1 cbData=1484 bytes=2334753402000000bc030000e60e9500641b0000d70000002580000033000100530075007000650072004400650073006b0074006f007000200063006f006d00
dwData=1 cbData=1484 bytes=2334753402000000bc030000e60e9500651b0000d70000002580000033000100530075007000650072004400650073006b0074006f007000200063006f006d00
dwData=1 cbData=1484 bytes=2334753402000000bc030000e60e9500661b0000d70000002580000033000100530075007000650072004400650073006b0074006f007000200063006f006d00
dwData=1 cbData=1484 bytes=2334753402000000bc030000e60e9500671b0000d70000002580000033000100530075007000650072004400650073006b0074006f007000200063006f006d00
dwData=1 cbData=1484 bytes=2334753402000000bc030000e60e9500681b0000d70000002580000033000100530075007000650072004400650073006b0074006f007000200063006f006d00
dwData=1 cbData=1484 bytes=2334753402000000bc030000e60e9500691b0000d70000002580000033000100530075007000650072004400650073006b0074006f007000200063006f006d00
dwData=1 cbData=1484 bytes=2334753402000000bc030000e60e95006a1b0000d70000002580000033000100530075007000650072004400650073006b0074006f007000200063006f006d00
dwData=1 cbData=1484 bytes=2334753402000000bc030000e60e95006b1b0000d70000002580000033000100530075007000650072004400650073006b0074006f007000200063006f006d00
dwData=1 cbData=1484 bytes=2334753402000000bc030000e60e95006c1b0000d70000002580000033000100530075007000650072004400650073006b0074006f007000200063006f006d00
terminal=NotifyIconCompatibilityTerminal { correlation_id: "native:26284:68", host_generation: 1787223407552, icon_generation: None, terminal: InvalidRequest, message: "notify-icon-owner-or-identity-invalid" }
terminal=NotifyIconCompatibilityTerminal { correlation_id: "native:26284:68", host_generation: 1787223407552, icon_generation: None, terminal: InvalidRequest, message: "notify-icon-owner-or-identity-invalid" }
terminal=NotifyIconCompatibilityTerminal { correlation_id: "native:26284:68", host_generation: 1787223407552, icon_generation: None, terminal: InvalidRequest, message: "notify-icon-owner-or-identity-invalid" }
terminal=NotifyIconCompatibilityTerminal { correlation_id: "native:26284:68", host_generation: 1787223407552, icon_generation: None, terminal: InvalidRequest, message: "notify-icon-owner-or-identity-invalid" }
terminal=NotifyIconCompatibilityTerminal { correlation_id: "native:26284:68", host_generation: 1787223407552, icon_generation: None, terminal: InvalidRequest, message: "notify-icon-owner-or-identity-invalid" }
terminal=NotifyIconCompatibilityTerminal { correlation_id: "native:26284:68", host_generation: 1787223407552, icon_generation: None, terminal: InvalidRequest, message: "notify-icon-owner-or-identity-invalid" }
terminal=NotifyIconCompatibilityTerminal { correlation_id: "native:26284:68", host_generation: 1787223407552, icon_generation: None, terminal: InvalidRequest, message: "notify-icon-owner-or-identity-invalid" }
terminal=NotifyIconCompatibilityTerminal { correlation_id: "native:26284:68", host_generation: 1787223407552, icon_generation: None, terminal: InvalidRequest, message: "notify-icon-owner-or-identity-invalid" }
terminal=NotifyIconCompatibilityTerminal { correlation_id: "native:26284:68", host_generation: 1787223407552, icon_generation: None, terminal: InvalidRequest, message: "notify-icon-owner-or-identity-invalid" }
terminal=NotifyIconCompatibilityTerminal { correlation_id: "native:26284:68", host_generation: 1787223407552, icon_generation: None, terminal: InvalidRequest, message: "notify-icon-owner-or-identity-invalid" }
terminal=NotifyIconCompatibilityTerminal { correlation_id: "native:26284:68", host_generation: 1787223407552, icon_generation: None, terminal: InvalidRequest, message: "notify-icon-owner-or-identity-invalid" }
terminal=NotifyIconCompatibilityTerminal { correlation_id: "native:26284:68", host_generation: 1787223407552, icon_generation: None, terminal: InvalidRequest, message: "notify-icon-owner-or-identity-invalid" }
terminal=NotifyIconCompatibilityTerminal { correlation_id: "native:26284:68", host_generation: 1787223407552, icon_generation: None, terminal: InvalidRequest, message: "notify-icon-owner-or-identity-invalid" }
terminal=NotifyIconCompatibilityTerminal { correlation_id: "native:26284:68", host_generation: 1787223407552, icon_generation: None, terminal: InvalidRequest, message: "notify-icon-owner-or-identity-invalid" }
terminal=NotifyIconCompatibilityTerminal { correlation_id: "native:26284:68", host_generation: 1787223407552, icon_generation: None, terminal: InvalidRequest, message: "notify-icon-owner-or-identity-invalid" }
terminal=NotifyIconCompatibilityTerminal { correlation_id: "native:26284:68", host_generation: 1787223407552, icon_generation: None, terminal: InvalidRequest, message: "notify-icon-owner-or-identity-invalid" }
terminal=NotifyIconCompatibilityTerminal { correlation_id: "native:26284:68", host_generation: 1787223407552, icon_generation: None, terminal: InvalidRequest, message: "notify-icon-owner-or-identity-invalid" }
terminal=NotifyIconCompatibilityTerminal { correlation_id: "native:26284:68", host_generation: 1787223407552, icon_generation: None, terminal: InvalidRequest, message: "notify-icon-owner-or-identity-invalid" }
terminal=NotifyIconCompatibilityTerminal { correlation_id: "native:26284:68", host_generation: 1787223407552, icon_generation: None, terminal: InvalidRequest, message: "notify-icon-owner-or-identity-invalid" }
terminal=NotifyIconCompatibilityTerminal { correlation_id: "native:26284:68", host_generation: 1787223407552, icon_generation: None, terminal: InvalidRequest, message: "notify-icon-owner-or-identity-invalid" }
terminal=NotifyIconCompatibilityTerminal { correlation_id: "native:26284:68", host_generation: 1787223407552, icon_generation: None, terminal: InvalidRequest, message: "notify-icon-owner-or-identity-invalid" }
snapshot-icons=12
dwData=1 cbData=1484 bytes=2334753401000000bc03000060010100000000000500000065000000a30fdf03430070007500200030000a0054006300630064002000230030003a0020003500
terminal=NotifyIconCompatibilityTerminal { correlation_id: "native:7616:68", host_generation: 1787223407552, icon_generation: None, terminal: InvalidRequest, message: "notify-icon-owner-or-identity-invalid" }
snapshot-icons=12
dwData=1 cbData=1484 bytes=2334753401000000bc03000060010100000000000500000065000000a30fdf03430070007500200030000a0054006300630064002000230030003a0020003500
terminal=NotifyIconCompatibilityTerminal { correlation_id: "native:7616:68", host_generation: 1787223407552, icon_generation: None, terminal: InvalidRequest, message: "notify-icon-owner-or-identity-invalid" }
snapshot-icons=12
snapshot-icons=12
dwData=1 cbData=1484 bytes=2334753401000000bc03000060010100000000000500000065000000a30fdf03430070007500200030000a0054006300630064002000230030003a0020003500
terminal=NotifyIconCompatibilityTerminal { correlation_id: "native:7616:68", host_generation: 1787223407552, icon_generation: None, terminal: InvalidRequest, message: "notify-icon-owner-or-identity-invalid" }
snapshot-icons=12
dwData=1 cbData=1484 bytes=2334753400000000bc030000ea020800020000000700000072170000a3010e0052007500730074004400650073006b0020002d002000315cd27d0a0031002000
dwData=1 cbData=1484 bytes=2334753402000000bc03000050090100030000000000000000000000000000000000000000000000000000000000000000000000000000000000000000000000
dwData=1 cbData=1484 bytes=2334753402000000bc03000092071600030000002000000000000000000000000000000000000000000000000000000000000000000000000000000000000000
dwData=1 cbData=1484 bytes=2334753400000000bc030000bc06020001000000070000000008000011073800540069006d00650053006e006100700070006500720020002800410063007400
dwData=1 cbData=1484 bytes=2334753400000000bc030000d2020300000000000700000000140000e9028c00450076006500720079007400680069006e006700000000000000000000000000
dwData=1 cbData=1484 bytes=2334753402000000bc030000e8020600010000000700000001040000000000000000000000000000000000000000000000000000000000000000000000000000
dwData=1 cbData=1484 bytes=2334753402000000bc030000a8090100010000000700000000080000e10902004d006100610041007300730069007300740061006e007400410072006b006e00
dwData=1 cbData=1484 bytes=2334753400000000bc030000f20305000100000087000000018000008d047b004d0075004d00750050006c006100790065007200000000000000000000000000
dwData=1 cbData=1484 bytes=2334753402000000bc030000e80a0a00030000002000000000000000000000000000000000000000000000000000000000000000000000000000000000000000
dwData=1 cbData=1484 bytes=2334753402000000bc0300009407080001000000a700000003040000ab091a0a4d006900630072006f0073006f00660074002000330036003500200043006f00
dwData=1 cbData=1484 bytes=2334753402000000bc030000ae0302008200000000000000640400003304060044006900740074006f0000000000000000000000000000000000000000000000
dwData=1 cbData=1484 bytes=2334753401000000bc030000e205030064000000ae000000000000000d0e3d22570069006e0064006f00770073002000895b6851276020002d002000fa5e708b
dwData=1 cbData=1484 bytes=2334753400000000bc03000050090100030000000300000001800000550901000000000000000000000000000000000000000000000000000000000000000000
dwData=1 cbData=1484 bytes=2334753400000000bc030000c4107e00000000008f00000065800000a0110600b06548722c670b4e7d8f2d4e20003500370032002e00390031004d0042002f00
dwData=1 cbData=1484 bytes=2334753402000000bc0300003a080800070000000000000000000000000000000000000000000000000000000000000000000000000000000000000000000000
dwData=1 cbData=1484 bytes=2334753400000000bc03000092071600030000002300000001800000bb0602000000000000000000000000000000000000000000000000000000000000000000
dwData=1 cbData=1484 bytes=2334753401000000bc03000060010100000000000700000065000000d7125c05430070007500200030000a0054006300630064002000230030003a0020003400
dwData=1 cbData=1484 bytes=2334753400000000bc030000a8090100010000000700000000080000e10902004d006100610041007300730069007300740061006e007400410072006b006e00
dwData=1 cbData=1484 bytes=2334753400000000bc030000e80a0a000300000027000000018000008a0b26004300680061007400470050005400000000000000000000000000000000000000
dwData=1 cbData=1484 bytes=2334753400000000bc0300009407080001000000a700000003040000ab091a0a4d006900630072006f0073006f00660074002000330036003500200043006f00
dwData=1 cbData=1484 bytes=2334753400000000bc030000ae0302008200000007000000640400003304060044006900740074006f0000000000000000000000000000000000000000000000
dwData=1 cbData=1484 bytes=2334753404000000bc030000c4107e00000000008f00000065800000a0110600b06548722c670b4e7d8f2d4e20003500370032002e00390031004d0042002f00
dwData=1 cbData=1484 bytes=2334753400000000bc0300003a0808000700000003000000018000003f090e000000000000000000000000000000000000000000000000000000000000000000
dwData=1 cbData=1484 bytes=2334753404000000bc0300009407080001000000a700000003040000ab091a0a4d006900630072006f0073006f00660074002000330036003500200043006f00
dwData=1 cbData=1484 bytes=2334753401000000bc03000060010100000000000700000065000000d7125d05430070007500200030000a0054006300630064002000230030003a0020003400
terminal=NotifyIconCompatibilityTerminal { correlation_id: "native:18828:2", host_generation: 1787224117032, icon_generation: Some(1), terminal: Applied, message: "" }
dwData=1 cbData=1484 bytes=2334753401000000bc03000060010100000000000700000065000000d7126005430070007500200030000a0054006300630064002000230030003a0020003400
terminal=NotifyIconCompatibilityTerminal { correlation_id: "native:27612:2", host_generation: 1787224117032, icon_generation: Some(3), terminal: NoChange, message: "" }
terminal=NotifyIconCompatibilityTerminal { correlation_id: "native:23428:2", host_generation: 1787224117032, icon_generation: Some(3), terminal: NoChange, message: "" }
terminal=NotifyIconCompatibilityTerminal { correlation_id: "native:33372:4", host_generation: 1787224117032, icon_generation: Some(3), terminal: Applied, message: "" }
terminal=NotifyIconCompatibilityTerminal { correlation_id: "native:18180:4", host_generation: 1787224117032, icon_generation: None, terminal: InvalidRequest, message: "notify-icon-owner-or-identity-invalid" }
terminal=NotifyIconCompatibilityTerminal { correlation_id: "native:14740:4", host_generation: 1787224117032, icon_generation: Some(5), terminal: NoChange, message: "" }
terminal=NotifyIconCompatibilityTerminal { correlation_id: "native:31292:4", host_generation: 1787224117032, icon_generation: Some(5), terminal: NoChange, message: "" }
terminal=NotifyIconCompatibilityTerminal { correlation_id: "native:21628:6", host_generation: 1787224117032, icon_generation: Some(5), terminal: Applied, message: "" }
terminal=NotifyIconCompatibilityTerminal { correlation_id: "native:31492:6", host_generation: 1787224117032, icon_generation: Some(7), terminal: NoChange, message: "" }
terminal=NotifyIconCompatibilityTerminal { correlation_id: "native:39188:6", host_generation: 1787224117032, icon_generation: Some(7), terminal: NoChange, message: "" }
terminal=NotifyIconCompatibilityTerminal { correlation_id: "native:21196:6", host_generation: 1787224117032, icon_generation: Some(7), terminal: NoChange, message: "" }
terminal=NotifyIconCompatibilityTerminal { correlation_id: "native:17868:6", host_generation: 1787224117032, icon_generation: None, terminal: InvalidRequest, message: "notify-icon-owned-invalid" }
terminal=NotifyIconCompatibilityTerminal { correlation_id: "native:27612:8", host_generation: 1787224117032, icon_generation: Some(7), terminal: Applied, message: "" }
terminal=NotifyIconCompatibilityTerminal { correlation_id: "native:15400:8", host_generation: 1787224117032, icon_generation: None, terminal: InvalidRequest, message: "notify-icon-owner-or-identity-invalid" }
terminal=NotifyIconCompatibilityTerminal { correlation_id: "native:30136:8", host_generation: 1787224117032, icon_generation: Some(9), terminal: NoChange, message: "" }
terminal=NotifyIconCompatibilityTerminal { correlation_id: "native:23428:10", host_generation: 1787224117032, icon_generation: Some(9), terminal: Applied, message: "" }
terminal=NotifyIconCompatibilityTerminal { correlation_id: "native:7616:10", host_generation: 1787224117032, icon_generation: None, terminal: InvalidRequest, message: "notify-icon-owner-or-identity-invalid" }
terminal=NotifyIconCompatibilityTerminal { correlation_id: "native:31292:12", host_generation: 1787224117032, icon_generation: Some(11), terminal: Applied, message: "" }
terminal=NotifyIconCompatibilityTerminal { correlation_id: "native:31492:14", host_generation: 1787224117032, icon_generation: Some(13), terminal: Applied, message: "" }
terminal=NotifyIconCompatibilityTerminal { correlation_id: "native:39188:16", host_generation: 1787224117032, icon_generation: Some(15), terminal: Applied, message: "" }
terminal=NotifyIconCompatibilityTerminal { correlation_id: "native:21196:18", host_generation: 1787224117032, icon_generation: Some(17), terminal: Applied, message: "" }
terminal=NotifyIconCompatibilityTerminal { correlation_id: "native:15400:18", host_generation: 1787224117032, icon_generation: None, terminal: InvalidRequest, message: "notify-icon-owner-or-identity-invalid" }
terminal=NotifyIconCompatibilityTerminal { correlation_id: "native:30136:20", host_generation: 1787224117032, icon_generation: Some(19), terminal: Applied, message: "" }
terminal=NotifyIconCompatibilityTerminal { correlation_id: "native:39188:20", host_generation: 1787224117032, icon_generation: Some(21), terminal: Applied, message: "" }
dwData=1 cbData=1484 bytes=2334753402000000bc03000060010100000000000700000065000000d7126005430070007500200030000a0054006300630064002000230030003a0020003400
dwData=1 cbData=1484 bytes=2334753400000000bc030000600101001b0000000700000065000000d712610543006f00720065002000540065006d0070002000760065007200730069006f00
dwData=1 cbData=1484 bytes=2334753401000000bc030000600101001b00000002000000650000009d02010043006f00720065002000540065006d0070002000760065007200730069006f00
dwData=1 cbData=1484 bytes=2334753401000000bc030000600101001b00000002000000650000009d02010043006f00720065002000540065006d0070002000760065007200730069006f00
dwData=1 cbData=1484 bytes=2334753400000000bc03000060010100000000000700000065000000d7126305430070007500200030000a0054006300630064002000230030003a0020003400
dwData=1 cbData=1484 bytes=2334753402000000bc030000600101001b00000002000000650000009d02010043006f00720065002000540065006d0070002000760065007200730069006f00
snapshot-icons=10
dwData=1 cbData=1484 bytes=2334753400000000bc0300001403080001000000870000005480000035070a0e45007000690063002000470061006d006500730020005f55d552685600000000
dwData=1 cbData=1484 bytes=2334753400000000bc030000ae0e5b00591b0000d70000002580000033000100530075007000650072004400650073006b0074006f007000200063006f006d00
dwData=1 cbData=1484 bytes=2334753404000000bc030000ae0e5b00591b0000d70000002580000033000100530075007000650072004400650073006b0074006f007000200063006f006d00
dwData=1 cbData=1484 bytes=2334753400000000bc030000ae0e5b005a1b0000d70000002580000033000100530075007000650072004400650073006b0074006f007000200063006f006d00
dwData=1 cbData=1484 bytes=2334753404000000bc030000ae0e5b005a1b0000d70000002580000033000100530075007000650072004400650073006b0074006f007000200063006f006d00
terminal=NotifyIconCompatibilityTerminal { correlation_id: "native:7616:20", host_generation: 1787224117032, icon_generation: None, terminal: InvalidRequest, message: "notify-icon-owner-or-identity-invalid" }
terminal=NotifyIconCompatibilityTerminal { correlation_id: "native:7616:20", host_generation: 1787224117032, icon_generation: None, terminal: InvalidRequest, message: "notify-icon-owner-or-identity-invalid" }
terminal=NotifyIconCompatibilityTerminal { correlation_id: "native:7616:20", host_generation: 1787224117032, icon_generation: None, terminal: InvalidRequest, message: "notify-icon-copy-failed" }
terminal=NotifyIconCompatibilityTerminal { correlation_id: "native:7616:20", host_generation: 1787224117032, icon_generation: Some(21), terminal: NoChange, message: "" }
terminal=NotifyIconCompatibilityTerminal { correlation_id: "native:7616:20", host_generation: 1787224117032, icon_generation: None, terminal: InvalidRequest, message: "notify-icon-owner-or-identity-invalid" }
terminal=NotifyIconCompatibilityTerminal { correlation_id: "native:7616:20", host_generation: 1787224117032, icon_generation: Some(21), terminal: NoChange, message: "" }
terminal=NotifyIconCompatibilityTerminal { correlation_id: "native:20784:22", host_generation: 1787224117032, icon_generation: Some(21), terminal: Applied, message: "" }
terminal=NotifyIconCompatibilityTerminal { correlation_id: "native:40000:25", host_generation: 1787224117032, icon_generation: Some(23), terminal: Applied, message: "" }
terminal=NotifyIconCompatibilityTerminal { correlation_id: "native:40000:25", host_generation: 1787224117032, icon_generation: Some(26), terminal: Applied, message: "" }
terminal=NotifyIconCompatibilityTerminal { correlation_id: "native:40000:27", host_generation: 1787224117032, icon_generation: Some(26), terminal: Applied, message: "" }
terminal=NotifyIconCompatibilityTerminal { correlation_id: "native:40000:27", host_generation: 1787224117032, icon_generation: Some(28), terminal: Applied, message: "" }
snapshot-icons=13
dwData=1 cbData=1484 bytes=2334753400000000bc030000ae0e5b005b1b0000d70000002580000033000100530075007000650072004400650073006b0074006f007000200063006f006d00
dwData=1 cbData=1484 bytes=2334753404000000bc030000ae0e5b005b1b0000d70000002580000033000100530075007000650072004400650073006b0074006f007000200063006f006d00
dwData=1 cbData=1484 bytes=2334753400000000bc030000ae0e5b005c1b0000d70000002580000033000100530075007000650072004400650073006b0074006f007000200063006f006d00
dwData=1 cbData=1484 bytes=2334753404000000bc030000ae0e5b005c1b0000d70000002580000033000100530075007000650072004400650073006b0074006f007000200063006f006d00
dwData=1 cbData=1484 bytes=2334753401000000bc03000060010100000000000300000065000000b30fc406430070007500200030000a0054006300630064002000230030003a0020003400
dwData=1 cbData=1484 bytes=2334753401000000bc03000060010100000000000500000065000000b30fc406430070007500200030000a0054006300630064002000230030003a0020003400
dwData=1 cbData=1484 bytes=2334753400000000bc030000ae0e5b005d1b0000d70000002580000033000100530075007000650072004400650073006b0074006f007000200063006f006d00
dwData=1 cbData=1484 bytes=2334753404000000bc030000ae0e5b005d1b0000d70000002580000033000100530075007000650072004400650073006b0074006f007000200063006f006d00
dwData=1 cbData=1484 bytes=2334753404000000bc03000014030800010000000000000000000000000000000000000000000000000000000000000000000000000000000000000000000000
dwData=1 cbData=1484 bytes=2334753400000000bc030000ae0e5b005e1b0000d70000002580000033000100530075007000650072004400650073006b0074006f007000200063006f006d00
dwData=1 cbData=1484 bytes=2334753404000000bc030000ae0e5b005e1b0000d70000002580000033000100530075007000650072004400650073006b0074006f007000200063006f006d00
dwData=1 cbData=1484 bytes=2334753400000000bc030000ae0e5b005f1b0000d70000002580000033000100530075007000650072004400650073006b0074006f007000200063006f006d00
dwData=1 cbData=1484 bytes=2334753404000000bc030000ae0e5b005f1b0000d70000002580000033000100530075007000650072004400650073006b0074006f007000200063006f006d00
dwData=1 cbData=1484 bytes=2334753400000000bc030000ae0e5b00601b0000d70000002580000033000100530075007000650072004400650073006b0074006f007000200063006f006d00
dwData=1 cbData=1484 bytes=2334753404000000bc030000ae0e5b00601b0000d70000002580000033000100530075007000650072004400650073006b0074006f007000200063006f006d00
dwData=1 cbData=1484 bytes=2334753400000000bc030000ae0e5b00611b0000d70000002580000033000100530075007000650072004400650073006b0074006f007000200063006f006d00
dwData=1 cbData=1484 bytes=2334753404000000bc030000ae0e5b00611b0000d70000002580000033000100530075007000650072004400650073006b0074006f007000200063006f006d00
terminal=NotifyIconCompatibilityTerminal { correlation_id: "native:40000:29", host_generation: 1787224117032, icon_generation: Some(28), terminal: Applied, message: "" }
terminal=NotifyIconCompatibilityTerminal { correlation_id: "native:40000:29", host_generation: 1787224117032, icon_generation: Some(30), terminal: Applied, message: "" }
terminal=NotifyIconCompatibilityTerminal { correlation_id: "native:40000:31", host_generation: 1787224117032, icon_generation: Some(30), terminal: Applied, message: "" }
terminal=NotifyIconCompatibilityTerminal { correlation_id: "native:40000:31", host_generation: 1787224117032, icon_generation: Some(32), terminal: Applied, message: "" }
terminal=NotifyIconCompatibilityTerminal { correlation_id: "native:7616:31", host_generation: 1787224117032, icon_generation: None, terminal: InvalidRequest, message: "notify-icon-owner-or-identity-invalid" }
terminal=NotifyIconCompatibilityTerminal { correlation_id: "native:40000:33", host_generation: 1787224117032, icon_generation: Some(32), terminal: Applied, message: "" }
terminal=NotifyIconCompatibilityTerminal { correlation_id: "native:40000:33", host_generation: 1787224117032, icon_generation: Some(34), terminal: Applied, message: "" }
terminal=NotifyIconCompatibilityTerminal { correlation_id: "native:20784:33", host_generation: 1787224117032, icon_generation: Some(34), terminal: Applied, message: "" }
terminal=NotifyIconCompatibilityTerminal { correlation_id: "native:40000:35", host_generation: 1787224117032, icon_generation: Some(34), terminal: Applied, message: "" }
terminal=NotifyIconCompatibilityTerminal { correlation_id: "native:40000:35", host_generation: 1787224117032, icon_generation: Some(36), terminal: Applied, message: "" }
terminal=NotifyIconCompatibilityTerminal { correlation_id: "native:40000:37", host_generation: 1787224117032, icon_generation: Some(36), terminal: Applied, message: "" }
terminal=NotifyIconCompatibilityTerminal { correlation_id: "native:40000:37", host_generation: 1787224117032, icon_generation: Some(38), terminal: Applied, message: "" }
terminal=NotifyIconCompatibilityTerminal { correlation_id: "native:40000:39", host_generation: 1787224117032, icon_generation: Some(38), terminal: Applied, message: "" }
terminal=NotifyIconCompatibilityTerminal { correlation_id: "native:40000:39", host_generation: 1787224117032, icon_generation: Some(40), terminal: Applied, message: "" }
terminal=NotifyIconCompatibilityTerminal { correlation_id: "native:40000:41", host_generation: 1787224117032, icon_generation: Some(40), terminal: Applied, message: "" }
terminal=NotifyIconCompatibilityTerminal { correlation_id: "native:40000:41", host_generation: 1787224117032, icon_generation: Some(42), terminal: Applied, message: "" }
snapshot-icons=20
dwData=1 cbData=1484 bytes=2334753400000000bc030000ae0e5b00621b0000d70000002580000033000100530075007000650072004400650073006b0074006f007000200063006f006d00
dwData=1 cbData=1484 bytes=2334753404000000bc030000ae0e5b00621b0000d70000002580000033000100530075007000650072004400650073006b0074006f007000200063006f006d00
dwData=1 cbData=1484 bytes=2334753400000000bc030000ae0e5b00631b0000d70000002580000033000100530075007000650072004400650073006b0074006f007000200063006f006d00
dwData=1 cbData=1484 bytes=2334753404000000bc030000ae0e5b00631b0000d70000002580000033000100530075007000650072004400650073006b0074006f007000200063006f006d00
dwData=1 cbData=1484 bytes=2334753400000000bc030000ae0e5b00641b0000d70000002580000033000100530075007000650072004400650073006b0074006f007000200063006f006d00
dwData=1 cbData=1484 bytes=2334753404000000bc030000ae0e5b00641b0000d70000002580000033000100530075007000650072004400650073006b0074006f007000200063006f006d00
dwData=1 cbData=1484 bytes=2334753400000000bc030000ae0e5b00651b0000d70000002580000033000100530075007000650072004400650073006b0074006f007000200063006f006d00
dwData=1 cbData=1484 bytes=2334753404000000bc030000ae0e5b00651b0000d70000002580000033000100530075007000650072004400650073006b0074006f007000200063006f006d00
dwData=1 cbData=1484 bytes=2334753400000000bc030000ae0e5b00661b0000d70000002580000033000100530075007000650072004400650073006b0074006f007000200063006f006d00
dwData=1 cbData=1484 bytes=2334753404000000bc030000ae0e5b00661b0000d70000002580000033000100530075007000650072004400650073006b0074006f007000200063006f006d00
dwData=1 cbData=1484 bytes=2334753400000000bc030000ae0e5b00671b0000d70000002580000033000100530075007000650072004400650073006b0074006f007000200063006f006d00
dwData=1 cbData=1484 bytes=2334753404000000bc030000ae0e5b00671b0000d70000002580000033000100530075007000650072004400650073006b0074006f007000200063006f006d00
dwData=1 cbData=1484 bytes=2334753400000000bc030000ae0e5b00681b0000d70000002580000033000100530075007000650072004400650073006b0074006f007000200063006f006d00
dwData=1 cbData=1484 bytes=2334753404000000bc030000ae0e5b00681b0000d70000002580000033000100530075007000650072004400650073006b0074006f007000200063006f006d00
dwData=1 cbData=1484 bytes=2334753401000000bc03000060010100000000000300000065000000c10e3b07430070007500200030000a0054006300630064002000230030003a0020003400
dwData=1 cbData=1484 bytes=2334753401000000bc03000060010100000000000500000065000000c10e3b07430070007500200030000a0054006300630064002000230030003a0020003400
dwData=1 cbData=1484 bytes=2334753400000000bc030000e80206000100000007000000010400002f090a0053007400650061006d0000000000000000000000000000000000000000000000
dwData=1 cbData=1484 bytes=2334753400000000bc030000ae0e5b00691b0000d70000002580000033000100530075007000650072004400650073006b0074006f007000200063006f006d00
dwData=1 cbData=1484 bytes=2334753404000000bc030000ae0e5b00691b0000d70000002580000033000100530075007000650072004400650073006b0074006f007000200063006f006d00
terminal=NotifyIconCompatibilityTerminal { correlation_id: "native:40000:43", host_generation: 1787224117032, icon_generation: Some(42), terminal: Applied, message: "" }
terminal=NotifyIconCompatibilityTerminal { correlation_id: "native:40000:43", host_generation: 1787224117032, icon_generation: Some(44), terminal: Applied, message: "" }
terminal=NotifyIconCompatibilityTerminal { correlation_id: "native:40000:45", host_generation: 1787224117032, icon_generation: Some(44), terminal: Applied, message: "" }
terminal=NotifyIconCompatibilityTerminal { correlation_id: "native:40000:45", host_generation: 1787224117032, icon_generation: Some(46), terminal: Applied, message: "" }
terminal=NotifyIconCompatibilityTerminal { correlation_id: "native:40000:47", host_generation: 1787224117032, icon_generation: Some(46), terminal: Applied, message: "" }
terminal=NotifyIconCompatibilityTerminal { correlation_id: "native:40000:47", host_generation: 1787224117032, icon_generation: Some(48), terminal: Applied, message: "" }
terminal=NotifyIconCompatibilityTerminal { correlation_id: "native:40000:49", host_generation: 1787224117032, icon_generation: Some(48), terminal: Applied, message: "" }
terminal=NotifyIconCompatibilityTerminal { correlation_id: "native:40000:49", host_generation: 1787224117032, icon_generation: Some(50), terminal: Applied, message: "" }
terminal=NotifyIconCompatibilityTerminal { correlation_id: "native:40000:51", host_generation: 1787224117032, icon_generation: Some(50), terminal: Applied, message: "" }
terminal=NotifyIconCompatibilityTerminal { correlation_id: "native:40000:51", host_generation: 1787224117032, icon_generation: Some(52), terminal: Applied, message: "" }
terminal=NotifyIconCompatibilityTerminal { correlation_id: "native:40000:53", host_generation: 1787224117032, icon_generation: Some(52), terminal: Applied, message: "" }
terminal=NotifyIconCompatibilityTerminal { correlation_id: "native:40000:53", host_generation: 1787224117032, icon_generation: Some(54), terminal: Applied, message: "" }
terminal=NotifyIconCompatibilityTerminal { correlation_id: "native:40000:55", host_generation: 1787224117032, icon_generation: Some(54), terminal: Applied, message: "" }
terminal=NotifyIconCompatibilityTerminal { correlation_id: "native:40000:55", host_generation: 1787224117032, icon_generation: Some(56), terminal: Applied, message: "" }
terminal=NotifyIconCompatibilityTerminal { correlation_id: "native:7616:55", host_generation: 1787224117032, icon_generation: None, terminal: InvalidRequest, message: "notify-icon-owner-or-identity-invalid" }
terminal=NotifyIconCompatibilityTerminal { correlation_id: "native:14740:57", host_generation: 1787224117032, icon_generation: Some(56), terminal: Applied, message: "" }
terminal=NotifyIconCompatibilityTerminal { correlation_id: "native:40000:59", host_generation: 1787224117032, icon_generation: Some(58), terminal: Applied, message: "" }
terminal=NotifyIconCompatibilityTerminal { correlation_id: "native:40000:59", host_generation: 1787224117032, icon_generation: Some(60), terminal: Applied, message: "" }
snapshot-icons=29
dwData=1 cbData=1484 bytes=2334753400000000bc030000ae0e5b006a1b0000d70000002580000033000100530075007000650072004400650073006b0074006f007000200063006f006d00
dwData=1 cbData=1484 bytes=2334753404000000bc030000ae0e5b006a1b0000d70000002580000033000100530075007000650072004400650073006b0074006f007000200063006f006d00
dwData=1 cbData=1484 bytes=2334753400000000bc030000ae0e5b006b1b0000d70000002580000033000100530075007000650072004400650073006b0074006f007000200063006f006d00
dwData=1 cbData=1484 bytes=2334753404000000bc030000ae0e5b006b1b0000d70000002580000033000100530075007000650072004400650073006b0074006f007000200063006f006d00
dwData=1 cbData=1484 bytes=2334753400000000bc030000ae0e5b006c1b0000d70000002580000033000100530075007000650072004400650073006b0074006f007000200063006f006d00
dwData=1 cbData=1484 bytes=2334753404000000bc030000ae0e5b006c1b0000d70000002580000033000100530075007000650072004400650073006b0074006f007000200063006f006d00
dwData=1 cbData=1484 bytes=2334753401000000bc030000ae0e5b00591b0000d70000002580000033000100530075007000650072004400650073006b0074006f007000200063006f006d00
terminal=NotifyIconCompatibilityTerminal { correlation_id: "native:40000:61", host_generation: 1787224117032, icon_generation: Some(60), terminal: Applied, message: "" }
terminal=NotifyIconCompatibilityTerminal { correlation_id: "native:40000:61", host_generation: 1787224117032, icon_generation: Some(62), terminal: Applied, message: "" }
terminal=NotifyIconCompatibilityTerminal { correlation_id: "native:40000:63", host_generation: 1787224117032, icon_generation: Some(62), terminal: Applied, message: "" }
terminal=NotifyIconCompatibilityTerminal { correlation_id: "native:40000:63", host_generation: 1787224117032, icon_generation: Some(64), terminal: Applied, message: "" }
terminal=NotifyIconCompatibilityTerminal { correlation_id: "native:40000:65", host_generation: 1787224117032, icon_generation: Some(64), terminal: Applied, message: "" }
terminal=NotifyIconCompatibilityTerminal { correlation_id: "native:40000:65", host_generation: 1787224117032, icon_generation: Some(66), terminal: Applied, message: "" }
terminal=NotifyIconCompatibilityTerminal { correlation_id: "native:40000:67", host_generation: 1787224117032, icon_generation: Some(66), terminal: Applied, message: "" }
snapshot-icons=32
dwData=1 cbData=1484 bytes=2334753401000000bc0300006001010000000000030000006500000013115b0c430070007500200030000a0054006300630064002000230030003a0020003400
dwData=1 cbData=1484 bytes=2334753401000000bc0300006001010000000000050000006500000013115b0c430070007500200030000a0054006300630064002000230030003a0020003400
terminal=NotifyIconCompatibilityTerminal { correlation_id: "native:7616:67", host_generation: 1787224117032, icon_generation: None, terminal: InvalidRequest, message: "notify-icon-owner-or-identity-invalid" }
snapshot-icons=32
snapshot-icons=32
dwData=1 cbData=1484 bytes=2334753401000000bc0300006001010000000000050000006500000013115b0c430070007500200030000a0054006300630064002000230030003a0020003400
terminal=NotifyIconCompatibilityTerminal { correlation_id: "native:7616:67", host_generation: 1787224117032, icon_generation: None, terminal: InvalidRequest, message: "notify-icon-owner-or-identity-invalid" }
snapshot-icons=32
dwData=1 cbData=1484 bytes=2334753401000000bc030000600101000000000003000000650000000311f909430070007500200030000a0054006300630064002000230030003a0020003400
dwData=1 cbData=1484 bytes=2334753401000000bc030000600101000000000005000000650000000311f909430070007500200030000a0054006300630064002000230030003a0020003400
terminal=NotifyIconCompatibilityTerminal { correlation_id: "native:7616:67", host_generation: 1787224117032, icon_generation: None, terminal: InvalidRequest, message: "notify-icon-owner-or-identity-invalid" }
snapshot-icons=32
snapshot-icons=32
dwData=1 cbData=1484 bytes=2334753401000000bc030000600101000000000005000000650000000311f909430070007500200030000a0054006300630064002000230030003a0020003400
terminal=NotifyIconCompatibilityTerminal { correlation_id: "native:7616:67", host_generation: 1787224117032, icon_generation: None, terminal: InvalidRequest, message: "notify-icon-owner-or-identity-invalid" }
snapshot-icons=32
snapshot-icons=32
dwData=1 cbData=1484 bytes=2334753401000000bc030000600101000000000005000000650000000311f909430070007500200030000a0054006300630064002000230030003a0020003400
terminal=NotifyIconCompatibilityTerminal { correlation_id: "native:7616:67", host_generation: 1787224117032, icon_generation: None, terminal: InvalidRequest, message: "notify-icon-owner-or-identity-invalid" }
snapshot-icons=32
snapshot-icons=32
dwData=1 cbData=1484 bytes=2334753401000000bc030000600101000000000005000000650000000311f909430070007500200030000a0054006300630064002000230030003a0020003400
terminal=NotifyIconCompatibilityTerminal { correlation_id: "native:7616:67", host_generation: 1787224117032, icon_generation: None, terminal: InvalidRequest, message: "notify-icon-owner-or-identity-invalid" }
snapshot-icons=32
dwData=1 cbData=1484 bytes=2334753401000000bc030000600101000000000003000000650000001d11350c430070007500200030000a0054006300630064002000230030003a0020003400
dwData=1 cbData=1484 bytes=2334753401000000bc030000600101000000000005000000650000001d11350c430070007500200030000a0054006300630064002000230030003a0020003400
terminal=NotifyIconCompatibilityTerminal { correlation_id: "native:7616:67", host_generation: 1787224117032, icon_generation: None, terminal: InvalidRequest, message: "notify-icon-owner-or-identity-invalid" }
snapshot-icons=32
snapshot-icons=32
dwData=1 cbData=1484 bytes=2334753401000000bc03000060010100000000000300000065000000570f6609430070007500200030000a0054006300630064002000230030003a0020003400
dwData=1 cbData=1484 bytes=2334753401000000bc03000060010100000000000500000065000000570f6609430070007500200030000a0054006300630064002000230030003a0020003400
terminal=NotifyIconCompatibilityTerminal { correlation_id: "native:7616:67", host_generation: 1787224117032, icon_generation: None, terminal: InvalidRequest, message: "notify-icon-owner-or-identity-invalid" }
snapshot-icons=32
snapshot-icons=32
dwData=1 cbData=1484 bytes=2334753401000000bc03000060010100000000000500000065000000570f6609430070007500200030000a0054006300630064002000230030003a0020003400
terminal=NotifyIconCompatibilityTerminal { correlation_id: "native:7616:67", host_generation: 1787224117032, icon_generation: None, terminal: InvalidRequest, message: "notify-icon-owner-or-identity-invalid" }
snapshot-icons=32
dwData=1 cbData=1484 bytes=2334753401000000bc030000600101000000000003000000650000005b127307430070007500200030000a0054006300630064002000230030003a0020003400
dwData=1 cbData=1484 bytes=2334753401000000bc030000600101000000000005000000650000005b127307430070007500200030000a0054006300630064002000230030003a0020003400
terminal=NotifyIconCompatibilityTerminal { correlation_id: "native:7616:67", host_generation: 1787224117032, icon_generation: None, terminal: InvalidRequest, message: "notify-icon-owner-or-identity-invalid" }
snapshot-icons=32
snapshot-icons=32
dwData=1 cbData=1484 bytes=2334753401000000bc030000600101000000000005000000650000005b127307430070007500200030000a0054006300630064002000230030003a0020003500
terminal=NotifyIconCompatibilityTerminal { correlation_id: "native:7616:67", host_generation: 1787224117032, icon_generation: None, terminal: InvalidRequest, message: "notify-icon-owner-or-identity-invalid" }
snapshot-icons=32
snapshot-icons=32
dwData=1 cbData=1484 bytes=2334753401000000bc030000600101000000000003000000650000008b0c477b430070007500200030000a0054006300630064002000230030003a0020003500
dwData=1 cbData=1484 bytes=2334753401000000bc030000600101000000000005000000650000008b0c477b430070007500200030000a0054006300630064002000230030003a0020003400
terminal=NotifyIconCompatibilityTerminal { correlation_id: "native:7616:67", host_generation: 1787224117032, icon_generation: None, terminal: InvalidRequest, message: "notify-icon-owner-or-identity-invalid" }
snapshot-icons=32
dwData=1 cbData=1484 bytes=2334753401000000bc030000600101000000000005000000650000008b0c477b430070007500200030000a0054006300630064002000230030003a0020003400
terminal=NotifyIconCompatibilityTerminal { correlation_id: "native:7616:67", host_generation: 1787224117032, icon_generation: None, terminal: InvalidRequest, message: "notify-icon-owner-or-identity-invalid" }
snapshot-icons=32
snapshot-icons=32
dwData=1 cbData=1484 bytes=2334753401000000bc030000600101000000000005000000650000008b0c477b430070007500200030000a0054006300630064002000230030003a0020003400
terminal=NotifyIconCompatibilityTerminal { correlation_id: "native:7616:67", host_generation: 1787224117032, icon_generation: None, terminal: InvalidRequest, message: "notify-icon-owner-or-identity-invalid" }
snapshot-icons=32
snapshot-icons=32
dwData=1 cbData=1484 bytes=2334753401000000bc030000600101000000000005000000650000008b0c477b430070007500200030000a0054006300630064002000230030003a0020003500
terminal=NotifyIconCompatibilityTerminal { correlation_id: "native:7616:67", host_generation: 1787224117032, icon_generation: None, terminal: InvalidRequest, message: "notify-icon-owner-or-identity-invalid" }
snapshot-icons=32
snapshot-icons=32
dwData=1 cbData=1484 bytes=2334753401000000bc030000600101000000000005000000650000008b0c477b430070007500200030000a0054006300630064002000230030003a0020003400
terminal=NotifyIconCompatibilityTerminal { correlation_id: "native:7616:67", host_generation: 1787224117032, icon_generation: None, terminal: InvalidRequest, message: "notify-icon-owner-or-identity-invalid" }
snapshot-icons=32
snapshot-icons=32
dwData=1 cbData=1484 bytes=2334753401000000bc03000060010100000000000300000065000000910e2d07430070007500200030000a0054006300630064002000230030003a0020003400
dwData=1 cbData=1484 bytes=2334753401000000bc03000060010100000000000500000065000000910e2d07430070007500200030000a0054006300630064002000230030003a0020003400
terminal=NotifyIconCompatibilityTerminal { correlation_id: "native:7616:67", host_generation: 1787224117032, icon_generation: None, terminal: InvalidRequest, message: "notify-icon-owner-or-identity-invalid" }
snapshot-icons=32
dwData=1 cbData=1484 bytes=2334753401000000bc03000060010100000000000500000065000000910e2d07430070007500200030000a0054006300630064002000230030003a0020003400
terminal=NotifyIconCompatibilityTerminal { correlation_id: "native:7616:67", host_generation: 1787224117032, icon_generation: None, terminal: InvalidRequest, message: "notify-icon-owner-or-identity-invalid" }
snapshot-icons=32
snapshot-icons=32
dwData=1 cbData=1484 bytes=2334753401000000bc0300006001010000000000030000006500000069127009430070007500200030000a0054006300630064002000230030003a0020003400
dwData=1 cbData=1484 bytes=2334753401000000bc0300006001010000000000050000006500000069127009430070007500200030000a0054006300630064002000230030003a0020003400
terminal=NotifyIconCompatibilityTerminal { correlation_id: "native:7616:67", host_generation: 1787224117032, icon_generation: None, terminal: InvalidRequest, message: "notify-icon-owner-or-identity-invalid" }
snapshot-icons=32
snapshot-icons=32
dwData=1 cbData=1484 bytes=2334753401000000bc030000600101000000000003000000650000008b0c067c430070007500200030000a0054006300630064002000230030003a0020003400
dwData=1 cbData=1484 bytes=2334753401000000bc030000600101000000000005000000650000008b0c067c430070007500200030000a0054006300630064002000230030003a0020003400
dwData=1 cbData=1484 bytes=2334753403000000bc030000ae0e5b00591b0000d70000002580000033000100530075007000650072004400650073006b0074006f007000200063006f006d00
dwData=1 cbData=1484 bytes=2334753402000000bc030000ae0e5b00591b0000d70000002580000033000100530075007000650072004400650073006b0074006f007000200063006f006d00
dwData=1 cbData=1484 bytes=2334753402000000bc030000ae0e5b005a1b0000d70000002580000033000100530075007000650072004400650073006b0074006f007000200063006f006d00
dwData=1 cbData=1484 bytes=2334753402000000bc030000ae0e5b005b1b0000d70000002580000033000100530075007000650072004400650073006b0074006f007000200063006f006d00
dwData=1 cbData=1484 bytes=2334753402000000bc030000ae0e5b005c1b0000d70000002580000033000100530075007000650072004400650073006b0074006f007000200063006f006d00
dwData=1 cbData=1484 bytes=2334753402000000bc030000ae0e5b005d1b0000d70000002580000033000100530075007000650072004400650073006b0074006f007000200063006f006d00
dwData=1 cbData=1484 bytes=2334753402000000bc030000ae0e5b005e1b0000d70000002580000033000100530075007000650072004400650073006b0074006f007000200063006f006d00
dwData=1 cbData=1484 bytes=2334753402000000bc030000ae0e5b005f1b0000d70000002580000033000100530075007000650072004400650073006b0074006f007000200063006f006d00
dwData=1 cbData=1484 bytes=2334753402000000bc030000ae0e5b00601b0000d70000002580000033000100530075007000650072004400650073006b0074006f007000200063006f006d00
dwData=1 cbData=1484 bytes=2334753402000000bc030000ae0e5b00611b0000d70000002580000033000100530075007000650072004400650073006b0074006f007000200063006f006d00
dwData=1 cbData=1484 bytes=2334753402000000bc030000ae0e5b00621b0000d70000002580000033000100530075007000650072004400650073006b0074006f007000200063006f006d00
dwData=1 cbData=1484 bytes=2334753402000000bc030000ae0e5b00631b0000d70000002580000033000100530075007000650072004400650073006b0074006f007000200063006f006d00
dwData=1 cbData=1484 bytes=2334753402000000bc030000ae0e5b00641b0000d70000002580000033000100530075007000650072004400650073006b0074006f007000200063006f006d00
dwData=1 cbData=1484 bytes=2334753402000000bc030000ae0e5b00651b0000d70000002580000033000100530075007000650072004400650073006b0074006f007000200063006f006d00
dwData=1 cbData=1484 bytes=2334753402000000bc030000ae0e5b00661b0000d70000002580000033000100530075007000650072004400650073006b0074006f007000200063006f006d00
dwData=1 cbData=1484 bytes=2334753402000000bc030000ae0e5b00671b0000d70000002580000033000100530075007000650072004400650073006b0074006f007000200063006f006d00
dwData=1 cbData=1484 bytes=2334753402000000bc030000ae0e5b00681b0000d70000002580000033000100530075007000650072004400650073006b0074006f007000200063006f006d00
dwData=1 cbData=1484 bytes=2334753402000000bc030000ae0e5b00691b0000d70000002580000033000100530075007000650072004400650073006b0074006f007000200063006f006d00
dwData=1 cbData=1484 bytes=2334753402000000bc030000ae0e5b006a1b0000d70000002580000033000100530075007000650072004400650073006b0074006f007000200063006f006d00
dwData=1 cbData=1484 bytes=2334753402000000bc030000ae0e5b006b1b0000d70000002580000033000100530075007000650072004400650073006b0074006f007000200063006f006d00
dwData=1 cbData=1484 bytes=2334753402000000bc030000ae0e5b006c1b0000d70000002580000033000100530075007000650072004400650073006b0074006f007000200063006f006d00
terminal=NotifyIconCompatibilityTerminal { correlation_id: "native:7616:68", host_generation: 1787224117032, icon_generation: None, terminal: InvalidRequest, message: "notify-icon-owner-or-identity-invalid" }
terminal=NotifyIconCompatibilityTerminal { correlation_id: "native:40000:68", host_generation: 1787224117032, icon_generation: None, terminal: InvalidRequest, message: "notify-icon-owner-or-identity-invalid" }
terminal=NotifyIconCompatibilityTerminal { correlation_id: "native:40000:68", host_generation: 1787224117032, icon_generation: None, terminal: InvalidRequest, message: "notify-icon-owner-or-identity-invalid" }
terminal=NotifyIconCompatibilityTerminal { correlation_id: "native:40000:68", host_generation: 1787224117032, icon_generation: None, terminal: InvalidRequest, message: "notify-icon-owner-or-identity-invalid" }
terminal=NotifyIconCompatibilityTerminal { correlation_id: "native:40000:68", host_generation: 1787224117032, icon_generation: None, terminal: InvalidRequest, message: "notify-icon-owner-or-identity-invalid" }
terminal=NotifyIconCompatibilityTerminal { correlation_id: "native:40000:68", host_generation: 1787224117032, icon_generation: None, terminal: InvalidRequest, message: "notify-icon-owner-or-identity-invalid" }
terminal=NotifyIconCompatibilityTerminal { correlation_id: "native:40000:68", host_generation: 1787224117032, icon_generation: None, terminal: InvalidRequest, message: "notify-icon-owner-or-identity-invalid" }
terminal=NotifyIconCompatibilityTerminal { correlation_id: "native:40000:68", host_generation: 1787224117032, icon_generation: None, terminal: InvalidRequest, message: "notify-icon-owner-or-identity-invalid" }
terminal=NotifyIconCompatibilityTerminal { correlation_id: "native:40000:68", host_generation: 1787224117032, icon_generation: None, terminal: InvalidRequest, message: "notify-icon-owner-or-identity-invalid" }
terminal=NotifyIconCompatibilityTerminal { correlation_id: "native:40000:68", host_generation: 1787224117032, icon_generation: None, terminal: InvalidRequest, message: "notify-icon-owner-or-identity-invalid" }
terminal=NotifyIconCompatibilityTerminal { correlation_id: "native:40000:68", host_generation: 1787224117032, icon_generation: None, terminal: InvalidRequest, message: "notify-icon-owner-or-identity-invalid" }
terminal=NotifyIconCompatibilityTerminal { correlation_id: "native:40000:68", host_generation: 1787224117032, icon_generation: None, terminal: InvalidRequest, message: "notify-icon-owner-or-identity-invalid" }
terminal=NotifyIconCompatibilityTerminal { correlation_id: "native:40000:68", host_generation: 1787224117032, icon_generation: None, terminal: InvalidRequest, message: "notify-icon-owner-or-identity-invalid" }
terminal=NotifyIconCompatibilityTerminal { correlation_id: "native:40000:68", host_generation: 1787224117032, icon_generation: None, terminal: InvalidRequest, message: "notify-icon-owner-or-identity-invalid" }
terminal=NotifyIconCompatibilityTerminal { correlation_id: "native:40000:68", host_generation: 1787224117032, icon_generation: None, terminal: InvalidRequest, message: "notify-icon-owner-or-identity-invalid" }
terminal=NotifyIconCompatibilityTerminal { correlation_id: "native:40000:68", host_generation: 1787224117032, icon_generation: None, terminal: InvalidRequest, message: "notify-icon-owner-or-identity-invalid" }
terminal=NotifyIconCompatibilityTerminal { correlation_id: "native:40000:68", host_generation: 1787224117032, icon_generation: None, terminal: InvalidRequest, message: "notify-icon-owner-or-identity-invalid" }
terminal=NotifyIconCompatibilityTerminal { correlation_id: "native:40000:68", host_generation: 1787224117032, icon_generation: None, terminal: InvalidRequest, message: "notify-icon-owner-or-identity-invalid" }
terminal=NotifyIconCompatibilityTerminal { correlation_id: "native:40000:68", host_generation: 1787224117032, icon_generation: None, terminal: InvalidRequest, message: "notify-icon-owner-or-identity-invalid" }
terminal=NotifyIconCompatibilityTerminal { correlation_id: "native:40000:68", host_generation: 1787224117032, icon_generation: None, terminal: InvalidRequest, message: "notify-icon-owner-or-identity-invalid" }
terminal=NotifyIconCompatibilityTerminal { correlation_id: "native:40000:68", host_generation: 1787224117032, icon_generation: None, terminal: InvalidRequest, message: "notify-icon-owner-or-identity-invalid" }
terminal=NotifyIconCompatibilityTerminal { correlation_id: "native:40000:68", host_generation: 1787224117032, icon_generation: None, terminal: InvalidRequest, message: "notify-icon-owner-or-identity-invalid" }
snapshot-icons=12
dwData=1 cbData=1484 bytes=2334753401000000bc0300006001010000000000030000006500000055114f07430070007500200030000a0054006300630064002000230030003a0020003400
dwData=1 cbData=1484 bytes=2334753401000000bc0300006001010000000000050000006500000055114f07430070007500200030000a0054006300630064002000230030003a0020003400
terminal=NotifyIconCompatibilityTerminal { correlation_id: "native:7616:68", host_generation: 1787224117032, icon_generation: None, terminal: InvalidRequest, message: "notify-icon-owner-or-identity-invalid" }
snapshot-icons=12
snapshot-icons=12
dwData=1 cbData=1484 bytes=2334753401000000bc03000060010100000000000300000065000000810a9369430070007500200030000a0054006300630064002000230030003a0020003400
dwData=1 cbData=1484 bytes=2334753401000000bc03000060010100000000000500000065000000810a9369430070007500200030000a0054006300630064002000230030003a0020003400
terminal=NotifyIconCompatibilityTerminal { correlation_id: "native:7616:68", host_generation: 1787224117032, icon_generation: None, terminal: InvalidRequest, message: "notify-icon-owner-or-identity-invalid" }
snapshot-icons=12
snapshot-icons=12
dwData=1 cbData=1484 bytes=2334753401000000bc03000060010100000000000500000065000000810a9369430070007500200030000a0054006300630064002000230030003a0020003400
