dwData=1 cbData=1484 bytes=2334753402000000bc030000f8010200020000000200000000000000000000000000000000000000000000000000000000000000000000000000000000000000
dwData=1 cbData=1484 bytes=2334753400000000bc030000160901000200000007000000721700009808150052007500730074004400650073006b0020002d002000315cd27d0a0031002000
dwData=1 cbData=1484 bytes=2334753400000000bc030000f6090900ffffffff0f00000065040000010ec224e55d5c4fa17b0674e15400000000000000000000000000000000000000000000
dwData=1 cbData=1484 bytes=2334753400000000bc03000032080100000000008700000065800000f90307006a522066134e1a4e487200000000000000000000000000000000000000000000
dwData=1 cbData=1484 bytes=2334753400000000bc030000ac070100010000008700000001800000a70703004d0075004d00750050006c006100790065007200000000000000000000000000
dwData=1 cbData=1484 bytes=2334753400000000bc030000600403000000000007000000001400004d040400450076006500720079007400680069006e006700000000000000000000000000
dwData=1 cbData=1484 bytes=2334753402000000bc03000038040200010000000700000001040000000000000000000000000000000000000000000000000000000000000000000000000000
dwData=1 cbData=1484 bytes=2334753402000000bc030000780eeb01030000000000000000000000000000000000000000000000000000000000000000000000000000000000000000000000
dwData=1 cbData=1484 bytes=2334753402000000bc030000f0070100030000002000000000000000000000000000000000000000000000000000000000000000000000000000000000000000
dwData=1 cbData=1484 bytes=2334753402000000bc030000d409110001000000a7000000030400007903510b4d006900630072006f0073006f00660074002000330036003500200043006f00
dwData=1 cbData=1484 bytes=2334753400000000bc030000f80102000200000007000000721700000505150053006e006f0077002000530068006f0074000000000000000000000000000000
dwData=1 cbData=1484 bytes=2334753402000000bc030000720701008200000000000000640400006907020044006900740074006f0000000000000000000000000000000000000000000000
dwData=1 cbData=1484 bytes=2334753404000000bc03000032080100000000008700000065800000f90307006a522066134e1a4e487200000000000000000000000000000000000000000000
dwData=1 cbData=1484 bytes=2334753402000000bc030000f00e8200030000002000000000000000000000000000000000000000000000000000000000000000000000000000000000000000
dwData=1 cbData=1484 bytes=2334753401000000bc0300005a04010064000000ae00000000000000370ec303570069006e0064006f00770073002000895b6851276020002d002000fa5e708b
dwData=1 cbData=1484 bytes=2334753400000000bc03000030090200010000000700000000080000e7073100540069006d00650053006e006100700070006500720020002800410063007400
dwData=1 cbData=1484 bytes=2334753400000000bc030000f6090900feffffff0f000000650400005b0b5c04e55d5c4fa17b0674e15400000000000000000000000000000000000000000000
dwData=1 cbData=1484 bytes=2334753401000000bc0300003201040000000000070000006500000013116036430070007500200030000a0054006300630064002000230030003a0020003600
dwData=1 cbData=1484 bytes=2334753401000000bc0300002c120a000000000087000000658000006f10705f0000000000000000000000000000000000000000000000000000000000000000
dwData=1 cbData=1484 bytes=2334753402000000bc03000056080100070000000000000000000000000000000000000000000000000000000000000000000000000000000000000000000000
dwData=1 cbData=1484 bytes=2334753400000000bc030000780eeb0103000000030000000180000045025c000000000000000000000000000000000000000000000000000000000000000000
dwData=1 cbData=1484 bytes=2334753400000000bc030000f0070100030000002300000001800000210b3f170000000000000000000000000000000000000000000000000000000000000000
dwData=1 cbData=1484 bytes=2334753400000000bc030000d409110001000000a7000000030400007903510b4d006900630072006f0073006f00660074002000330036003500200043006f00
dwData=1 cbData=1484 bytes=2334753400000000bc030000720ec402000000000700000065800000d9018c0153007400650061006d00560052002000c0724b61000000000000000000000000
dwData=1 cbData=1484 bytes=2334753400000000bc030000720701008200000007000000640400006907020044006900740074006f0000000000000000000000000000000000000000000000
dwData=1 cbData=1484 bytes=2334753400000000bc030000f00e8200030000002700000001800000c00e38004300680061007400470050005400000000000000000000000000000000000000
dwData=1 cbData=1484 bytes=2334753400000000bc030000f6090900fdffffff0f00000065040000e7124515e55d5c4fa17b0674e15400000000000000000000000000000000000000000000
dwData=1 cbData=1484 bytes=2334753400000000bc03000056080100070000000300000001800000f1080f000000000000000000000000000000000000000000000000000000000000000000
dwData=1 cbData=1484 bytes=2334753400000000bc0300002c120a000000000087000000658000006f10705f0000000000000000000000000000000000000000000000000000000000000000
dwData=1 cbData=1484 bytes=2334753404000000bc030000d409110001000000a7000000030400007903510b4d006900630072006f0073006f00660074002000330036003500200043006f00
dwData=1 cbData=1484 bytes=2334753401000000bc03000032010400000000000700000065000000ef0ebb61430070007500200030000a0054006300630064002000230030003a0020003600
dwData=1 cbData=1484 bytes=2334753404000000bc030000720ec402000000000700000065800000d9018c0153007400650061006d00560052002000c0724b61000000000000000000000000
dwData=1 cbData=1484 bytes=2334753404000000bc0300002c120a000000000087000000658000006f10705f0000000000000000000000000000000000000000000000000000000000000000
dwData=1 cbData=1484 bytes=2334753400000000bc030000f6090900fcffffff0f000000650400005b10ec27e55d5c4fa17b0674e15400000000000000000000000000000000000000000000
dwData=1 cbData=1484 bytes=2334753400000000bc030000f6090900fbffffff0f000000650400006d09b318e55d5c4fa17b0674e15400000000000000000000000000000000000000000000
dwData=1 cbData=1484 bytes=2334753401000000bc030000320104000000000007000000650000003d10c41e430070007500200030000a0054006300630064002000230030003a0020003600
dwData=1 cbData=1484 bytes=2334753400000000bc030000f6090900faffffff0f000000650400006b12d315e55d5c4fa17b0674e15400000000000000000000000000000000000000000000
dwData=1 cbData=1484 bytes=2334753402000000bc030000320104000000000007000000650000003d10c41e430070007500200030000a0054006300630064002000230030003a0020003600
dwData=1 cbData=1484 bytes=2334753400000000bc030000f6090900f9ffffff0f000000650400006b0f7c10e55d5c4fa17b0674e15400000000000000000000000000000000000000000000
dwData=1 cbData=1484 bytes=2334753400000000bc030000f6090900f8ffffff0f00000065040000150dae00e55d5c4fa17b0674e15400000000000000000000000000000000000000000000
dwData=1 cbData=1484 bytes=2334753400000000bc030000320104001b00000007000000650000002b12530d43006f00720065002000540065006d0070002000760065007200730069006f00
dwData=1 cbData=1484 bytes=2334753400000000bc030000f6090900f7ffffff0f000000650400006708be28e55d5c4fa17b0674e15400000000000000000000000000000000000000000000
dwData=1 cbData=1484 bytes=2334753401000000bc030000320104001b0000000200000065000000c303010043006f00720065002000540065006d0070002000760065007200730069006f00
dwData=1 cbData=1484 bytes=2334753401000000bc030000320104001b0000000200000065000000c303010043006f00720065002000540065006d0070002000760065007200730069006f00
dwData=1 cbData=1484 bytes=2334753400000000bc030000f6090900f6ffffff0f00000065040000d111722be55d5c4fa17b0674e15400000000000000000000000000000000000000000000
dwData=1 cbData=1484 bytes=2334753400000000bc030000f6090900f5ffffff0f000000650400009b121829e55d5c4fa17b0674e15400000000000000000000000000000000000000000000
dwData=1 cbData=1484 bytes=2334753400000000bc030000f6090900f4ffffff0f00000065040000590b7000e55d5c4fa17b0674e15400000000000000000000000000000000000000000000
dwData=1 cbData=1484 bytes=2334753400000000bc030000f6090900000000000700000065040000010ec224e55d5c4fa17b0674e15400000000000000000000000000000000000000000000
dwData=1 cbData=1484 bytes=2334753400000000bc030000320104000000000007000000650000002b12540d430070007500200030000a0054006300630064002000230030003a0020003600
dwData=1 cbData=1484 bytes=2334753402000000bc030000320104001b0000000200000065000000c303010043006f00720065002000540065006d0070002000760065007200730069006f00
dwData=1 cbData=1484 bytes=2334753401000000bc030000f6090900000000000e000000000000005b10ec2743005000550020003200380025000d000a00188ab661d49a2000320035002500
dwData=1 cbData=1484 bytes=2334753400000000bc030000ec0a1900591b0000870000002580000033000100530075007000650072004400650073006b0074006f007000200063006f006d00
dwData=1 cbData=1484 bytes=2334753404000000bc030000ec0a1900591b0000870000002580000033000100530075007000650072004400650073006b0074006f007000200063006f006d00
dwData=1 cbData=1484 bytes=2334753401000000bc030000ec0a1900591b0000870000002580000033000100530075007000650072004400650073006b0074006f007000200063006f006d00
dwData=1 cbData=1484 bytes=2334753401000000bc030000f6090900000000000e000000000000005b10ec2743005000550020003200350025000d000a00188ab661d49a2000320035002500
dwData=1 cbData=1484 bytes=2334753401000000bc030000320104000000000003000000650000005905227c430070007500200030000a0054006300630064002000230030003a0020003600
dwData=1 cbData=1484 bytes=2334753401000000bc030000320104000000000005000000650000005905227c430070007500200030000a0054006300630064002000230030003a0020003500
terminal=NotifyIconCompatibilityTerminal { correlation_id: "native:10512:0", host_generation: 1787052694480, icon_generation: Some(1), terminal: NoChange, message: "" }
terminal=NotifyIconCompatibilityTerminal { correlation_id: "native:31448:2", host_generation: 1787052694480, icon_generation: Some(1), terminal: Applied, message: "" }
terminal=NotifyIconCompatibilityTerminal { correlation_id: "native:51700:4", host_generation: 1787052694480, icon_generation: Some(3), terminal: Applied, message: "" }
terminal=NotifyIconCompatibilityTerminal { correlation_id: "native:29572:4", host_generation: 1787052694480, icon_generation: None, terminal: InvalidRequest, message: "notify-icon-owner-or-identity-invalid" }
terminal=NotifyIconCompatibilityTerminal { correlation_id: "native:25924:6", host_generation: 1787052694480, icon_generation: Some(5), terminal: Applied, message: "" }
terminal=NotifyIconCompatibilityTerminal { correlation_id: "native:14300:6", host_generation: 1787052694480, icon_generation: None, terminal: InvalidRequest, message: "notify-icon-owner-or-identity-invalid" }
terminal=NotifyIconCompatibilityTerminal { correlation_id: "native:13616:6", host_generation: 1787052694480, icon_generation: Some(7), terminal: NoChange, message: "" }
terminal=NotifyIconCompatibilityTerminal { correlation_id: "native:42812:6", host_generation: 1787052694480, icon_generation: Some(7), terminal: NoChange, message: "" }
terminal=NotifyIconCompatibilityTerminal { correlation_id: "native:11500:6", host_generation: 1787052694480, icon_generation: Some(7), terminal: NoChange, message: "" }
terminal=NotifyIconCompatibilityTerminal { correlation_id: "native:23084:6", host_generation: 1787052694480, icon_generation: Some(7), terminal: NoChange, message: "" }
terminal=NotifyIconCompatibilityTerminal { correlation_id: "native:10512:8", host_generation: 1787052694480, icon_generation: Some(7), terminal: Applied, message: "" }
terminal=NotifyIconCompatibilityTerminal { correlation_id: "native:14556:8", host_generation: 1787052694480, icon_generation: Some(9), terminal: NoChange, message: "" }
terminal=NotifyIconCompatibilityTerminal { correlation_id: "native:29572:8", host_generation: 1787052694480, icon_generation: None, terminal: InvalidRequest, message: "notify-icon-owner-or-identity-invalid" }
terminal=NotifyIconCompatibilityTerminal { correlation_id: "native:2228:8", host_generation: 1787052694480, icon_generation: Some(9), terminal: NoChange, message: "" }
terminal=NotifyIconCompatibilityTerminal { correlation_id: "native:19728:8", host_generation: 1787052694480, icon_generation: None, terminal: InvalidRequest, message: "notify-icon-owned-invalid" }
terminal=NotifyIconCompatibilityTerminal { correlation_id: "native:31728:10", host_generation: 1787052694480, icon_generation: Some(9), terminal: Applied, message: "" }
terminal=NotifyIconCompatibilityTerminal { correlation_id: "native:51700:11", host_generation: 1787052694480, icon_generation: Some(11), terminal: Applied, message: "" }
terminal=NotifyIconCompatibilityTerminal { correlation_id: "native:5816:11", host_generation: 1787052694480, icon_generation: None, terminal: InvalidRequest, message: "notify-icon-owner-or-identity-invalid" }
terminal=NotifyIconCompatibilityTerminal { correlation_id: "native:44856:11", host_generation: 1787052694480, icon_generation: None, terminal: InvalidRequest, message: "notify-icon-owner-or-identity-invalid" }
terminal=NotifyIconCompatibilityTerminal { correlation_id: "native:29360:11", host_generation: 1787052694480, icon_generation: Some(12), terminal: NoChange, message: "" }
terminal=NotifyIconCompatibilityTerminal { correlation_id: "native:42812:13", host_generation: 1787052694480, icon_generation: Some(12), terminal: Applied, message: "" }
terminal=NotifyIconCompatibilityTerminal { correlation_id: "native:11500:15", host_generation: 1787052694480, icon_generation: Some(14), terminal: Applied, message: "" }
terminal=NotifyIconCompatibilityTerminal { correlation_id: "native:23084:17", host_generation: 1787052694480, icon_generation: Some(16), terminal: Applied, message: "" }
terminal=NotifyIconCompatibilityTerminal { correlation_id: "native:21796:17", host_generation: 1787052694480, icon_generation: None, terminal: InvalidRequest, message: "notify-icon-owner-or-identity-invalid" }
terminal=NotifyIconCompatibilityTerminal { correlation_id: "native:14556:19", host_generation: 1787052694480, icon_generation: Some(18), terminal: Applied, message: "" }
terminal=NotifyIconCompatibilityTerminal { correlation_id: "native:2228:21", host_generation: 1787052694480, icon_generation: Some(20), terminal: Applied, message: "" }
terminal=NotifyIconCompatibilityTerminal { correlation_id: "native:51700:22", host_generation: 1787052694480, icon_generation: Some(22), terminal: Applied, message: "" }
terminal=NotifyIconCompatibilityTerminal { correlation_id: "native:29360:24", host_generation: 1787052694480, icon_generation: Some(23), terminal: Applied, message: "" }
terminal=NotifyIconCompatibilityTerminal { correlation_id: "native:44856:24", host_generation: 1787052694480, icon_generation: None, terminal: InvalidRequest, message: "notify-icon-owner-or-identity-invalid" }
terminal=NotifyIconCompatibilityTerminal { correlation_id: "native:23084:24", host_generation: 1787052694480, icon_generation: Some(25), terminal: Applied, message: "" }
terminal=NotifyIconCompatibilityTerminal { correlation_id: "native:21796:24", host_generation: 1787052694480, icon_generation: None, terminal: InvalidRequest, message: "notify-icon-owner-or-identity-invalid" }
terminal=NotifyIconCompatibilityTerminal { correlation_id: "native:44856:24", host_generation: 1787052694480, icon_generation: None, terminal: InvalidRequest, message: "notify-icon-owner-or-identity-invalid" }
terminal=NotifyIconCompatibilityTerminal { correlation_id: "native:51700:25", host_generation: 1787052694480, icon_generation: Some(25), terminal: Applied, message: "" }
terminal=NotifyIconCompatibilityTerminal { correlation_id: "native:51700:26", host_generation: 1787052694480, icon_generation: Some(26), terminal: Applied, message: "" }
terminal=NotifyIconCompatibilityTerminal { correlation_id: "native:51700:27", host_generation: 1787052694480, icon_generation: Some(27), terminal: Applied, message: "" }
terminal=NotifyIconCompatibilityTerminal { correlation_id: "native:5816:27", host_generation: 1787052694480, icon_generation: None, terminal: InvalidRequest, message: "notify-icon-owner-or-identity-invalid" }
terminal=NotifyIconCompatibilityTerminal { correlation_id: "native:51700:28", host_generation: 1787052694480, icon_generation: Some(28), terminal: Applied, message: "" }
terminal=NotifyIconCompatibilityTerminal { correlation_id: "native:51700:29", host_generation: 1787052694480, icon_generation: Some(29), terminal: Applied, message: "" }
terminal=NotifyIconCompatibilityTerminal { correlation_id: "native:5816:29", host_generation: 1787052694480, icon_generation: None, terminal: InvalidRequest, message: "notify-icon-copy-failed" }
terminal=NotifyIconCompatibilityTerminal { correlation_id: "native:51700:30", host_generation: 1787052694480, icon_generation: Some(30), terminal: Applied, message: "" }
terminal=NotifyIconCompatibilityTerminal { correlation_id: "native:5816:30", host_generation: 1787052694480, icon_generation: Some(31), terminal: NoChange, message: "" }
terminal=NotifyIconCompatibilityTerminal { correlation_id: "native:51700:31", host_generation: 1787052694480, icon_generation: Some(31), terminal: Applied, message: "" }
terminal=NotifyIconCompatibilityTerminal { correlation_id: "native:51700:32", host_generation: 1787052694480, icon_generation: Some(32), terminal: Applied, message: "" }
terminal=NotifyIconCompatibilityTerminal { correlation_id: "native:51700:33", host_generation: 1787052694480, icon_generation: Some(33), terminal: Applied, message: "" }
terminal=NotifyIconCompatibilityTerminal { correlation_id: "native:51700:33", host_generation: 1787052694480, icon_generation: None, terminal: InvalidRequest, message: "notify-icon-owner-or-identity-invalid" }
terminal=NotifyIconCompatibilityTerminal { correlation_id: "native:5816:33", host_generation: 1787052694480, icon_generation: None, terminal: InvalidRequest, message: "notify-icon-owner-or-identity-invalid" }
terminal=NotifyIconCompatibilityTerminal { correlation_id: "native:5816:33", host_generation: 1787052694480, icon_generation: Some(34), terminal: NoChange, message: "" }
terminal=NotifyIconCompatibilityTerminal { correlation_id: "native:51700:33", host_generation: 1787052694480, icon_generation: None, terminal: InvalidRequest, message: "notify-icon-owner-or-identity-invalid" }
terminal=NotifyIconCompatibilityTerminal { correlation_id: "native:38196:35", host_generation: 1787052694480, icon_generation: Some(34), terminal: Applied, message: "" }
terminal=NotifyIconCompatibilityTerminal { correlation_id: "native:38196:35", host_generation: 1787052694480, icon_generation: Some(36), terminal: Applied, message: "" }
terminal=NotifyIconCompatibilityTerminal { correlation_id: "native:38196:36", host_generation: 1787052694480, icon_generation: Some(36), terminal: Applied, message: "" }
snapshot-icons=23
dwData=1 cbData=1484 bytes=2334753401000000bc030000f6090900000000000e00000000000000e712451543005000550020003200350025000d000a00188ab661d49a2000320035002500
dwData=1 cbData=1484 bytes=2334753400000000bc030000380402000100000007000000010400005d07350053007400650061006d0000000000000000000000000000000000000000000000
terminal=NotifyIconCompatibilityTerminal { correlation_id: "native:51700:36", host_generation: 1787052694480, icon_generation: None, terminal: InvalidRequest, message: "notify-icon-owner-or-identity-invalid" }
terminal=NotifyIconCompatibilityTerminal { correlation_id: "native:13616:38", host_generation: 1787052694480, icon_generation: Some(37), terminal: Applied, message: "" }
snapshot-icons=24
dwData=1 cbData=1484 bytes=2334753401000000bc030000320104000000000003000000650000002911e231430070007500200030000a0054006300630064002000230030003a0020003500
dwData=1 cbData=1484 bytes=2334753401000000bc030000320104000000000005000000650000002911e231430070007500200030000a0054006300630064002000230030003a0020003500
dwData=1 cbData=1484 bytes=2334753401000000bc030000f6090900000000000e000000000000005b10ec2743005000550020003200350025000d000a00188ab661d49a2000320035002500
terminal=NotifyIconCompatibilityTerminal { correlation_id: "native:5816:38", host_generation: 1787052694480, icon_generation: None, terminal: InvalidRequest, message: "notify-icon-owner-or-identity-invalid" }
terminal=NotifyIconCompatibilityTerminal { correlation_id: "native:51700:38", host_generation: 1787052694480, icon_generation: None, terminal: InvalidRequest, message: "notify-icon-owner-or-identity-invalid" }
dwData=1 cbData=1484 bytes=2334753401000000bc030000f6090900000000000e00000000000000e712451543005000550020003200330025000d000a00188ab661d49a2000320035002500
terminal=NotifyIconCompatibilityTerminal { correlation_id: "native:51700:38", host_generation: 1787052694480, icon_generation: None, terminal: InvalidRequest, message: "notify-icon-owner-or-identity-invalid" }
snapshot-icons=24
snapshot-icons=0
dwData=1 cbData=1484 bytes=2334753402000000bc030000f8010200020000000200000000000000000000000000000000000000000000000000000000000000000000000000000000000000
dwData=1 cbData=1484 bytes=2334753400000000bc030000160901000200000007000000721700009808150052007500730074004400650073006b0020002d002000315cd27d0a0031002000
dwData=1 cbData=1484 bytes=2334753400000000bc030000f6090900ffffffff0f00000065040000010ec224e55d5c4fa17b0674e15400000000000000000000000000000000000000000000
dwData=1 cbData=1484 bytes=2334753400000000bc030000ac070100010000008700000001800000a70703004d0075004d00750050006c006100790065007200000000000000000000000000
dwData=1 cbData=1484 bytes=2334753400000000bc03000032080100000000008700000065800000f90307006a522066134e1a4e487200000000000000000000000000000000000000000000
dwData=1 cbData=1484 bytes=2334753400000000bc030000600403000000000007000000001400004d040400450076006500720079007400680069006e006700000000000000000000000000
dwData=1 cbData=1484 bytes=2334753402000000bc03000038040200010000000700000001040000000000000000000000000000000000000000000000000000000000000000000000000000
dwData=1 cbData=1484 bytes=2334753402000000bc030000780eeb01030000000000000000000000000000000000000000000000000000000000000000000000000000000000000000000000
dwData=1 cbData=1484 bytes=2334753402000000bc030000f0070100030000002000000000000000000000000000000000000000000000000000000000000000000000000000000000000000
dwData=1 cbData=1484 bytes=2334753402000000bc030000d409110001000000a7000000030400007903510b4d006900630072006f0073006f00660074002000330036003500200043006f00
dwData=1 cbData=1484 bytes=2334753400000000bc030000f80102000200000007000000721700000505150053006e006f0077002000530068006f0074000000000000000000000000000000
dwData=1 cbData=1484 bytes=2334753402000000bc030000720701008200000000000000640400006907020044006900740074006f0000000000000000000000000000000000000000000000
dwData=1 cbData=1484 bytes=2334753402000000bc030000f00e8200030000002000000000000000000000000000000000000000000000000000000000000000000000000000000000000000
dwData=1 cbData=1484 bytes=2334753400000000bc030000f6090900feffffff0f000000650400005b0b5c04e55d5c4fa17b0674e15400000000000000000000000000000000000000000000
dwData=1 cbData=1484 bytes=2334753401000000bc0300005a04010064000000ae000000000000006910f27f570069006e0064006f00770073002000895b6851276020002d002000fa5e708b
dwData=1 cbData=1484 bytes=2334753404000000bc03000032080100000000008700000065800000f90307006a522066134e1a4e487200000000000000000000000000000000000000000000
dwData=1 cbData=1484 bytes=2334753400000000bc03000030090200010000000700000000080000e7073100540069006d00650053006e006100700070006500720020002800410063007400
dwData=1 cbData=1484 bytes=2334753401000000bc0300002c120a0000000000870000006580000031057a030000000000000000000000000000000000000000000000000000000000000000
dwData=1 cbData=1484 bytes=2334753401000000bc03000032010400000000000700000065000000cb0abb28430070007500200030000a0054006300630064002000230030003a0020003500
dwData=1 cbData=1484 bytes=2334753402000000bc03000056080100070000000000000000000000000000000000000000000000000000000000000000000000000000000000000000000000
dwData=1 cbData=1484 bytes=2334753400000000bc030000780eeb0103000000030000000180000045025c000000000000000000000000000000000000000000000000000000000000000000
dwData=1 cbData=1484 bytes=2334753400000000bc030000f0070100030000002300000001800000210b3f170000000000000000000000000000000000000000000000000000000000000000
dwData=1 cbData=1484 bytes=2334753400000000bc030000720ec402000000000700000065800000d9018c0153007400650061006d00560052002000c0724b61000000000000000000000000
dwData=1 cbData=1484 bytes=2334753400000000bc030000d409110001000000a7000000030400007903510b4d006900630072006f0073006f00660074002000330036003500200043006f00
dwData=1 cbData=1484 bytes=2334753400000000bc030000720701008200000007000000640400006907020044006900740074006f0000000000000000000000000000000000000000000000
dwData=1 cbData=1484 bytes=2334753400000000bc030000f00e8200030000002700000001800000c00e38004300680061007400470050005400000000000000000000000000000000000000
dwData=1 cbData=1484 bytes=2334753400000000bc030000f6090900fdffffff0f00000065040000e7124515e55d5c4fa17b0674e15400000000000000000000000000000000000000000000
dwData=1 cbData=1484 bytes=2334753400000000bc03000056080100070000000300000001800000f1080f000000000000000000000000000000000000000000000000000000000000000000
dwData=1 cbData=1484 bytes=2334753400000000bc0300002c120a0000000000870000006580000031057a030000000000000000000000000000000000000000000000000000000000000000
dwData=1 cbData=1484 bytes=2334753401000000bc03000032010400000000000700000065000000cb0abc28430070007500200030000a0054006300630064002000230030003a0020003500
dwData=1 cbData=1484 bytes=2334753404000000bc030000720ec402000000000700000065800000d9018c0153007400650061006d00560052002000c0724b61000000000000000000000000
dwData=1 cbData=1484 bytes=2334753404000000bc030000d409110001000000a7000000030400007903510b4d006900630072006f0073006f00660074002000330036003500200043006f00
dwData=1 cbData=1484 bytes=2334753400000000bc030000f6090900fcffffff0f000000650400005b10ec27e55d5c4fa17b0674e15400000000000000000000000000000000000000000000
dwData=1 cbData=1484 bytes=2334753404000000bc0300002c120a0000000000870000006580000031057a030000000000000000000000000000000000000000000000000000000000000000
dwData=1 cbData=1484 bytes=2334753401000000bc030000320104000000000007000000650000006f10715f430070007500200030000a0054006300630064002000230030003a0020003500
dwData=1 cbData=1484 bytes=2334753400000000bc030000f6090900fbffffff0f000000650400006d09b318e55d5c4fa17b0674e15400000000000000000000000000000000000000000000
dwData=1 cbData=1484 bytes=2334753402000000bc030000320104000000000007000000650000006f10715f430070007500200030000a0054006300630064002000230030003a0020003500
dwData=1 cbData=1484 bytes=2334753400000000bc030000f6090900faffffff0f000000650400006b12d315e55d5c4fa17b0674e15400000000000000000000000000000000000000000000
dwData=1 cbData=1484 bytes=2334753400000000bc030000f6090900f9ffffff0f000000650400006b0f7c10e55d5c4fa17b0674e15400000000000000000000000000000000000000000000
dwData=1 cbData=1484 bytes=2334753400000000bc030000320104001b0000000700000065000000910a202443006f00720065002000540065006d0070002000760065007200730069006f00
dwData=1 cbData=1484 bytes=2334753400000000bc030000f6090900f8ffffff0f00000065040000150dae00e55d5c4fa17b0674e15400000000000000000000000000000000000000000000
dwData=1 cbData=1484 bytes=2334753401000000bc030000320104001b0000000200000065000000c303010043006f00720065002000540065006d0070002000760065007200730069006f00
dwData=1 cbData=1484 bytes=2334753401000000bc030000320104001b0000000200000065000000c303010043006f00720065002000540065006d0070002000760065007200730069006f00
dwData=1 cbData=1484 bytes=2334753400000000bc030000f6090900f7ffffff0f000000650400006708be28e55d5c4fa17b0674e15400000000000000000000000000000000000000000000
dwData=1 cbData=1484 bytes=2334753400000000bc030000f6090900f6ffffff0f00000065040000d111722be55d5c4fa17b0674e15400000000000000000000000000000000000000000000
dwData=1 cbData=1484 bytes=2334753400000000bc030000f6090900f5ffffff0f000000650400009b121829e55d5c4fa17b0674e15400000000000000000000000000000000000000000000
dwData=1 cbData=1484 bytes=2334753400000000bc03000032010400000000000700000065000000910a2124430070007500200030000a0054006300630064002000230030003a0020003500
dwData=1 cbData=1484 bytes=2334753400000000bc030000f6090900f4ffffff0f00000065040000590b7000e55d5c4fa17b0674e15400000000000000000000000000000000000000000000
dwData=1 cbData=1484 bytes=2334753402000000bc030000320104001b0000000200000065000000c303010043006f00720065002000540065006d0070002000760065007200730069006f00
dwData=1 cbData=1484 bytes=2334753400000000bc030000f6090900000000000700000065040000010ec224e55d5c4fa17b0674e15400000000000000000000000000000000000000000000
dwData=1 cbData=1484 bytes=2334753400000000bc030000ec0a1900591b0000870000002580000033000100530075007000650072004400650073006b0074006f007000200063006f006d00
dwData=1 cbData=1484 bytes=2334753404000000bc030000ec0a1900591b0000870000002580000033000100530075007000650072004400650073006b0074006f007000200063006f006d00
dwData=1 cbData=1484 bytes=2334753401000000bc030000ec0a1900591b0000870000002580000033000100530075007000650072004400650073006b0074006f007000200063006f006d00
dwData=1 cbData=1484 bytes=2334753401000000bc030000f6090900000000000e000000000000005b0b5c0443005000550020003100360025000d000a00188ab661d49a2000320035002500
terminal=NotifyIconCompatibilityTerminal { correlation_id: "native:10512:0", host_generation: 1787052697984, icon_generation: Some(1), terminal: NoChange, message: "" }
terminal=NotifyIconCompatibilityTerminal { correlation_id: "native:31448:2", host_generation: 1787052697984, icon_generation: Some(1), terminal: Applied, message: "" }
terminal=NotifyIconCompatibilityTerminal { correlation_id: "native:51700:4", host_generation: 1787052697984, icon_generation: Some(3), terminal: Applied, message: "" }
terminal=NotifyIconCompatibilityTerminal { correlation_id: "native:25924:6", host_generation: 1787052697984, icon_generation: Some(5), terminal: Applied, message: "" }
terminal=NotifyIconCompatibilityTerminal { correlation_id: "native:29572:6", host_generation: 1787052697984, icon_generation: None, terminal: InvalidRequest, message: "notify-icon-owner-or-identity-invalid" }
terminal=NotifyIconCompatibilityTerminal { correlation_id: "native:14300:6", host_generation: 1787052697984, icon_generation: None, terminal: InvalidRequest, message: "notify-icon-owner-or-identity-invalid" }
terminal=NotifyIconCompatibilityTerminal { correlation_id: "native:13616:6", host_generation: 1787052697984, icon_generation: Some(7), terminal: NoChange, message: "" }
terminal=NotifyIconCompatibilityTerminal { correlation_id: "native:42812:6", host_generation: 1787052697984, icon_generation: Some(7), terminal: NoChange, message: "" }
terminal=NotifyIconCompatibilityTerminal { correlation_id: "native:11500:6", host_generation: 1787052697984, icon_generation: Some(7), terminal: NoChange, message: "" }
terminal=NotifyIconCompatibilityTerminal { correlation_id: "native:23084:6", host_generation: 1787052697984, icon_generation: Some(7), terminal: NoChange, message: "" }
terminal=NotifyIconCompatibilityTerminal { correlation_id: "native:10512:8", host_generation: 1787052697984, icon_generation: Some(7), terminal: Applied, message: "" }
terminal=NotifyIconCompatibilityTerminal { correlation_id: "native:14556:8", host_generation: 1787052697984, icon_generation: Some(9), terminal: NoChange, message: "" }
terminal=NotifyIconCompatibilityTerminal { correlation_id: "native:2228:8", host_generation: 1787052697984, icon_generation: Some(9), terminal: NoChange, message: "" }
terminal=NotifyIconCompatibilityTerminal { correlation_id: "native:51700:9", host_generation: 1787052697984, icon_generation: Some(9), terminal: Applied, message: "" }
terminal=NotifyIconCompatibilityTerminal { correlation_id: "native:19728:9", host_generation: 1787052697984, icon_generation: None, terminal: InvalidRequest, message: "notify-icon-owned-invalid" }
terminal=NotifyIconCompatibilityTerminal { correlation_id: "native:29572:9", host_generation: 1787052697984, icon_generation: None, terminal: InvalidRequest, message: "notify-icon-owner-or-identity-invalid" }
terminal=NotifyIconCompatibilityTerminal { correlation_id: "native:31728:11", host_generation: 1787052697984, icon_generation: Some(10), terminal: Applied, message: "" }
terminal=NotifyIconCompatibilityTerminal { correlation_id: "native:44856:11", host_generation: 1787052697984, icon_generation: None, terminal: InvalidRequest, message: "notify-icon-owner-or-identity-invalid" }
terminal=NotifyIconCompatibilityTerminal { correlation_id: "native:5816:11", host_generation: 1787052697984, icon_generation: None, terminal: InvalidRequest, message: "notify-icon-owner-or-identity-invalid" }
terminal=NotifyIconCompatibilityTerminal { correlation_id: "native:29360:11", host_generation: 1787052697984, icon_generation: Some(12), terminal: NoChange, message: "" }
terminal=NotifyIconCompatibilityTerminal { correlation_id: "native:42812:13", host_generation: 1787052697984, icon_generation: Some(12), terminal: Applied, message: "" }
terminal=NotifyIconCompatibilityTerminal { correlation_id: "native:11500:15", host_generation: 1787052697984, icon_generation: Some(14), terminal: Applied, message: "" }
terminal=NotifyIconCompatibilityTerminal { correlation_id: "native:21796:15", host_generation: 1787052697984, icon_generation: None, terminal: InvalidRequest, message: "notify-icon-owner-or-identity-invalid" }
terminal=NotifyIconCompatibilityTerminal { correlation_id: "native:23084:17", host_generation: 1787052697984, icon_generation: Some(16), terminal: Applied, message: "" }
dwData=1 cbData=1484 bytes=2334753401000000bc03000032010400000000000300000065000000110c7708430070007500200030000a0054006300630064002000230030003a0020003500
terminal=NotifyIconCompatibilityTerminal { correlation_id: "native:14556:19", host_generation: 1787052697984, icon_generation: Some(18), terminal: Applied, message: "" }
terminal=NotifyIconCompatibilityTerminal { correlation_id: "native:2228:21", host_generation: 1787052697984, icon_generation: Some(20), terminal: Applied, message: "" }
terminal=NotifyIconCompatibilityTerminal { correlation_id: "native:51700:22", host_generation: 1787052697984, icon_generation: Some(22), terminal: Applied, message: "" }
terminal=NotifyIconCompatibilityTerminal { correlation_id: "native:29360:24", host_generation: 1787052697984, icon_generation: Some(23), terminal: Applied, message: "" }
terminal=NotifyIconCompatibilityTerminal { correlation_id: "native:44856:24", host_generation: 1787052697984, icon_generation: None, terminal: InvalidRequest, message: "notify-icon-owner-or-identity-invalid" }
terminal=NotifyIconCompatibilityTerminal { correlation_id: "native:21796:24", host_generation: 1787052697984, icon_generation: None, terminal: InvalidRequest, message: "notify-icon-owner-or-identity-invalid" }
terminal=NotifyIconCompatibilityTerminal { correlation_id: "native:23084:24", host_generation: 1787052697984, icon_generation: Some(25), terminal: Applied, message: "" }
terminal=NotifyIconCompatibilityTerminal { correlation_id: "native:51700:25", host_generation: 1787052697984, icon_generation: Some(25), terminal: Applied, message: "" }
terminal=NotifyIconCompatibilityTerminal { correlation_id: "native:44856:25", host_generation: 1787052697984, icon_generation: None, terminal: InvalidRequest, message: "notify-icon-owner-or-identity-invalid" }
terminal=NotifyIconCompatibilityTerminal { correlation_id: "native:51700:26", host_generation: 1787052697984, icon_generation: Some(26), terminal: Applied, message: "" }
terminal=NotifyIconCompatibilityTerminal { correlation_id: "native:5816:26", host_generation: 1787052697984, icon_generation: None, terminal: InvalidRequest, message: "notify-icon-owner-or-identity-invalid" }
terminal=NotifyIconCompatibilityTerminal { correlation_id: "native:51700:27", host_generation: 1787052697984, icon_generation: Some(27), terminal: Applied, message: "" }
terminal=NotifyIconCompatibilityTerminal { correlation_id: "native:51700:28", host_generation: 1787052697984, icon_generation: Some(28), terminal: Applied, message: "" }
terminal=NotifyIconCompatibilityTerminal { correlation_id: "native:5816:28", host_generation: 1787052697984, icon_generation: None, terminal: InvalidRequest, message: "notify-icon-copy-failed" }
terminal=NotifyIconCompatibilityTerminal { correlation_id: "native:51700:29", host_generation: 1787052697984, icon_generation: Some(29), terminal: Applied, message: "" }
terminal=NotifyIconCompatibilityTerminal { correlation_id: "native:5816:29", host_generation: 1787052697984, icon_generation: Some(30), terminal: NoChange, message: "" }
terminal=NotifyIconCompatibilityTerminal { correlation_id: "native:51700:30", host_generation: 1787052697984, icon_generation: Some(30), terminal: Applied, message: "" }
terminal=NotifyIconCompatibilityTerminal { correlation_id: "native:51700:31", host_generation: 1787052697984, icon_generation: Some(31), terminal: Applied, message: "" }
terminal=NotifyIconCompatibilityTerminal { correlation_id: "native:51700:32", host_generation: 1787052697984, icon_generation: Some(32), terminal: Applied, message: "" }
terminal=NotifyIconCompatibilityTerminal { correlation_id: "native:5816:32", host_generation: 1787052697984, icon_generation: None, terminal: InvalidRequest, message: "notify-icon-owner-or-identity-invalid" }
terminal=NotifyIconCompatibilityTerminal { correlation_id: "native:51700:33", host_generation: 1787052697984, icon_generation: Some(33), terminal: Applied, message: "" }
terminal=NotifyIconCompatibilityTerminal { correlation_id: "native:5816:33", host_generation: 1787052697984, icon_generation: Some(34), terminal: NoChange, message: "" }
terminal=NotifyIconCompatibilityTerminal { correlation_id: "native:51700:33", host_generation: 1787052697984, icon_generation: None, terminal: InvalidRequest, message: "notify-icon-owner-or-identity-invalid" }
terminal=NotifyIconCompatibilityTerminal { correlation_id: "native:38196:35", host_generation: 1787052697984, icon_generation: Some(34), terminal: Applied, message: "" }
terminal=NotifyIconCompatibilityTerminal { correlation_id: "native:38196:35", host_generation: 1787052697984, icon_generation: Some(36), terminal: Applied, message: "" }
terminal=NotifyIconCompatibilityTerminal { correlation_id: "native:38196:36", host_generation: 1787052697984, icon_generation: Some(36), terminal: Applied, message: "" }
terminal=NotifyIconCompatibilityTerminal { correlation_id: "native:51700:36", host_generation: 1787052697984, icon_generation: None, terminal: InvalidRequest, message: "notify-icon-owner-or-identity-invalid" }
dwData=1 cbData=1484 bytes=2334753401000000bc03000032010400000000000500000065000000110c7708430070007500200030000a0054006300630064002000230030003a0020003400
terminal=NotifyIconCompatibilityTerminal { correlation_id: "native:5816:36", host_generation: 1787052697984, icon_generation: None, terminal: InvalidRequest, message: "notify-icon-owner-or-identity-invalid" }
snapshot-icons=23
dwData=1 cbData=1484 bytes=2334753401000000bc030000f6090900000000000e00000000000000e712451543005000550020003100370025000d000a00188ab661d49a2000320035002500
dwData=1 cbData=1484 bytes=2334753400000000bc030000380402000100000007000000010400005d07350053007400650061006d0000000000000000000000000000000000000000000000
dwData=1 cbData=1484 bytes=2334753401000000bc030000f6090900000000000e00000000000000e712451543005000550020003100380025000d000a00188ab661d49a2000320035002500
dwData=1 cbData=1484 bytes=2334753401000000bc03000032010400000000000300000065000000450fac07430070007500200030000a0054006300630064002000230030003a0020003400
dwData=1 cbData=1484 bytes=2334753401000000bc03000032010400000000000500000065000000450fac07430070007500200030000a0054006300630064002000230030003a0020003500
terminal=NotifyIconCompatibilityTerminal { correlation_id: "native:51700:36", host_generation: 1787052697984, icon_generation: None, terminal: InvalidRequest, message: "notify-icon-owner-or-identity-invalid" }
terminal=NotifyIconCompatibilityTerminal { correlation_id: "native:13616:38", host_generation: 1787052697984, icon_generation: Some(37), terminal: Applied, message: "" }
terminal=NotifyIconCompatibilityTerminal { correlation_id: "native:5816:38", host_generation: 1787052697984, icon_generation: None, terminal: InvalidRequest, message: "notify-icon-owner-or-identity-invalid" }
snapshot-icons=24
dwData=1 cbData=1484 bytes=2334753401000000bc030000f6090900000000000e00000000000000e712451543005000550020003100370025000d000a00188ab661d49a2000320035002500
terminal=NotifyIconCompatibilityTerminal { correlation_id: "native:51700:38", host_generation: 1787052697984, icon_generation: None, terminal: InvalidRequest, message: "notify-icon-owner-or-identity-invalid" }
snapshot-icons=24
dwData=1 cbData=1484 bytes=2334753401000000bc030000f6090900000000000e00000000000000e712451543005000550020003100370025000d000a00188ab661d49a2000320035002500
dwData=1 cbData=1484 bytes=2334753401000000bc030000320104000000000003000000650000000b047605430070007500200030000a0054006300630064002000230030003a0020003500
dwData=1 cbData=1484 bytes=2334753401000000bc030000320104000000000005000000650000000b047605430070007500200030000a0054006300630064002000230030003a0020003500
terminal=NotifyIconCompatibilityTerminal { correlation_id: "native:51700:38", host_generation: 1787052697984, icon_generation: None, terminal: InvalidRequest, message: "notify-icon-owner-or-identity-invalid" }
terminal=NotifyIconCompatibilityTerminal { correlation_id: "native:5816:38", host_generation: 1787052697984, icon_generation: None, terminal: InvalidRequest, message: "notify-icon-owner-or-identity-invalid" }
snapshot-icons=24
dwData=1 cbData=1484 bytes=2334753401000000bc030000f6090900000000000e000000000000005b0b5c0443005000550020003100360025000d000a00188ab661d49a2000320035002500
terminal=NotifyIconCompatibilityTerminal { correlation_id: "native:51700:38", host_generation: 1787052697984, icon_generation: None, terminal: InvalidRequest, message: "notify-icon-owner-or-identity-invalid" }
snapshot-icons=24
dwData=1 cbData=1484 bytes=2334753401000000bc030000f6090900000000000e00000000000000e712451543005000550020003100380025000d000a00188ab661d49a2000320035002500
dwData=1 cbData=1484 bytes=2334753401000000bc030000320104000000000003000000650000006f10c15f430070007500200030000a0054006300630064002000230030003a0020003500
dwData=1 cbData=1484 bytes=2334753401000000bc030000320104000000000005000000650000006f10c15f430070007500200030000a0054006300630064002000230030003a0020003400
dwData=1 cbData=1484 bytes=2334753401000000bc030000f6090900000000000e000000000000005b0b5c0443005000550020003100350025000d000a00188ab661d49a2000320035002500
terminal=NotifyIconCompatibilityTerminal { correlation_id: "native:51700:38", host_generation: 1787052697984, icon_generation: None, terminal: InvalidRequest, message: "notify-icon-owner-or-identity-invalid" }
terminal=NotifyIconCompatibilityTerminal { correlation_id: "native:5816:38", host_generation: 1787052697984, icon_generation: None, terminal: InvalidRequest, message: "notify-icon-owner-or-identity-invalid" }
snapshot-icons=24
dwData=1 cbData=1484 bytes=2334753401000000bc030000f6090900000000000e000000000000005b0b5c0443005000550020003100350025000d000a00188ab661d49a2000320035002500
dwData=1 cbData=1484 bytes=2334753401000000bc03000032010400000000000300000065000000cf021602430070007500200030000a0054006300630064002000230030003a0020003400
dwData=1 cbData=1484 bytes=2334753401000000bc03000032010400000000000500000065000000cf021602430070007500200030000a0054006300630064002000230030003a0020003400
terminal=NotifyIconCompatibilityTerminal { correlation_id: "native:51700:38", host_generation: 1787052697984, icon_generation: None, terminal: InvalidRequest, message: "notify-icon-owner-or-identity-invalid" }
terminal=NotifyIconCompatibilityTerminal { correlation_id: "native:5816:38", host_generation: 1787052697984, icon_generation: None, terminal: InvalidRequest, message: "notify-icon-owner-or-identity-invalid" }
snapshot-icons=24
dwData=1 cbData=1484 bytes=2334753401000000bc030000f6090900000000000e000000000000005b0b5c0443005000550020003100350025000d000a00188ab661d49a2000320035002500
terminal=NotifyIconCompatibilityTerminal { correlation_id: "native:51700:38", host_generation: 1787052697984, icon_generation: None, terminal: InvalidRequest, message: "notify-icon-owner-or-identity-invalid" }
snapshot-icons=24
dwData=1 cbData=1484 bytes=2334753401000000bc030000f6090900000000000e000000000000005b0b5c0443005000550020003100350025000d000a00188ab661d49a2000320035002500
dwData=1 cbData=1484 bytes=2334753401000000bc03000032010400000000000300000065000000f3090708430070007500200030000a0054006300630064002000230030003a0020003400
dwData=1 cbData=1484 bytes=2334753401000000bc03000032010400000000000500000065000000f3090708430070007500200030000a0054006300630064002000230030003a0020003400
dwData=1 cbData=1484 bytes=2334753401000000bc030000f6090900000000000e00000000000000e712451543005000550020003100380025000d000a00188ab661d49a2000320035002500
terminal=NotifyIconCompatibilityTerminal { correlation_id: "native:51700:38", host_generation: 1787052697984, icon_generation: None, terminal: InvalidRequest, message: "notify-icon-owner-or-identity-invalid" }
terminal=NotifyIconCompatibilityTerminal { correlation_id: "native:5816:38", host_generation: 1787052697984, icon_generation: None, terminal: InvalidRequest, message: "notify-icon-owner-or-identity-invalid" }
snapshot-icons=24
dwData=1 cbData=1484 bytes=2334753401000000bc030000f6090900000000000e000000000000005b0b5c0443005000550020003100360025000d000a00188ab661d49a2000320035002500
dwData=1 cbData=1484 bytes=2334753401000000bc03000032010400000000000500000065000000f3090708430070007500200030000a0054006300630064002000230030003a0020003400
terminal=NotifyIconCompatibilityTerminal { correlation_id: "native:51700:38", host_generation: 1787052697984, icon_generation: None, terminal: InvalidRequest, message: "notify-icon-owner-or-identity-invalid" }
terminal=NotifyIconCompatibilityTerminal { correlation_id: "native:5816:38", host_generation: 1787052697984, icon_generation: None, terminal: InvalidRequest, message: "notify-icon-owner-or-identity-invalid" }
snapshot-icons=24
dwData=1 cbData=1484 bytes=2334753401000000bc030000f6090900000000000e000000000000005b0b5c0443005000550020003100360025000d000a00188ab661d49a2000320035002500
terminal=NotifyIconCompatibilityTerminal { correlation_id: "native:51700:38", host_generation: 1787052697984, icon_generation: None, terminal: InvalidRequest, message: "notify-icon-owner-or-identity-invalid" }
snapshot-icons=24
dwData=1 cbData=1484 bytes=2334753401000000bc030000f6090900000000000e000000000000005b0b5c0443005000550020003100360025000d000a00188ab661d49a2000320035002500
dwData=1 cbData=1484 bytes=2334753401000000bc030000320104000000000003000000650000003b094606430070007500200030000a0054006300630064002000230030003a0020003400
dwData=1 cbData=1484 bytes=2334753401000000bc030000320104000000000005000000650000003b094606430070007500200030000a0054006300630064002000230030003a0020003400
terminal=NotifyIconCompatibilityTerminal { correlation_id: "native:51700:38", host_generation: 1787052697984, icon_generation: None, terminal: InvalidRequest, message: "notify-icon-owner-or-identity-invalid" }
terminal=NotifyIconCompatibilityTerminal { correlation_id: "native:5816:38", host_generation: 1787052697984, icon_generation: None, terminal: InvalidRequest, message: "notify-icon-owner-or-identity-invalid" }
snapshot-icons=24
dwData=1 cbData=1484 bytes=2334753401000000bc030000f6090900000000000e000000000000005b0b5c0443005000550020003100360025000d000a00188ab661d49a2000320035002500
dwData=1 cbData=1484 bytes=2334753401000000bc030000f6090900000000000e00000000000000e712451543005000550020003100370025000d000a00188ab661d49a2000320035002500
dwData=1 cbData=1484 bytes=2334753401000000bc030000320104000000000005000000650000003b094606430070007500200030000a0054006300630064002000230030003a0020003400
terminal=NotifyIconCompatibilityTerminal { correlation_id: "native:51700:38", host_generation: 1787052697984, icon_generation: None, terminal: InvalidRequest, message: "notify-icon-owner-or-identity-invalid" }
terminal=NotifyIconCompatibilityTerminal { correlation_id: "native:5816:38", host_generation: 1787052697984, icon_generation: None, terminal: InvalidRequest, message: "notify-icon-owner-or-identity-invalid" }
snapshot-icons=24
dwData=1 cbData=1484 bytes=2334753401000000bc030000f6090900000000000e00000000000000e712451543005000550020003100370025000d000a00188ab661d49a2000320035002500
terminal=NotifyIconCompatibilityTerminal { correlation_id: "native:51700:38", host_generation: 1787052697984, icon_generation: None, terminal: InvalidRequest, message: "notify-icon-owner-or-identity-invalid" }
snapshot-icons=24
dwData=1 cbData=1484 bytes=2334753401000000bc030000f6090900000000000e000000000000005b0b5c0443005000550020003100360025000d000a00188ab661d49a2000320035002500
dwData=1 cbData=1484 bytes=2334753401000000bc03000032010400000000000300000065000000b713cd04430070007500200030000a0054006300630064002000230030003a0020003400
dwData=1 cbData=1484 bytes=2334753401000000bc03000032010400000000000500000065000000b713cd04430070007500200030000a0054006300630064002000230030003a0020003600
terminal=NotifyIconCompatibilityTerminal { correlation_id: "native:51700:38", host_generation: 1787052697984, icon_generation: None, terminal: InvalidRequest, message: "notify-icon-owner-or-identity-invalid" }
terminal=NotifyIconCompatibilityTerminal { correlation_id: "native:5816:38", host_generation: 1787052697984, icon_generation: None, terminal: InvalidRequest, message: "notify-icon-owner-or-identity-invalid" }
snapshot-icons=24
dwData=1 cbData=1484 bytes=2334753401000000bc030000f6090900000000000e00000000000000e712451543005000550020003100380025000d000a00188ab661d49a2000320035002500
dwData=1 cbData=1484 bytes=2334753401000000bc030000f6090900000000000e000000000000005b0b5c0443005000550020003100360025000d000a00188ab661d49a2000320035002500
dwData=1 cbData=1484 bytes=2334753401000000bc03000032010400000000000500000065000000b713cd04430070007500200030000a0054006300630064002000230030003a0020003500
terminal=NotifyIconCompatibilityTerminal { correlation_id: "native:51700:38", host_generation: 1787052697984, icon_generation: None, terminal: InvalidRequest, message: "notify-icon-owner-or-identity-invalid" }
terminal=NotifyIconCompatibilityTerminal { correlation_id: "native:5816:38", host_generation: 1787052697984, icon_generation: None, terminal: InvalidRequest, message: "notify-icon-owner-or-identity-invalid" }
snapshot-icons=24
dwData=1 cbData=1484 bytes=2334753401000000bc030000f6090900000000000e00000000000000e712451543005000550020003100380025000d000a00188ab661d49a2000320035002500
terminal=NotifyIconCompatibilityTerminal { correlation_id: "native:51700:38", host_generation: 1787052697984, icon_generation: None, terminal: InvalidRequest, message: "notify-icon-owner-or-identity-invalid" }
snapshot-icons=24
dwData=1 cbData=1484 bytes=2334753401000000bc030000f6090900000000000e000000000000005b0b5c0443005000550020003100350025000d000a00188ab661d49a2000320035002500
dwData=1 cbData=1484 bytes=2334753401000000bc030000320104000000000003000000650000004b0d8103430070007500200030000a0054006300630064002000230030003a0020003500
dwData=1 cbData=1484 bytes=2334753401000000bc030000320104000000000005000000650000004b0d8103430070007500200030000a0054006300630064002000230030003a0020003400
terminal=NotifyIconCompatibilityTerminal { correlation_id: "native:51700:38", host_generation: 1787052697984, icon_generation: None, terminal: InvalidRequest, message: "notify-icon-owner-or-identity-invalid" }
terminal=NotifyIconCompatibilityTerminal { correlation_id: "native:5816:38", host_generation: 1787052697984, icon_generation: None, terminal: InvalidRequest, message: "notify-icon-owner-or-identity-invalid" }
snapshot-icons=24
dwData=1 cbData=1484 bytes=2334753401000000bc030000f6090900000000000e000000000000005b0b5c0443005000550020003100350025000d000a00188ab661d49a2000320035002500
terminal=NotifyIconCompatibilityTerminal { correlation_id: "native:51700:38", host_generation: 1787052697984, icon_generation: None, terminal: InvalidRequest, message: "notify-icon-owner-or-identity-invalid" }
snapshot-icons=24
dwData=1 cbData=1484 bytes=2334753401000000bc030000f6090900000000000e000000000000005b0b5c0443005000550020003100350025000d000a00188ab661d49a2000320035002500
dwData=1 cbData=1484 bytes=2334753401000000bc030000320104000000000005000000650000004b0d8103430070007500200030000a0054006300630064002000230030003a0020003400
dwData=1 cbData=1484 bytes=2334753401000000bc030000f6090900000000000e000000000000005b0b5c0443005000550020003100350025000d000a00188ab661d49a2000320035002500
terminal=NotifyIconCompatibilityTerminal { correlation_id: "native:51700:38", host_generation: 1787052697984, icon_generation: None, terminal: InvalidRequest, message: "notify-icon-owner-or-identity-invalid" }
terminal=NotifyIconCompatibilityTerminal { correlation_id: "native:5816:38", host_generation: 1787052697984, icon_generation: None, terminal: InvalidRequest, message: "notify-icon-owner-or-identity-invalid" }
snapshot-icons=24
snapshot-icons=24
dwData=1 cbData=1484 bytes=2334753401000000bc030000f6090900000000000e00000000000000e712451543005000550020003100370025000d000a00188ab661d49a2000320035002500
dwData=1 cbData=1484 bytes=2334753401000000bc030000320104000000000005000000650000004b0d8103430070007500200030000a0054006300630064002000230030003a0020003400
dwData=1 cbData=1484 bytes=2334753401000000bc030000f6090900000000000e000000000000005b0b5c0443005000550020003100360025000d000a00188ab661d49a2000320035002500
terminal=NotifyIconCompatibilityTerminal { correlation_id: "native:51700:38", host_generation: 1787052697984, icon_generation: None, terminal: InvalidRequest, message: "notify-icon-owner-or-identity-invalid" }
terminal=NotifyIconCompatibilityTerminal { correlation_id: "native:5816:38", host_generation: 1787052697984, icon_generation: None, terminal: InvalidRequest, message: "notify-icon-owner-or-identity-invalid" }
snapshot-icons=24
dwData=1 cbData=1484 bytes=2334753401000000bc030000f6090900000000000e000000000000005b0b5c0443005000550020003100360025000d000a00188ab661d49a2000320035002500
dwData=1 cbData=1484 bytes=2334753401000000bc030000320104000000000003000000650000009d02e224430070007500200030000a0054006300630064002000230030003a0020003400
dwData=1 cbData=1484 bytes=2334753401000000bc030000320104000000000005000000650000009d02e224430070007500200030000a0054006300630064002000230030003a0020003500
terminal=NotifyIconCompatibilityTerminal { correlation_id: "native:51700:38", host_generation: 1787052697984, icon_generation: None, terminal: InvalidRequest, message: "notify-icon-owner-or-identity-invalid" }
terminal=NotifyIconCompatibilityTerminal { correlation_id: "native:5816:38", host_generation: 1787052697984, icon_generation: None, terminal: InvalidRequest, message: "notify-icon-owner-or-identity-invalid" }
snapshot-icons=24
dwData=1 cbData=1484 bytes=2334753401000000bc030000f6090900000000000e00000000000000e712451543005000550020003100370025000d000a00188ab661d49a2000320035002500
terminal=NotifyIconCompatibilityTerminal { correlation_id: "native:51700:38", host_generation: 1787052697984, icon_generation: None, terminal: InvalidRequest, message: "notify-icon-owner-or-identity-invalid" }
snapshot-icons=24
dwData=1 cbData=1484 bytes=2334753401000000bc030000f6090900000000000e000000000000005b0b5c0443005000550020003100360025000d000a00188ab661d49a2000320035002500
dwData=1 cbData=1484 bytes=2334753401000000bc030000320104000000000005000000650000009d02e224430070007500200030000a0054006300630064002000230030003a0020003400
dwData=1 cbData=1484 bytes=2334753401000000bc030000f6090900000000000e00000000000000e712451543005000550020003100380025000d000a00188ab661d49a2000320035002500
terminal=NotifyIconCompatibilityTerminal { correlation_id: "native:51700:38", host_generation: 1787052697984, icon_generation: None, terminal: InvalidRequest, message: "notify-icon-owner-or-identity-invalid" }
terminal=NotifyIconCompatibilityTerminal { correlation_id: "native:5816:38", host_generation: 1787052697984, icon_generation: None, terminal: InvalidRequest, message: "notify-icon-owner-or-identity-invalid" }
snapshot-icons=24
dwData=1 cbData=1484 bytes=2334753401000000bc030000f6090900000000000e000000000000005b0b5c0443005000550020003100350025000d000a00188ab661d49a2000320035002500
dwData=1 cbData=1484 bytes=2334753401000000bc030000320104000000000005000000650000009d02e224430070007500200030000a0054006300630064002000230030003a0020003400
terminal=NotifyIconCompatibilityTerminal { correlation_id: "native:51700:38", host_generation: 1787052697984, icon_generation: None, terminal: InvalidRequest, message: "notify-icon-owner-or-identity-invalid" }
terminal=NotifyIconCompatibilityTerminal { correlation_id: "native:5816:38", host_generation: 1787052697984, icon_generation: None, terminal: InvalidRequest, message: "notify-icon-owner-or-identity-invalid" }
snapshot-icons=24
dwData=1 cbData=1484 bytes=2334753401000000bc030000f6090900000000000e000000000000005b0b5c0443005000550020003100350025000d000a00188ab661d49a2000320035002500
dwData=1 cbData=1484 bytes=2334753403000000bc030000ec0a1900591b0000870000002580000033000100530075007000650072004400650073006b0074006f007000200063006f006d00
dwData=1 cbData=1484 bytes=2334753402000000bc030000ec0a1900591b0000870000002580000033000100530075007000650072004400650073006b0074006f007000200063006f006d00
terminal=NotifyIconCompatibilityTerminal { correlation_id: "native:51700:39", host_generation: 1787052697984, icon_generation: None, terminal: InvalidRequest, message: "notify-icon-owner-or-identity-invalid" }
terminal=NotifyIconCompatibilityTerminal { correlation_id: "native:38196:39", host_generation: 1787052697984, icon_generation: None, terminal: InvalidRequest, message: "notify-icon-owner-or-identity-invalid" }
terminal=NotifyIconCompatibilityTerminal { correlation_id: "native:38196:39", host_generation: 1787052697984, icon_generation: None, terminal: InvalidRequest, message: "notify-icon-owner-or-identity-invalid" }
snapshot-icons=23
dwData=1 cbData=1484 bytes=2334753401000000bc030000f6090900000000000e000000000000005b0b5c0443005000550020003100360025000d000a00188ab661d49a2000320035002500
dwData=1 cbData=1484 bytes=2334753401000000bc030000320104000000000003000000650000002b125a0d430070007500200030000a0054006300630064002000230030003a0020003400
dwData=1 cbData=1484 bytes=2334753401000000bc030000320104000000000005000000650000002b125a0d430070007500200030000a0054006300630064002000230030003a0020003400
terminal=NotifyIconCompatibilityTerminal { correlation_id: "native:51700:39", host_generation: 1787052697984, icon_generation: None, terminal: InvalidRequest, message: "notify-icon-owner-or-identity-invalid" }
terminal=NotifyIconCompatibilityTerminal { correlation_id: "native:5816:39", host_generation: 1787052697984, icon_generation: None, terminal: InvalidRequest, message: "notify-icon-owner-or-identity-invalid" }
snapshot-icons=23
dwData=1 cbData=1484 bytes=2334753401000000bc030000f6090900000000000e000000000000005b0b5c0443005000550020003100360025000d000a00188ab661d49a2000320035002500
dwData=1 cbData=1484 bytes=2334753401000000bc030000f6090900000000000e00000000000000e712451543005000550020003100380025000d000a00188ab661d49a2000320035002500
dwData=1 cbData=1484 bytes=2334753401000000bc030000320104000000000003000000650000005914fb07430070007500200030000a0054006300630064002000230030003a0020003400
dwData=1 cbData=1484 bytes=2334753401000000bc030000320104000000000005000000650000005914fb07430070007500200030000a0054006300630064002000230030003a0020003400
terminal=NotifyIconCompatibilityTerminal { correlation_id: "native:51700:39", host_generation: 1787052697984, icon_generation: None, terminal: InvalidRequest, message: "notify-icon-owner-or-identity-invalid" }
terminal=NotifyIconCompatibilityTerminal { correlation_id: "native:5816:39", host_generation: 1787052697984, icon_generation: None, terminal: InvalidRequest, message: "notify-icon-owner-or-identity-invalid" }
snapshot-icons=23
dwData=1 cbData=1484 bytes=2334753401000000bc030000f6090900000000000e000000000000005b0b5c0443005000550020003100350025000d000a00188ab661d49a2000320035002500
terminal=NotifyIconCompatibilityTerminal { correlation_id: "native:51700:39", host_generation: 1787052697984, icon_generation: None, terminal: InvalidRequest, message: "notify-icon-owner-or-identity-invalid" }
snapshot-icons=23
dwData=1 cbData=1484 bytes=2334753401000000bc030000f6090900000000000e000000000000005b0b5c0443005000550020003100350025000d000a00188ab661d49a2000320035002500
dwData=1 cbData=1484 bytes=2334753401000000bc030000320104000000000005000000650000005914fb07430070007500200030000a0054006300630064002000230030003a0020003400
terminal=NotifyIconCompatibilityTerminal { correlation_id: "native:51700:39", host_generation: 1787052697984, icon_generation: None, terminal: InvalidRequest, message: "notify-icon-owner-or-identity-invalid" }
terminal=NotifyIconCompatibilityTerminal { correlation_id: "native:5816:39", host_generation: 1787052697984, icon_generation: None, terminal: InvalidRequest, message: "notify-icon-owner-or-identity-invalid" }
snapshot-icons=23
dwData=1 cbData=1484 bytes=2334753401000000bc030000f6090900000000000e000000000000005b0b5c0443005000550020003100350025000d000a00188ab661d49a2000320035002500
dwData=1 cbData=1484 bytes=2334753401000000bc030000f6090900000000000e000000000000005b0b5c0443005000550020003100350025000d000a00188ab661d49a2000320035002500
dwData=1 cbData=1484 bytes=2334753401000000bc030000320104000000000005000000650000005914fb07430070007500200030000a0054006300630064002000230030003a0020003400
terminal=NotifyIconCompatibilityTerminal { correlation_id: "native:51700:39", host_generation: 1787052697984, icon_generation: None, terminal: InvalidRequest, message: "notify-icon-owner-or-identity-invalid" }
terminal=NotifyIconCompatibilityTerminal { correlation_id: "native:5816:39", host_generation: 1787052697984, icon_generation: None, terminal: InvalidRequest, message: "notify-icon-owner-or-identity-invalid" }
snapshot-icons=23
dwData=1 cbData=1484 bytes=2334753401000000bc030000f6090900000000000e00000000000000e712451543005000550020003100370025000d000a00188ab661d49a2000320035002500
terminal=NotifyIconCompatibilityTerminal { correlation_id: "native:51700:39", host_generation: 1787052697984, icon_generation: None, terminal: InvalidRequest, message: "notify-icon-owner-or-identity-invalid" }
snapshot-icons=23
dwData=1 cbData=1484 bytes=2334753401000000bc030000f6090900000000000e000000000000005b0b5c0443005000550020003100350025000d000a00188ab661d49a2000320035002500
dwData=1 cbData=1484 bytes=2334753401000000bc030000320104000000000005000000650000005914fb07430070007500200030000a0054006300630064002000230030003a0020003400
terminal=NotifyIconCompatibilityTerminal { correlation_id: "native:51700:39", host_generation: 1787052697984, icon_generation: None, terminal: InvalidRequest, message: "notify-icon-owner-or-identity-invalid" }
terminal=NotifyIconCompatibilityTerminal { correlation_id: "native:5816:39", host_generation: 1787052697984, icon_generation: None, terminal: InvalidRequest, message: "notify-icon-owner-or-identity-invalid" }
snapshot-icons=23
dwData=1 cbData=1484 bytes=2334753401000000bc030000f6090900000000000e000000000000005b0b5c0443005000550020003100350025000d000a00188ab661d49a2000320035002500
dwData=1 cbData=1484 bytes=2334753402000000bc030000f8010200020000000200000000000000000000000000000000000000000000000000000000000000000000000000000000000000
dwData=1 cbData=1484 bytes=2334753400000000bc030000160901000200000007000000721700009808150052007500730074004400650073006b0020002d002000315cd27d0a0031002000
dwData=1 cbData=1484 bytes=2334753400000000bc030000f6090900ffffffff0f00000065040000010ec224e55d5c4fa17b0674e15400000000000000000000000000000000000000000000
dwData=1 cbData=1484 bytes=2334753400000000bc03000032080100000000008700000065800000f90307006a522066134e1a4e487200000000000000000000000000000000000000000000
dwData=1 cbData=1484 bytes=2334753400000000bc030000ac070100010000008700000001800000a70703004d0075004d00750050006c006100790065007200000000000000000000000000
dwData=1 cbData=1484 bytes=2334753400000000bc030000600403000000000007000000001400004d040400450076006500720079007400680069006e006700000000000000000000000000
dwData=1 cbData=1484 bytes=2334753402000000bc03000038040200010000000700000001040000000000000000000000000000000000000000000000000000000000000000000000000000
dwData=1 cbData=1484 bytes=2334753402000000bc030000780eeb01030000000000000000000000000000000000000000000000000000000000000000000000000000000000000000000000
dwData=1 cbData=1484 bytes=2334753402000000bc030000f0070100030000002000000000000000000000000000000000000000000000000000000000000000000000000000000000000000
dwData=1 cbData=1484 bytes=2334753402000000bc030000d409110001000000a7000000030400007903510b4d006900630072006f0073006f00660074002000330036003500200043006f00
dwData=1 cbData=1484 bytes=2334753400000000bc030000f80102000200000007000000721700000505150053006e006f0077002000530068006f0074000000000000000000000000000000
dwData=1 cbData=1484 bytes=2334753402000000bc030000720701008200000000000000640400006907020044006900740074006f0000000000000000000000000000000000000000000000
dwData=1 cbData=1484 bytes=2334753404000000bc03000032080100000000008700000065800000f90307006a522066134e1a4e487200000000000000000000000000000000000000000000
dwData=1 cbData=1484 bytes=2334753401000000bc0300005a04010064000000ae000000000000002f0f314d570069006e0064006f00770073002000895b6851276020002d002000fa5e708b
dwData=1 cbData=1484 bytes=2334753402000000bc030000f00e8200030000002000000000000000000000000000000000000000000000000000000000000000000000000000000000000000
dwData=1 cbData=1484 bytes=2334753400000000bc030000f6090900feffffff0f000000650400005b0b5c04e55d5c4fa17b0674e15400000000000000000000000000000000000000000000
dwData=1 cbData=1484 bytes=2334753400000000bc03000030090200010000000700000000080000e7073100540069006d00650053006e006100700070006500720020002800410063007400
dwData=1 cbData=1484 bytes=2334753401000000bc030000320104000000000007000000650000001f132602430070007500200030000a0054006300630064002000230030003a0020003500
dwData=1 cbData=1484 bytes=2334753401000000bc0300002c120a000000000087000000658000007102a40a0000000000000000000000000000000000000000000000000000000000000000
dwData=1 cbData=1484 bytes=2334753400000000bc030000780eeb0103000000030000000180000045025c000000000000000000000000000000000000000000000000000000000000000000
dwData=1 cbData=1484 bytes=2334753402000000bc03000056080100070000000000000000000000000000000000000000000000000000000000000000000000000000000000000000000000
dwData=1 cbData=1484 bytes=2334753400000000bc030000f0070100030000002300000001800000210b3f170000000000000000000000000000000000000000000000000000000000000000
dwData=1 cbData=1484 bytes=2334753400000000bc030000d409110001000000a7000000030400007903510b4d006900630072006f0073006f00660074002000330036003500200043006f00
dwData=1 cbData=1484 bytes=2334753400000000bc030000720ec402000000000700000065800000d9018c0153007400650061006d00560052002000c0724b61000000000000000000000000
dwData=1 cbData=1484 bytes=2334753400000000bc030000720701008200000007000000640400006907020044006900740074006f0000000000000000000000000000000000000000000000
dwData=1 cbData=1484 bytes=2334753400000000bc030000f00e8200030000002700000001800000c00e38004300680061007400470050005400000000000000000000000000000000000000
dwData=1 cbData=1484 bytes=2334753400000000bc030000f6090900fdffffff0f00000065040000e7124515e55d5c4fa17b0674e15400000000000000000000000000000000000000000000
dwData=1 cbData=1484 bytes=2334753400000000bc0300002c120a000000000087000000658000007102a40a0000000000000000000000000000000000000000000000000000000000000000
dwData=1 cbData=1484 bytes=2334753400000000bc03000056080100070000000300000001800000f1080f000000000000000000000000000000000000000000000000000000000000000000
dwData=1 cbData=1484 bytes=2334753404000000bc030000d409110001000000a7000000030400007903510b4d006900630072006f0073006f00660074002000330036003500200043006f00
dwData=1 cbData=1484 bytes=2334753404000000bc030000720ec402000000000700000065800000d9018c0153007400650061006d00560052002000c0724b61000000000000000000000000
dwData=1 cbData=1484 bytes=2334753401000000bc030000320104000000000007000000650000001f132702430070007500200030000a0054006300630064002000230030003a0020003500
dwData=1 cbData=1484 bytes=2334753404000000bc0300002c120a000000000087000000658000007102a40a0000000000000000000000000000000000000000000000000000000000000000
dwData=1 cbData=1484 bytes=2334753400000000bc030000f6090900fcffffff0f000000650400005b10ec27e55d5c4fa17b0674e15400000000000000000000000000000000000000000000
dwData=1 cbData=1484 bytes=2334753400000000bc030000f6090900fbffffff0f000000650400006d09b318e55d5c4fa17b0674e15400000000000000000000000000000000000000000000
dwData=1 cbData=1484 bytes=2334753400000000bc030000f6090900faffffff0f000000650400006b12d315e55d5c4fa17b0674e15400000000000000000000000000000000000000000000
dwData=1 cbData=1484 bytes=2334753401000000bc030000320104000000000007000000650000001f132902430070007500200030000a0054006300630064002000230030003a0020003500
dwData=1 cbData=1484 bytes=2334753402000000bc030000320104000000000007000000650000001f132902430070007500200030000a0054006300630064002000230030003a0020003500
dwData=1 cbData=1484 bytes=2334753400000000bc030000f6090900f9ffffff0f000000650400006b0f7c10e55d5c4fa17b0674e15400000000000000000000000000000000000000000000
dwData=1 cbData=1484 bytes=2334753400000000bc030000f6090900f8ffffff0f00000065040000150dae00e55d5c4fa17b0674e15400000000000000000000000000000000000000000000
dwData=1 cbData=1484 bytes=2334753400000000bc030000320104001b00000007000000650000001f132b0243006f00720065002000540065006d0070002000760065007200730069006f00
dwData=1 cbData=1484 bytes=2334753400000000bc030000f6090900f7ffffff0f000000650400006708be28e55d5c4fa17b0674e15400000000000000000000000000000000000000000000
dwData=1 cbData=1484 bytes=2334753401000000bc030000320104001b0000000200000065000000c303010043006f00720065002000540065006d0070002000760065007200730069006f00
dwData=1 cbData=1484 bytes=2334753401000000bc030000320104001b0000000200000065000000c303010043006f00720065002000540065006d0070002000760065007200730069006f00
dwData=1 cbData=1484 bytes=2334753400000000bc030000f6090900f6ffffff0f00000065040000d111722be55d5c4fa17b0674e15400000000000000000000000000000000000000000000
dwData=1 cbData=1484 bytes=2334753400000000bc030000f6090900f5ffffff0f000000650400009b121829e55d5c4fa17b0674e15400000000000000000000000000000000000000000000
dwData=1 cbData=1484 bytes=2334753400000000bc030000f6090900f4ffffff0f00000065040000590b7000e55d5c4fa17b0674e15400000000000000000000000000000000000000000000
dwData=1 cbData=1484 bytes=2334753400000000bc030000f6090900000000000700000065040000010ec224e55d5c4fa17b0674e15400000000000000000000000000000000000000000000
dwData=1 cbData=1484 bytes=2334753400000000bc0300003201040000000000070000006500000053007713430070007500200030000a0054006300630064002000230030003a0020003500
dwData=1 cbData=1484 bytes=2334753402000000bc030000320104001b0000000200000065000000c303010043006f00720065002000540065006d0070002000760065007200730069006f00
dwData=1 cbData=1484 bytes=2334753401000000bc030000f6090900000000000e000000000000005b10ec2743005000550020003300320025000d000a00188ab661d49a2000320035002500
dwData=1 cbData=1484 bytes=2334753400000000bc03000022123600591b0000870000002580000033000100530075007000650072004400650073006b0074006f007000200063006f006d00
dwData=1 cbData=1484 bytes=2334753404000000bc03000022123600591b0000870000002580000033000100530075007000650072004400650073006b0074006f007000200063006f006d00
dwData=1 cbData=1484 bytes=2334753401000000bc03000022123600591b0000870000002580000033000100530075007000650072004400650073006b0074006f007000200063006f006d00
dwData=1 cbData=1484 bytes=2334753401000000bc0300003201040000000000030000006500000001068709430070007500200030000a0054006300630064002000230030003a0020003500
dwData=1 cbData=1484 bytes=2334753401000000bc0300003201040000000000050000006500000001068709430070007500200030000a0054006300630064002000230030003a0020003500
dwData=1 cbData=1484 bytes=2334753401000000bc030000f6090900000000000e000000000000005b10ec2743005000550020003200390025000d000a00188ab661d49a2000320035002500
terminal=NotifyIconCompatibilityTerminal { correlation_id: "native:10512:0", host_generation: 1787052954687, icon_generation: Some(1), terminal: NoChange, message: "" }
terminal=NotifyIconCompatibilityTerminal { correlation_id: "native:31448:2", host_generation: 1787052954687, icon_generation: Some(1), terminal: Applied, message: "" }
terminal=NotifyIconCompatibilityTerminal { correlation_id: "native:51700:4", host_generation: 1787052954687, icon_generation: Some(3), terminal: Applied, message: "" }
terminal=NotifyIconCompatibilityTerminal { correlation_id: "native:29572:4", host_generation: 1787052954687, icon_generation: None, terminal: InvalidRequest, message: "notify-icon-owner-or-identity-invalid" }
terminal=NotifyIconCompatibilityTerminal { correlation_id: "native:25924:6", host_generation: 1787052954687, icon_generation: Some(5), terminal: Applied, message: "" }
terminal=NotifyIconCompatibilityTerminal { correlation_id: "native:14300:6", host_generation: 1787052954687, icon_generation: None, terminal: InvalidRequest, message: "notify-icon-owner-or-identity-invalid" }
terminal=NotifyIconCompatibilityTerminal { correlation_id: "native:13616:6", host_generation: 1787052954687, icon_generation: Some(7), terminal: NoChange, message: "" }
terminal=NotifyIconCompatibilityTerminal { correlation_id: "native:42812:6", host_generation: 1787052954687, icon_generation: Some(7), terminal: NoChange, message: "" }
terminal=NotifyIconCompatibilityTerminal { correlation_id: "native:11500:6", host_generation: 1787052954687, icon_generation: Some(7), terminal: NoChange, message: "" }
terminal=NotifyIconCompatibilityTerminal { correlation_id: "native:23084:6", host_generation: 1787052954687, icon_generation: Some(7), terminal: NoChange, message: "" }
terminal=NotifyIconCompatibilityTerminal { correlation_id: "native:10512:8", host_generation: 1787052954687, icon_generation: Some(7), terminal: Applied, message: "" }
terminal=NotifyIconCompatibilityTerminal { correlation_id: "native:14556:8", host_generation: 1787052954687, icon_generation: Some(9), terminal: NoChange, message: "" }
terminal=NotifyIconCompatibilityTerminal { correlation_id: "native:29572:8", host_generation: 1787052954687, icon_generation: None, terminal: InvalidRequest, message: "notify-icon-owner-or-identity-invalid" }
terminal=NotifyIconCompatibilityTerminal { correlation_id: "native:19728:8", host_generation: 1787052954687, icon_generation: None, terminal: InvalidRequest, message: "notify-icon-owned-invalid" }
terminal=NotifyIconCompatibilityTerminal { correlation_id: "native:2228:8", host_generation: 1787052954687, icon_generation: Some(9), terminal: NoChange, message: "" }
terminal=NotifyIconCompatibilityTerminal { correlation_id: "native:51700:9", host_generation: 1787052954687, icon_generation: Some(9), terminal: Applied, message: "" }
terminal=NotifyIconCompatibilityTerminal { correlation_id: "native:31728:11", host_generation: 1787052954687, icon_generation: Some(10), terminal: Applied, message: "" }
terminal=NotifyIconCompatibilityTerminal { correlation_id: "native:5816:11", host_generation: 1787052954687, icon_generation: None, terminal: InvalidRequest, message: "notify-icon-owner-or-identity-invalid" }
terminal=NotifyIconCompatibilityTerminal { correlation_id: "native:44856:11", host_generation: 1787052954687, icon_generation: None, terminal: InvalidRequest, message: "notify-icon-owner-or-identity-invalid" }
terminal=NotifyIconCompatibilityTerminal { correlation_id: "native:42812:13", host_generation: 1787052954687, icon_generation: Some(12), terminal: Applied, message: "" }
terminal=NotifyIconCompatibilityTerminal { correlation_id: "native:29360:13", host_generation: 1787052954687, icon_generation: Some(14), terminal: NoChange, message: "" }
terminal=NotifyIconCompatibilityTerminal { correlation_id: "native:11500:15", host_generation: 1787052954687, icon_generation: Some(14), terminal: Applied, message: "" }
terminal=NotifyIconCompatibilityTerminal { correlation_id: "native:23084:17", host_generation: 1787052954687, icon_generation: Some(16), terminal: Applied, message: "" }
terminal=NotifyIconCompatibilityTerminal { correlation_id: "native:21796:17", host_generation: 1787052954687, icon_generation: None, terminal: InvalidRequest, message: "notify-icon-owner-or-identity-invalid" }
terminal=NotifyIconCompatibilityTerminal { correlation_id: "native:14556:19", host_generation: 1787052954687, icon_generation: Some(18), terminal: Applied, message: "" }
terminal=NotifyIconCompatibilityTerminal { correlation_id: "native:2228:21", host_generation: 1787052954687, icon_generation: Some(20), terminal: Applied, message: "" }
terminal=NotifyIconCompatibilityTerminal { correlation_id: "native:51700:22", host_generation: 1787052954687, icon_generation: Some(22), terminal: Applied, message: "" }
terminal=NotifyIconCompatibilityTerminal { correlation_id: "native:44856:22", host_generation: 1787052954687, icon_generation: None, terminal: InvalidRequest, message: "notify-icon-owner-or-identity-invalid" }
terminal=NotifyIconCompatibilityTerminal { correlation_id: "native:29360:24", host_generation: 1787052954687, icon_generation: Some(23), terminal: Applied, message: "" }
terminal=NotifyIconCompatibilityTerminal { correlation_id: "native:23084:24", host_generation: 1787052954687, icon_generation: Some(25), terminal: Applied, message: "" }
terminal=NotifyIconCompatibilityTerminal { correlation_id: "native:21796:24", host_generation: 1787052954687, icon_generation: None, terminal: InvalidRequest, message: "notify-icon-owner-or-identity-invalid" }
terminal=NotifyIconCompatibilityTerminal { correlation_id: "native:44856:24", host_generation: 1787052954687, icon_generation: None, terminal: InvalidRequest, message: "notify-icon-owner-or-identity-invalid" }
terminal=NotifyIconCompatibilityTerminal { correlation_id: "native:51700:25", host_generation: 1787052954687, icon_generation: Some(25), terminal: Applied, message: "" }
terminal=NotifyIconCompatibilityTerminal { correlation_id: "native:51700:26", host_generation: 1787052954687, icon_generation: Some(26), terminal: Applied, message: "" }
terminal=NotifyIconCompatibilityTerminal { correlation_id: "native:51700:27", host_generation: 1787052954687, icon_generation: Some(27), terminal: Applied, message: "" }
terminal=NotifyIconCompatibilityTerminal { correlation_id: "native:5816:27", host_generation: 1787052954687, icon_generation: None, terminal: InvalidRequest, message: "notify-icon-owner-or-identity-invalid" }
terminal=NotifyIconCompatibilityTerminal { correlation_id: "native:51700:28", host_generation: 1787052954687, icon_generation: Some(28), terminal: Applied, message: "" }
terminal=NotifyIconCompatibilityTerminal { correlation_id: "native:51700:29", host_generation: 1787052954687, icon_generation: Some(29), terminal: Applied, message: "" }
terminal=NotifyIconCompatibilityTerminal { correlation_id: "native:5816:29", host_generation: 1787052954687, icon_generation: None, terminal: InvalidRequest, message: "notify-icon-copy-failed" }
terminal=NotifyIconCompatibilityTerminal { correlation_id: "native:51700:30", host_generation: 1787052954687, icon_generation: Some(30), terminal: Applied, message: "" }
terminal=NotifyIconCompatibilityTerminal { correlation_id: "native:5816:30", host_generation: 1787052954687, icon_generation: Some(31), terminal: NoChange, message: "" }
terminal=NotifyIconCompatibilityTerminal { correlation_id: "native:51700:31", host_generation: 1787052954687, icon_generation: Some(31), terminal: Applied, message: "" }
terminal=NotifyIconCompatibilityTerminal { correlation_id: "native:51700:32", host_generation: 1787052954687, icon_generation: Some(32), terminal: Applied, message: "" }
terminal=NotifyIconCompatibilityTerminal { correlation_id: "native:51700:33", host_generation: 1787052954687, icon_generation: Some(33), terminal: Applied, message: "" }
terminal=NotifyIconCompatibilityTerminal { correlation_id: "native:51700:33", host_generation: 1787052954687, icon_generation: None, terminal: InvalidRequest, message: "notify-icon-owner-or-identity-invalid" }
terminal=NotifyIconCompatibilityTerminal { correlation_id: "native:5816:33", host_generation: 1787052954687, icon_generation: None, terminal: InvalidRequest, message: "notify-icon-owner-or-identity-invalid" }
terminal=NotifyIconCompatibilityTerminal { correlation_id: "native:5816:33", host_generation: 1787052954687, icon_generation: Some(34), terminal: NoChange, message: "" }
terminal=NotifyIconCompatibilityTerminal { correlation_id: "native:51700:33", host_generation: 1787052954687, icon_generation: None, terminal: InvalidRequest, message: "notify-icon-owner-or-identity-invalid" }
terminal=NotifyIconCompatibilityTerminal { correlation_id: "native:8712:35", host_generation: 1787052954687, icon_generation: Some(34), terminal: Applied, message: "" }
terminal=NotifyIconCompatibilityTerminal { correlation_id: "native:8712:35", host_generation: 1787052954687, icon_generation: Some(36), terminal: Applied, message: "" }
terminal=NotifyIconCompatibilityTerminal { correlation_id: "native:8712:36", host_generation: 1787052954687, icon_generation: Some(36), terminal: Applied, message: "" }
snapshot-icons=23
dwData=1 cbData=1484 bytes=2334753401000000bc030000f6090900000000000e000000000000005b10ec2743005000550020003200360025000d000a00188ab661d49a2000320035002500
terminal=NotifyIconCompatibilityTerminal { correlation_id: "native:51700:36", host_generation: 1787052954687, icon_generation: None, terminal: InvalidRequest, message: "notify-icon-owner-or-identity-invalid" }
snapshot-icons=23
dwData=1 cbData=1484 bytes=2334753401000000bc0300003201040000000000030000006500000019043d3f430070007500200030000a0054006300630064002000230030003a0020003500
dwData=1 cbData=1484 bytes=2334753401000000bc0300003201040000000000050000006500000019043d3f430070007500200030000a0054006300630064002000230030003a0020003600
dwData=1 cbData=1484 bytes=2334753401000000bc030000f6090900000000000e00000000000000e712451543005000550020003200340025000d000a00188ab661d49a2000320035002500
terminal=NotifyIconCompatibilityTerminal { correlation_id: "native:5816:36", host_generation: 1787052954687, icon_generation: None, terminal: InvalidRequest, message: "notify-icon-owner-or-identity-invalid" }
terminal=NotifyIconCompatibilityTerminal { correlation_id: "native:51700:36", host_generation: 1787052954687, icon_generation: None, terminal: InvalidRequest, message: "notify-icon-owner-or-identity-invalid" }
snapshot-icons=0
dwData=1 cbData=1484 bytes=2334753402000000bc030000f8010200020000000200000000000000000000000000000000000000000000000000000000000000000000000000000000000000
dwData=1 cbData=1484 bytes=2334753400000000bc030000160901000200000007000000721700009808150052007500730074004400650073006b0020002d002000315cd27d0a0031002000
dwData=1 cbData=1484 bytes=2334753400000000bc030000f6090900ffffffff0f00000065040000010ec224e55d5c4fa17b0674e15400000000000000000000000000000000000000000000
dwData=1 cbData=1484 bytes=2334753400000000bc03000032080100000000008700000065800000f90307006a522066134e1a4e487200000000000000000000000000000000000000000000
dwData=1 cbData=1484 bytes=2334753400000000bc030000ac070100010000008700000001800000a70703004d0075004d00750050006c006100790065007200000000000000000000000000
dwData=1 cbData=1484 bytes=2334753400000000bc030000600403000000000007000000001400004d040400450076006500720079007400680069006e006700000000000000000000000000
dwData=1 cbData=1484 bytes=2334753402000000bc03000038040200010000000700000001040000000000000000000000000000000000000000000000000000000000000000000000000000
dwData=1 cbData=1484 bytes=2334753402000000bc030000780eeb01030000000000000000000000000000000000000000000000000000000000000000000000000000000000000000000000
dwData=1 cbData=1484 bytes=2334753402000000bc030000f0070100030000002000000000000000000000000000000000000000000000000000000000000000000000000000000000000000
dwData=1 cbData=1484 bytes=2334753402000000bc030000d409110001000000a7000000030400007903510b4d006900630072006f0073006f00660074002000330036003500200043006f00
dwData=1 cbData=1484 bytes=2334753400000000bc030000f80102000200000007000000721700000505150053006e006f0077002000530068006f0074000000000000000000000000000000
dwData=1 cbData=1484 bytes=2334753402000000bc030000720701008200000000000000640400006907020044006900740074006f0000000000000000000000000000000000000000000000
dwData=1 cbData=1484 bytes=2334753404000000bc03000032080100000000008700000065800000f90307006a522066134e1a4e487200000000000000000000000000000000000000000000
dwData=1 cbData=1484 bytes=2334753402000000bc030000f00e8200030000002000000000000000000000000000000000000000000000000000000000000000000000000000000000000000
dwData=1 cbData=1484 bytes=2334753400000000bc030000f6090900feffffff0f000000650400005b0b5c04e55d5c4fa17b0674e15400000000000000000000000000000000000000000000
dwData=1 cbData=1484 bytes=2334753401000000bc0300005a04010064000000ae00000000000000af01fe31570069006e0064006f00770073002000895b6851276020002d002000fa5e708b
dwData=1 cbData=1484 bytes=2334753400000000bc03000030090200010000000700000000080000e7073100540069006d00650053006e006100700070006500720020002800410063007400
dwData=1 cbData=1484 bytes=2334753401000000bc0300002c120a00000000008700000065800000cd029b060000000000000000000000000000000000000000000000000000000000000000
dwData=1 cbData=1484 bytes=2334753401000000bc03000032010400000000000700000065000000490dd31f430070007500200030000a0054006300630064002000230030003a0020003500
dwData=1 cbData=1484 bytes=2334753402000000bc03000056080100070000000000000000000000000000000000000000000000000000000000000000000000000000000000000000000000
dwData=1 cbData=1484 bytes=2334753400000000bc030000780eeb0103000000030000000180000045025c000000000000000000000000000000000000000000000000000000000000000000
dwData=1 cbData=1484 bytes=2334753400000000bc030000f0070100030000002300000001800000210b3f170000000000000000000000000000000000000000000000000000000000000000
dwData=1 cbData=1484 bytes=2334753400000000bc030000720ec402000000000700000065800000d9018c0153007400650061006d00560052002000c0724b61000000000000000000000000
dwData=1 cbData=1484 bytes=2334753400000000bc030000d409110001000000a7000000030400007903510b4d006900630072006f0073006f00660074002000330036003500200043006f00
dwData=1 cbData=1484 bytes=2334753400000000bc030000720701008200000007000000640400006907020044006900740074006f0000000000000000000000000000000000000000000000
dwData=1 cbData=1484 bytes=2334753400000000bc030000f00e8200030000002700000001800000c00e38004300680061007400470050005400000000000000000000000000000000000000
dwData=1 cbData=1484 bytes=2334753400000000bc030000f6090900fdffffff0f00000065040000e7124515e55d5c4fa17b0674e15400000000000000000000000000000000000000000000
dwData=1 cbData=1484 bytes=2334753400000000bc03000056080100070000000300000001800000f1080f000000000000000000000000000000000000000000000000000000000000000000
dwData=1 cbData=1484 bytes=2334753404000000bc030000720ec402000000000700000065800000d9018c0153007400650061006d00560052002000c0724b61000000000000000000000000
dwData=1 cbData=1484 bytes=2334753404000000bc030000d409110001000000a7000000030400007903510b4d006900630072006f0073006f00660074002000330036003500200043006f00
dwData=1 cbData=1484 bytes=2334753400000000bc0300002c120a00000000008700000065800000cd029b060000000000000000000000000000000000000000000000000000000000000000
dwData=1 cbData=1484 bytes=2334753401000000bc03000032010400000000000700000065000000490dd41f430070007500200030000a0054006300630064002000230030003a0020003500
dwData=1 cbData=1484 bytes=2334753400000000bc030000f6090900fcffffff0f000000650400005b10ec27e55d5c4fa17b0674e15400000000000000000000000000000000000000000000
dwData=1 cbData=1484 bytes=2334753404000000bc0300002c120a00000000008700000065800000cd029b060000000000000000000000000000000000000000000000000000000000000000
dwData=1 cbData=1484 bytes=2334753400000000bc030000f6090900fbffffff0f000000650400006d09b318e55d5c4fa17b0674e15400000000000000000000000000000000000000000000
dwData=1 cbData=1484 bytes=2334753401000000bc03000032010400000000000700000065000000490dd61f430070007500200030000a0054006300630064002000230030003a0020003500
dwData=1 cbData=1484 bytes=2334753400000000bc030000f6090900faffffff0f000000650400006b12d315e55d5c4fa17b0674e15400000000000000000000000000000000000000000000
dwData=1 cbData=1484 bytes=2334753402000000bc03000032010400000000000700000065000000490dd61f430070007500200030000a0054006300630064002000230030003a0020003500
dwData=1 cbData=1484 bytes=2334753400000000bc030000f6090900f9ffffff0f000000650400006b0f7c10e55d5c4fa17b0674e15400000000000000000000000000000000000000000000
dwData=1 cbData=1484 bytes=2334753400000000bc030000320104001b0000000700000065000000490dd81f43006f00720065002000540065006d0070002000760065007200730069006f00
dwData=1 cbData=1484 bytes=2334753401000000bc030000320104001b0000000200000065000000c303010043006f00720065002000540065006d0070002000760065007200730069006f00
dwData=1 cbData=1484 bytes=2334753400000000bc030000f6090900f8ffffff0f00000065040000150dae00e55d5c4fa17b0674e15400000000000000000000000000000000000000000000
dwData=1 cbData=1484 bytes=2334753401000000bc030000320104001b0000000200000065000000c303010043006f00720065002000540065006d0070002000760065007200730069006f00
dwData=1 cbData=1484 bytes=2334753400000000bc030000f6090900f7ffffff0f000000650400006708be28e55d5c4fa17b0674e15400000000000000000000000000000000000000000000
dwData=1 cbData=1484 bytes=2334753400000000bc03000022123600591b0000870000002580000033000100530075007000650072004400650073006b0074006f007000200063006f006d00
dwData=1 cbData=1484 bytes=2334753400000000bc030000f6090900f6ffffff0f00000065040000d111722be55d5c4fa17b0674e15400000000000000000000000000000000000000000000
dwData=1 cbData=1484 bytes=2334753404000000bc03000022123600591b0000870000002580000033000100530075007000650072004400650073006b0074006f007000200063006f006d00
dwData=1 cbData=1484 bytes=2334753400000000bc03000032010400000000000700000065000000490dd91f430070007500200030000a0054006300630064002000230030003a0020003500
dwData=1 cbData=1484 bytes=2334753401000000bc03000022123600591b0000870000002580000033000100530075007000650072004400650073006b0074006f007000200063006f006d00
dwData=1 cbData=1484 bytes=2334753400000000bc030000f6090900f5ffffff0f000000650400009b121829e55d5c4fa17b0674e15400000000000000000000000000000000000000000000
dwData=1 cbData=1484 bytes=2334753402000000bc030000320104001b0000000200000065000000c303010043006f00720065002000540065006d0070002000760065007200730069006f00
dwData=1 cbData=1484 bytes=2334753400000000bc030000f6090900f4ffffff0f00000065040000590b7000e55d5c4fa17b0674e15400000000000000000000000000000000000000000000
dwData=1 cbData=1484 bytes=2334753400000000bc030000f6090900000000000700000065040000010ec224e55d5c4fa17b0674e15400000000000000000000000000000000000000000000
dwData=1 cbData=1484 bytes=2334753401000000bc030000f6090900000000000e00000000000000e712451543005000550020003100390025000d000a00188ab661d49a2000320035002500
terminal=NotifyIconCompatibilityTerminal { correlation_id: "native:10512:0", host_generation: 1787052957534, icon_generation: Some(1), terminal: NoChange, message: "" }
terminal=NotifyIconCompatibilityTerminal { correlation_id: "native:31448:2", host_generation: 1787052957534, icon_generation: Some(1), terminal: Applied, message: "" }
terminal=NotifyIconCompatibilityTerminal { correlation_id: "native:51700:4", host_generation: 1787052957534, icon_generation: Some(3), terminal: Applied, message: "" }
terminal=NotifyIconCompatibilityTerminal { correlation_id: "native:29572:4", host_generation: 1787052957534, icon_generation: None, terminal: InvalidRequest, message: "notify-icon-owner-or-identity-invalid" }
terminal=NotifyIconCompatibilityTerminal { correlation_id: "native:25924:6", host_generation: 1787052957534, icon_generation: Some(5), terminal: Applied, message: "" }
terminal=NotifyIconCompatibilityTerminal { correlation_id: "native:14300:6", host_generation: 1787052957534, icon_generation: None, terminal: InvalidRequest, message: "notify-icon-owner-or-identity-invalid" }
terminal=NotifyIconCompatibilityTerminal { correlation_id: "native:13616:6", host_generation: 1787052957534, icon_generation: Some(7), terminal: NoChange, message: "" }
terminal=NotifyIconCompatibilityTerminal { correlation_id: "native:42812:6", host_generation: 1787052957534, icon_generation: Some(7), terminal: NoChange, message: "" }
terminal=NotifyIconCompatibilityTerminal { correlation_id: "native:11500:6", host_generation: 1787052957534, icon_generation: Some(7), terminal: NoChange, message: "" }
terminal=NotifyIconCompatibilityTerminal { correlation_id: "native:23084:6", host_generation: 1787052957534, icon_generation: Some(7), terminal: NoChange, message: "" }
terminal=NotifyIconCompatibilityTerminal { correlation_id: "native:10512:8", host_generation: 1787052957534, icon_generation: Some(7), terminal: Applied, message: "" }
terminal=NotifyIconCompatibilityTerminal { correlation_id: "native:14556:8", host_generation: 1787052957534, icon_generation: Some(9), terminal: NoChange, message: "" }
terminal=NotifyIconCompatibilityTerminal { correlation_id: "native:29572:8", host_generation: 1787052957534, icon_generation: None, terminal: InvalidRequest, message: "notify-icon-owner-or-identity-invalid" }
terminal=NotifyIconCompatibilityTerminal { correlation_id: "native:2228:8", host_generation: 1787052957534, icon_generation: Some(9), terminal: NoChange, message: "" }
terminal=NotifyIconCompatibilityTerminal { correlation_id: "native:51700:9", host_generation: 1787052957534, icon_generation: Some(9), terminal: Applied, message: "" }
terminal=NotifyIconCompatibilityTerminal { correlation_id: "native:19728:9", host_generation: 1787052957534, icon_generation: None, terminal: InvalidRequest, message: "notify-icon-owned-invalid" }
terminal=NotifyIconCompatibilityTerminal { correlation_id: "native:31728:11", host_generation: 1787052957534, icon_generation: Some(10), terminal: Applied, message: "" }
terminal=NotifyIconCompatibilityTerminal { correlation_id: "native:44856:11", host_generation: 1787052957534, icon_generation: None, terminal: InvalidRequest, message: "notify-icon-owner-or-identity-invalid" }
terminal=NotifyIconCompatibilityTerminal { correlation_id: "native:5816:11", host_generation: 1787052957534, icon_generation: None, terminal: InvalidRequest, message: "notify-icon-owner-or-identity-invalid" }
terminal=NotifyIconCompatibilityTerminal { correlation_id: "native:29360:11", host_generation: 1787052957534, icon_generation: Some(12), terminal: NoChange, message: "" }
terminal=NotifyIconCompatibilityTerminal { correlation_id: "native:42812:13", host_generation: 1787052957534, icon_generation: Some(12), terminal: Applied, message: "" }
terminal=NotifyIconCompatibilityTerminal { correlation_id: "native:11500:15", host_generation: 1787052957534, icon_generation: Some(14), terminal: Applied, message: "" }
terminal=NotifyIconCompatibilityTerminal { correlation_id: "native:21796:15", host_generation: 1787052957534, icon_generation: None, terminal: InvalidRequest, message: "notify-icon-owner-or-identity-invalid" }
terminal=NotifyIconCompatibilityTerminal { correlation_id: "native:23084:17", host_generation: 1787052957534, icon_generation: Some(16), terminal: Applied, message: "" }
terminal=NotifyIconCompatibilityTerminal { correlation_id: "native:14556:19", host_generation: 1787052957534, icon_generation: Some(18), terminal: Applied, message: "" }
terminal=NotifyIconCompatibilityTerminal { correlation_id: "native:2228:21", host_generation: 1787052957534, icon_generation: Some(20), terminal: Applied, message: "" }
terminal=NotifyIconCompatibilityTerminal { correlation_id: "native:51700:22", host_generation: 1787052957534, icon_generation: Some(22), terminal: Applied, message: "" }
terminal=NotifyIconCompatibilityTerminal { correlation_id: "native:29360:24", host_generation: 1787052957534, icon_generation: Some(23), terminal: Applied, message: "" }
terminal=NotifyIconCompatibilityTerminal { correlation_id: "native:21796:24", host_generation: 1787052957534, icon_generation: None, terminal: InvalidRequest, message: "notify-icon-owner-or-identity-invalid" }
terminal=NotifyIconCompatibilityTerminal { correlation_id: "native:23084:24", host_generation: 1787052957534, icon_generation: Some(25), terminal: Applied, message: "" }
terminal=NotifyIconCompatibilityTerminal { correlation_id: "native:44856:24", host_generation: 1787052957534, icon_generation: None, terminal: InvalidRequest, message: "notify-icon-owner-or-identity-invalid" }
terminal=NotifyIconCompatibilityTerminal { correlation_id: "native:51700:25", host_generation: 1787052957534, icon_generation: Some(25), terminal: Applied, message: "" }
terminal=NotifyIconCompatibilityTerminal { correlation_id: "native:44856:25", host_generation: 1787052957534, icon_generation: None, terminal: InvalidRequest, message: "notify-icon-owner-or-identity-invalid" }
terminal=NotifyIconCompatibilityTerminal { correlation_id: "native:51700:26", host_generation: 1787052957534, icon_generation: Some(26), terminal: Applied, message: "" }
terminal=NotifyIconCompatibilityTerminal { correlation_id: "native:51700:27", host_generation: 1787052957534, icon_generation: Some(27), terminal: Applied, message: "" }
terminal=NotifyIconCompatibilityTerminal { correlation_id: "native:5816:27", host_generation: 1787052957534, icon_generation: None, terminal: InvalidRequest, message: "notify-icon-owner-or-identity-invalid" }
terminal=NotifyIconCompatibilityTerminal { correlation_id: "native:51700:28", host_generation: 1787052957534, icon_generation: Some(28), terminal: Applied, message: "" }
terminal=NotifyIconCompatibilityTerminal { correlation_id: "native:5816:28", host_generation: 1787052957534, icon_generation: None, terminal: InvalidRequest, message: "notify-icon-copy-failed" }
terminal=NotifyIconCompatibilityTerminal { correlation_id: "native:5816:28", host_generation: 1787052957534, icon_generation: Some(29), terminal: NoChange, message: "" }
terminal=NotifyIconCompatibilityTerminal { correlation_id: "native:51700:29", host_generation: 1787052957534, icon_generation: Some(29), terminal: Applied, message: "" }
terminal=NotifyIconCompatibilityTerminal { correlation_id: "native:51700:30", host_generation: 1787052957534, icon_generation: Some(30), terminal: Applied, message: "" }
terminal=NotifyIconCompatibilityTerminal { correlation_id: "native:8712:32", host_generation: 1787052957534, icon_generation: Some(31), terminal: Applied, message: "" }
terminal=NotifyIconCompatibilityTerminal { correlation_id: "native:51700:33", host_generation: 1787052957534, icon_generation: Some(33), terminal: Applied, message: "" }
terminal=NotifyIconCompatibilityTerminal { correlation_id: "native:8712:33", host_generation: 1787052957534, icon_generation: Some(34), terminal: Applied, message: "" }
terminal=NotifyIconCompatibilityTerminal { correlation_id: "native:5816:33", host_generation: 1787052957534, icon_generation: None, terminal: InvalidRequest, message: "notify-icon-owner-or-identity-invalid" }
terminal=NotifyIconCompatibilityTerminal { correlation_id: "native:8712:34", host_generation: 1787052957534, icon_generation: Some(34), terminal: Applied, message: "" }
terminal=NotifyIconCompatibilityTerminal { correlation_id: "native:51700:35", host_generation: 1787052957534, icon_generation: Some(35), terminal: Applied, message: "" }
terminal=NotifyIconCompatibilityTerminal { correlation_id: "native:5816:35", host_generation: 1787052957534, icon_generation: Some(36), terminal: NoChange, message: "" }
terminal=NotifyIconCompatibilityTerminal { correlation_id: "native:51700:36", host_generation: 1787052957534, icon_generation: Some(36), terminal: Applied, message: "" }
terminal=NotifyIconCompatibilityTerminal { correlation_id: "native:51700:36", host_generation: 1787052957534, icon_generation: None, terminal: InvalidRequest, message: "notify-icon-owner-or-identity-invalid" }
terminal=NotifyIconCompatibilityTerminal { correlation_id: "native:51700:36", host_generation: 1787052957534, icon_generation: None, terminal: InvalidRequest, message: "notify-icon-owner-or-identity-invalid" }
snapshot-icons=23
dwData=1 cbData=1484 bytes=2334753401000000bc030000320104000000000003000000650000008f12854a430070007500200030000a0054006300630064002000230030003a0020003500
dwData=1 cbData=1484 bytes=2334753401000000bc030000320104000000000005000000650000008f12854a430070007500200030000a0054006300630064002000230030003a0020003500
dwData=1 cbData=1484 bytes=2334753401000000bc030000f6090900000000000e00000000000000e712451543005000550020003200300025000d000a00188ab661d49a2000320035002500
dwData=1 cbData=1484 bytes=2334753401000000bc030000f6090900000000000e00000000000000e712451543005000550020003100380025000d000a00188ab661d49a2000320035002500
terminal=NotifyIconCompatibilityTerminal { correlation_id: "native:5816:36", host_generation: 1787052957534, icon_generation: None, terminal: InvalidRequest, message: "notify-icon-owner-or-identity-invalid" }
terminal=NotifyIconCompatibilityTerminal { correlation_id: "native:51700:36", host_generation: 1787052957534, icon_generation: None, terminal: InvalidRequest, message: "notify-icon-owner-or-identity-invalid" }
snapshot-icons=23
dwData=1 cbData=1484 bytes=2334753401000000bc030000320104000000000003000000650000009d026925430070007500200030000a0054006300630064002000230030003a0020003500
dwData=1 cbData=1484 bytes=2334753401000000bc030000320104000000000005000000650000009d026925430070007500200030000a0054006300630064002000230030003a0020003600
dwData=1 cbData=1484 bytes=2334753401000000bc030000f6090900000000000e00000000000000e712451543005000550020003100380025000d000a00188ab661d49a2000320035002500
terminal=NotifyIconCompatibilityTerminal { correlation_id: "native:5816:36", host_generation: 1787052957534, icon_generation: None, terminal: InvalidRequest, message: "notify-icon-owner-or-identity-invalid" }
terminal=NotifyIconCompatibilityTerminal { correlation_id: "native:51700:36", host_generation: 1787052957534, icon_generation: None, terminal: InvalidRequest, message: "notify-icon-owner-or-identity-invalid" }
snapshot-icons=23
dwData=1 cbData=1484 bytes=2334753401000000bc030000f6090900000000000e00000000000000e712451543005000550020003100380025000d000a00188ab661d49a2000320035002500
dwData=1 cbData=1484 bytes=2334753400000000bc030000380402000100000007000000010400005d07350053007400650061006d0000000000000000000000000000000000000000000000
terminal=NotifyIconCompatibilityTerminal { correlation_id: "native:51700:36", host_generation: 1787052957534, icon_generation: None, terminal: InvalidRequest, message: "notify-icon-owner-or-identity-invalid" }
terminal=NotifyIconCompatibilityTerminal { correlation_id: "native:13616:38", host_generation: 1787052957534, icon_generation: Some(37), terminal: Applied, message: "" }
snapshot-icons=24
dwData=1 cbData=1484 bytes=2334753401000000bc0300003201040000000000030000006500000081020b1b430070007500200030000a0054006300630064002000230030003a0020003600
dwData=1 cbData=1484 bytes=2334753401000000bc0300003201040000000000050000006500000081020b1b430070007500200030000a0054006300630064002000230030003a0020003500
dwData=1 cbData=1484 bytes=2334753401000000bc030000f6090900000000000e00000000000000e712451543005000550020003100370025000d000a00188ab661d49a2000320035002500
terminal=NotifyIconCompatibilityTerminal { correlation_id: "native:5816:38", host_generation: 1787052957534, icon_generation: None, terminal: InvalidRequest, message: "notify-icon-owner-or-identity-invalid" }
terminal=NotifyIconCompatibilityTerminal { correlation_id: "native:51700:38", host_generation: 1787052957534, icon_generation: None, terminal: InvalidRequest, message: "notify-icon-owner-or-identity-invalid" }
snapshot-icons=24
dwData=1 cbData=1484 bytes=2334753401000000bc030000f6090900000000000e00000000000000e712451543005000550020003100390025000d000a00188ab661d49a2000320035002500
dwData=1 cbData=1484 bytes=2334753401000000bc0300003201040000000000030000006500000015137304430070007500200030000a0054006300630064002000230030003a0020003500
dwData=1 cbData=1484 bytes=2334753401000000bc0300003201040000000000050000006500000015137304430070007500200030000a0054006300630064002000230030003a0020003500
dwData=1 cbData=1484 bytes=2334753401000000bc030000f6090900000000000e000000000000005b0b5c0443005000550020003100360025000d000a00188ab661d49a2000320035002500
terminal=NotifyIconCompatibilityTerminal { correlation_id: "native:51700:38", host_generation: 1787052957534, icon_generation: None, terminal: InvalidRequest, message: "notify-icon-owner-or-identity-invalid" }
terminal=NotifyIconCompatibilityTerminal { correlation_id: "native:5816:38", host_generation: 1787052957534, icon_generation: None, terminal: InvalidRequest, message: "notify-icon-owner-or-identity-invalid" }
snapshot-icons=24
dwData=1 cbData=1484 bytes=2334753401000000bc030000f6090900000000000e000000000000005b0b5c0443005000550020003100360025000d000a00188ab661d49a2000320035002500
terminal=NotifyIconCompatibilityTerminal { correlation_id: "native:51700:38", host_generation: 1787052957534, icon_generation: None, terminal: InvalidRequest, message: "notify-icon-owner-or-identity-invalid" }
snapshot-icons=24
dwData=1 cbData=1484 bytes=2334753401000000bc0300003201040000000000030000006500000031057307430070007500200030000a0054006300630064002000230030003a0020003500
dwData=1 cbData=1484 bytes=2334753401000000bc0300003201040000000000050000006500000031057307430070007500200030000a0054006300630064002000230030003a0020003500
dwData=1 cbData=1484 bytes=2334753401000000bc030000f6090900000000000e000000000000005b0b5c0443005000550020003100360025000d000a00188ab661d49a2000320035002500
terminal=NotifyIconCompatibilityTerminal { correlation_id: "native:5816:38", host_generation: 1787052957534, icon_generation: None, terminal: InvalidRequest, message: "notify-icon-owner-or-identity-invalid" }
terminal=NotifyIconCompatibilityTerminal { correlation_id: "native:51700:38", host_generation: 1787052957534, icon_generation: None, terminal: InvalidRequest, message: "notify-icon-owner-or-identity-invalid" }
snapshot-icons=24
dwData=1 cbData=1484 bytes=2334753401000000bc030000f6090900000000000e000000000000005b0b5c0443005000550020003100370025000d000a00188ab661d49a2000320035002500
dwData=1 cbData=1484 bytes=2334753401000000bc03000032010400000000000300000065000000a713fa03430070007500200030000a0054006300630064002000230030003a0020003500
dwData=1 cbData=1484 bytes=2334753401000000bc03000032010400000000000500000065000000a713fa03430070007500200030000a0054006300630064002000230030003a0020003500
dwData=1 cbData=1484 bytes=2334753401000000bc030000f6090900000000000e00000000000000e712451543005000550020003100380025000d000a00188ab661d49a2000320035002500
terminal=NotifyIconCompatibilityTerminal { correlation_id: "native:51700:38", host_generation: 1787052957534, icon_generation: None, terminal: InvalidRequest, message: "notify-icon-owner-or-identity-invalid" }
terminal=NotifyIconCompatibilityTerminal { correlation_id: "native:5816:38", host_generation: 1787052957534, icon_generation: None, terminal: InvalidRequest, message: "notify-icon-owner-or-identity-invalid" }
snapshot-icons=24
dwData=1 cbData=1484 bytes=2334753401000000bc030000f6090900000000000e000000000000005b0b5c0443005000550020003100360025000d000a00188ab661d49a2000320035002500
terminal=NotifyIconCompatibilityTerminal { correlation_id: "native:51700:38", host_generation: 1787052957534, icon_generation: None, terminal: InvalidRequest, message: "notify-icon-owner-or-identity-invalid" }
snapshot-icons=24
dwData=1 cbData=1484 bytes=2334753401000000bc030000320104000000000003000000650000004314dd01430070007500200030000a0054006300630064002000230030003a0020003500
dwData=1 cbData=1484 bytes=2334753401000000bc030000320104000000000005000000650000004314dd01430070007500200030000a0054006300630064002000230030003a0020003500
dwData=1 cbData=1484 bytes=2334753401000000bc030000f6090900000000000e000000000000005b0b5c0443005000550020003100360025000d000a00188ab661d49a2000320035002500
terminal=NotifyIconCompatibilityTerminal { correlation_id: "native:5816:38", host_generation: 1787052957534, icon_generation: None, terminal: InvalidRequest, message: "notify-icon-owner-or-identity-invalid" }
terminal=NotifyIconCompatibilityTerminal { correlation_id: "native:51700:38", host_generation: 1787052957534, icon_generation: None, terminal: InvalidRequest, message: "notify-icon-owner-or-identity-invalid" }
snapshot-icons=24
dwData=1 cbData=1484 bytes=2334753401000000bc030000f6090900000000000e000000000000005b0b5c0443005000550020003100360025000d000a00188ab661d49a2000320035002500
terminal=NotifyIconCompatibilityTerminal { correlation_id: "native:51700:38", host_generation: 1787052957534, icon_generation: None, terminal: InvalidRequest, message: "notify-icon-owner-or-identity-invalid" }
snapshot-icons=24
dwData=1 cbData=1484 bytes=2334753401000000bc030000320104000000000003000000650000007b0b8452430070007500200030000a0054006300630064002000230030003a0020003500
dwData=1 cbData=1484 bytes=2334753401000000bc030000320104000000000005000000650000007b0b8452430070007500200030000a0054006300630064002000230030003a0020003500
dwData=1 cbData=1484 bytes=2334753401000000bc030000f6090900000000000e000000000000005b0b5c0443005000550020003100360025000d000a00188ab661d49a2000320035002500
dwData=1 cbData=1484 bytes=2334753401000000bc030000f6090900000000000e00000000000000e712451543005000550020003100390025000d000a00188ab661d49a2000320035002500
terminal=NotifyIconCompatibilityTerminal { correlation_id: "native:5816:38", host_generation: 1787052957534, icon_generation: None, terminal: InvalidRequest, message: "notify-icon-owner-or-identity-invalid" }
terminal=NotifyIconCompatibilityTerminal { correlation_id: "native:51700:38", host_generation: 1787052957534, icon_generation: None, terminal: InvalidRequest, message: "notify-icon-owner-or-identity-invalid" }
snapshot-icons=24
dwData=1 cbData=1484 bytes=2334753401000000bc030000320104000000000003000000650000002b026170430070007500200030000a0054006300630064002000230030003a0020003500
dwData=1 cbData=1484 bytes=2334753401000000bc030000320104000000000005000000650000002b026170430070007500200030000a0054006300630064002000230030003a0020003600
dwData=1 cbData=1484 bytes=2334753401000000bc030000f6090900000000000e00000000000000e712451543005000550020003100370025000d000a00188ab661d49a2000320035002500
terminal=NotifyIconCompatibilityTerminal { correlation_id: "native:5816:38", host_generation: 1787052957534, icon_generation: None, terminal: InvalidRequest, message: "notify-icon-owner-or-identity-invalid" }
terminal=NotifyIconCompatibilityTerminal { correlation_id: "native:51700:38", host_generation: 1787052957534, icon_generation: None, terminal: InvalidRequest, message: "notify-icon-owner-or-identity-invalid" }
snapshot-icons=24
dwData=1 cbData=1484 bytes=2334753401000000bc030000f6090900000000000e00000000000000e712451543005000550020003100370025000d000a00188ab661d49a2000320035002500
terminal=NotifyIconCompatibilityTerminal { correlation_id: "native:51700:38", host_generation: 1787052957534, icon_generation: None, terminal: InvalidRequest, message: "notify-icon-owner-or-identity-invalid" }
snapshot-icons=24
dwData=1 cbData=1484 bytes=2334753401000000bc030000320104000000000003000000650000002b028b70430070007500200030000a0054006300630064002000230030003a0020003600
dwData=1 cbData=1484 bytes=2334753401000000bc030000320104000000000005000000650000002b028b70430070007500200030000a0054006300630064002000230030003a0020003500
dwData=1 cbData=1484 bytes=2334753401000000bc030000f6090900000000000e000000000000005b0b5c0443005000550020003100360025000d000a00188ab661d49a2000320035002500
dwData=1 cbData=1484 bytes=2334753401000000bc030000f6090900000000000e000000000000005b0b5c0443005000550020003100360025000d000a00188ab661d49a2000320035002500
terminal=NotifyIconCompatibilityTerminal { correlation_id: "native:5816:38", host_generation: 1787052957534, icon_generation: None, terminal: InvalidRequest, message: "notify-icon-owner-or-identity-invalid" }
terminal=NotifyIconCompatibilityTerminal { correlation_id: "native:51700:38", host_generation: 1787052957534, icon_generation: None, terminal: InvalidRequest, message: "notify-icon-owner-or-identity-invalid" }
snapshot-icons=24
dwData=1 cbData=1484 bytes=2334753401000000bc030000320104000000000003000000650000008f128a4a430070007500200030000a0054006300630064002000230030003a0020003500
dwData=1 cbData=1484 bytes=2334753401000000bc030000320104000000000005000000650000008f128a4a430070007500200030000a0054006300630064002000230030003a0020003500
dwData=1 cbData=1484 bytes=2334753401000000bc030000f6090900000000000e00000000000000e712451543005000550020003100370025000d000a00188ab661d49a2000320035002500
terminal=NotifyIconCompatibilityTerminal { correlation_id: "native:5816:38", host_generation: 1787052957534, icon_generation: None, terminal: InvalidRequest, message: "notify-icon-owner-or-identity-invalid" }
terminal=NotifyIconCompatibilityTerminal { correlation_id: "native:51700:38", host_generation: 1787052957534, icon_generation: None, terminal: InvalidRequest, message: "notify-icon-owner-or-identity-invalid" }
snapshot-icons=24
dwData=1 cbData=1484 bytes=2334753401000000bc030000f6090900000000000e00000000000000e712451543005000550020003100380025000d000a00188ab661d49a2000320035002500
terminal=NotifyIconCompatibilityTerminal { correlation_id: "native:51700:38", host_generation: 1787052957534, icon_generation: None, terminal: InvalidRequest, message: "notify-icon-owner-or-identity-invalid" }
snapshot-icons=24
dwData=1 cbData=1484 bytes=2334753401000000bc0300003201040000000000030000006500000059113c07430070007500200030000a0054006300630064002000230030003a0020003500
dwData=1 cbData=1484 bytes=2334753401000000bc0300003201040000000000050000006500000059113c07430070007500200030000a0054006300630064002000230030003a0020003500
dwData=1 cbData=1484 bytes=2334753401000000bc030000f6090900000000000e00000000000000e712451543005000550020003100380025000d000a00188ab661d49a2000320035002500
terminal=NotifyIconCompatibilityTerminal { correlation_id: "native:5816:38", host_generation: 1787052957534, icon_generation: None, terminal: InvalidRequest, message: "notify-icon-owner-or-identity-invalid" }
terminal=NotifyIconCompatibilityTerminal { correlation_id: "native:51700:38", host_generation: 1787052957534, icon_generation: None, terminal: InvalidRequest, message: "notify-icon-owner-or-identity-invalid" }
snapshot-icons=24
dwData=1 cbData=1484 bytes=2334753401000000bc030000f6090900000000000e00000000000000e712451543005000550020003100390025000d000a00188ab661d49a2000320035002500
dwData=1 cbData=1484 bytes=2334753401000000bc0300003201040000000000050000006500000059113c07430070007500200030000a0054006300630064002000230030003a0020003500
dwData=1 cbData=1484 bytes=2334753401000000bc030000f6090900000000000e000000000000005b0b5c0443005000550020003100360025000d000a00188ab661d49a2000320035002500
terminal=NotifyIconCompatibilityTerminal { correlation_id: "native:51700:38", host_generation: 1787052957534, icon_generation: None, terminal: InvalidRequest, message: "notify-icon-owner-or-identity-invalid" }
terminal=NotifyIconCompatibilityTerminal { correlation_id: "native:5816:38", host_generation: 1787052957534, icon_generation: None, terminal: InvalidRequest, message: "notify-icon-owner-or-identity-invalid" }
snapshot-icons=24
dwData=1 cbData=1484 bytes=2334753401000000bc030000f6090900000000000e000000000000005b0b5c0443005000550020003100360025000d000a00188ab661d49a2000320035002500
terminal=NotifyIconCompatibilityTerminal { correlation_id: "native:51700:38", host_generation: 1787052957534, icon_generation: None, terminal: InvalidRequest, message: "notify-icon-owner-or-identity-invalid" }
snapshot-icons=24
dwData=1 cbData=1484 bytes=2334753401000000bc0300003201040000000000050000006500000059113c07430070007500200030000a0054006300630064002000230030003a0020003500
dwData=1 cbData=1484 bytes=2334753401000000bc030000f6090900000000000e000000000000005b0b5c0443005000550020003100360025000d000a00188ab661d49a2000320035002500
terminal=NotifyIconCompatibilityTerminal { correlation_id: "native:5816:38", host_generation: 1787052957534, icon_generation: None, terminal: InvalidRequest, message: "notify-icon-owner-or-identity-invalid" }
terminal=NotifyIconCompatibilityTerminal { correlation_id: "native:51700:38", host_generation: 1787052957534, icon_generation: None, terminal: InvalidRequest, message: "notify-icon-owner-or-identity-invalid" }
snapshot-icons=24
dwData=1 cbData=1484 bytes=2334753401000000bc030000f6090900000000000e000000000000005b0b5c0443005000550020003100360025000d000a00188ab661d49a2000320035002500
terminal=NotifyIconCompatibilityTerminal { correlation_id: "native:51700:38", host_generation: 1787052957534, icon_generation: None, terminal: InvalidRequest, message: "notify-icon-owner-or-identity-invalid" }
snapshot-icons=24
dwData=1 cbData=1484 bytes=2334753401000000bc0300003201040000000000050000006500000059113c07430070007500200030000a0054006300630064002000230030003a0020003500
dwData=1 cbData=1484 bytes=2334753401000000bc030000f6090900000000000e00000000000000e712451543005000550020003100390025000d000a00188ab661d49a2000320035002500
terminal=NotifyIconCompatibilityTerminal { correlation_id: "native:5816:38", host_generation: 1787052957534, icon_generation: None, terminal: InvalidRequest, message: "notify-icon-owner-or-identity-invalid" }
terminal=NotifyIconCompatibilityTerminal { correlation_id: "native:51700:38", host_generation: 1787052957534, icon_generation: None, terminal: InvalidRequest, message: "notify-icon-owner-or-identity-invalid" }
snapshot-icons=24
dwData=1 cbData=1484 bytes=2334753401000000bc030000f6090900000000000e00000000000000e712451543005000550020003100370025000d000a00188ab661d49a2000320035002500
dwData=1 cbData=1484 bytes=2334753401000000bc0300003201040000000000050000006500000059113c07430070007500200030000a0054006300630064002000230030003a0020003500
dwData=1 cbData=1484 bytes=2334753401000000bc030000f6090900000000000e00000000000000e712451543005000550020003100380025000d000a00188ab661d49a2000320035002500
terminal=NotifyIconCompatibilityTerminal { correlation_id: "native:51700:38", host_generation: 1787052957534, icon_generation: None, terminal: InvalidRequest, message: "notify-icon-owner-or-identity-invalid" }
terminal=NotifyIconCompatibilityTerminal { correlation_id: "native:5816:38", host_generation: 1787052957534, icon_generation: None, terminal: InvalidRequest, message: "notify-icon-owner-or-identity-invalid" }
snapshot-icons=24
dwData=1 cbData=1484 bytes=2334753401000000bc030000f6090900000000000e00000000000000e712451543005000550020003100380025000d000a00188ab661d49a2000320035002500
terminal=NotifyIconCompatibilityTerminal { correlation_id: "native:51700:38", host_generation: 1787052957534, icon_generation: None, terminal: InvalidRequest, message: "notify-icon-owner-or-identity-invalid" }
snapshot-icons=24
dwData=1 cbData=1484 bytes=2334753401000000bc0300003201040000000000050000006500000059113c07430070007500200030000a0054006300630064002000230030003a0020003500
dwData=1 cbData=1484 bytes=2334753401000000bc030000f6090900000000000e00000000000000e712451543005000550020003100370025000d000a00188ab661d49a2000320035002500
terminal=NotifyIconCompatibilityTerminal { correlation_id: "native:5816:38", host_generation: 1787052957534, icon_generation: None, terminal: InvalidRequest, message: "notify-icon-owner-or-identity-invalid" }
terminal=NotifyIconCompatibilityTerminal { correlation_id: "native:51700:38", host_generation: 1787052957534, icon_generation: None, terminal: InvalidRequest, message: "notify-icon-owner-or-identity-invalid" }
snapshot-icons=24
dwData=1 cbData=1484 bytes=2334753401000000bc030000f6090900000000000e00000000000000e712451543005000550020003100380025000d000a00188ab661d49a2000320035002500
dwData=1 cbData=1484 bytes=2334753403000000bc03000022123600591b0000870000002580000033000100530075007000650072004400650073006b0074006f007000200063006f006d00
dwData=1 cbData=1484 bytes=2334753402000000bc03000022123600591b0000870000002580000033000100530075007000650072004400650073006b0074006f007000200063006f006d00
terminal=NotifyIconCompatibilityTerminal { correlation_id: "native:51700:39", host_generation: 1787052957534, icon_generation: None, terminal: InvalidRequest, message: "notify-icon-owner-or-identity-invalid" }
terminal=NotifyIconCompatibilityTerminal { correlation_id: "native:8712:39", host_generation: 1787052957534, icon_generation: None, terminal: InvalidRequest, message: "notify-icon-owner-or-identity-invalid" }
terminal=NotifyIconCompatibilityTerminal { correlation_id: "native:8712:39", host_generation: 1787052957534, icon_generation: None, terminal: InvalidRequest, message: "notify-icon-owner-or-identity-invalid" }
snapshot-icons=23
dwData=1 cbData=1484 bytes=2334753401000000bc0300003201040000000000050000006500000059113c07430070007500200030000a0054006300630064002000230030003a0020003400
dwData=1 cbData=1484 bytes=2334753401000000bc030000f6090900000000000e000000000000005b0b5c0443005000550020003100370025000d000a00188ab661d49a2000320035002500
dwData=1 cbData=1484 bytes=2334753401000000bc030000f6090900000000000e00000000000000e712451543005000550020003100390025000d000a00188ab661d49a2000320035002500
terminal=NotifyIconCompatibilityTerminal { correlation_id: "native:5816:39", host_generation: 1787052957534, icon_generation: None, terminal: InvalidRequest, message: "notify-icon-owner-or-identity-invalid" }
terminal=NotifyIconCompatibilityTerminal { correlation_id: "native:51700:39", host_generation: 1787052957534, icon_generation: None, terminal: InvalidRequest, message: "notify-icon-owner-or-identity-invalid" }
snapshot-icons=23
dwData=1 cbData=1484 bytes=2334753401000000bc0300003201040000000000050000006500000059113c07430070007500200030000a0054006300630064002000230030003a0020003500
dwData=1 cbData=1484 bytes=2334753401000000bc030000f6090900000000000e000000000000005b0b5c0443005000550020003100360025000d000a00188ab661d49a2000320035002500
terminal=NotifyIconCompatibilityTerminal { correlation_id: "native:5816:39", host_generation: 1787052957534, icon_generation: None, terminal: InvalidRequest, message: "notify-icon-owner-or-identity-invalid" }
terminal=NotifyIconCompatibilityTerminal { correlation_id: "native:51700:39", host_generation: 1787052957534, icon_generation: None, terminal: InvalidRequest, message: "notify-icon-owner-or-identity-invalid" }
snapshot-icons=23
dwData=1 cbData=1484 bytes=2334753401000000bc030000f6090900000000000e000000000000005b0b5c0443005000550020003100360025000d000a00188ab661d49a2000320035002500
terminal=NotifyIconCompatibilityTerminal { correlation_id: "native:51700:39", host_generation: 1787052957534, icon_generation: None, terminal: InvalidRequest, message: "notify-icon-owner-or-identity-invalid" }
snapshot-icons=23
dwData=1 cbData=1484 bytes=2334753401000000bc0300003201040000000000050000006500000059113c07430070007500200030000a0054006300630064002000230030003a0020003500
dwData=1 cbData=1484 bytes=2334753401000000bc030000f6090900000000000e000000000000005b0b5c0443005000550020003100360025000d000a00188ab661d49a2000320035002500
dwData=1 cbData=1484 bytes=2334753401000000bc030000f6090900000000000e000000000000005b0b5c0443005000550020003100360025000d000a00188ab661d49a2000320035002500
terminal=NotifyIconCompatibilityTerminal { correlation_id: "native:5816:39", host_generation: 1787052957534, icon_generation: None, terminal: InvalidRequest, message: "notify-icon-owner-or-identity-invalid" }
terminal=NotifyIconCompatibilityTerminal { correlation_id: "native:51700:39", host_generation: 1787052957534, icon_generation: None, terminal: InvalidRequest, message: "notify-icon-owner-or-identity-invalid" }
snapshot-icons=23
dwData=1 cbData=1484 bytes=2334753401000000bc0300003201040000000000050000006500000059113c07430070007500200030000a0054006300630064002000230030003a0020003500
dwData=1 cbData=1484 bytes=2334753401000000bc030000f6090900000000000e000000000000005b0b5c0443005000550020003100370025000d000a00188ab661d49a2000320035002500
terminal=NotifyIconCompatibilityTerminal { correlation_id: "native:5816:39", host_generation: 1787052957534, icon_generation: None, terminal: InvalidRequest, message: "notify-icon-owner-or-identity-invalid" }
terminal=NotifyIconCompatibilityTerminal { correlation_id: "native:51700:39", host_generation: 1787052957534, icon_generation: None, terminal: InvalidRequest, message: "notify-icon-owner-or-identity-invalid" }
snapshot-icons=23
dwData=1 cbData=1484 bytes=2334753401000000bc030000f6090900000000000e00000000000000e712451543005000550020003100370025000d000a00188ab661d49a2000320035002500
terminal=NotifyIconCompatibilityTerminal { correlation_id: "native:51700:39", host_generation: 1787052957534, icon_generation: None, terminal: InvalidRequest, message: "notify-icon-owner-or-identity-invalid" }
snapshot-icons=23
dwData=1 cbData=1484 bytes=2334753401000000bc030000320104000000000003000000650000006102ab01430070007500200030000a0054006300630064002000230030003a0020003500
dwData=1 cbData=1484 bytes=2334753401000000bc030000320104000000000005000000650000006102ab01430070007500200030000a0054006300630064002000230030003a0020003500
dwData=1 cbData=1484 bytes=2334753401000000bc030000f6090900000000000e00000000000000e712451543005000550020003100370025000d000a00188ab661d49a2000320035002500
terminal=NotifyIconCompatibilityTerminal { correlation_id: "native:5816:39", host_generation: 1787052957534, icon_generation: None, terminal: InvalidRequest, message: "notify-icon-owner-or-identity-invalid" }
terminal=NotifyIconCompatibilityTerminal { correlation_id: "native:51700:39", host_generation: 1787052957534, icon_generation: None, terminal: InvalidRequest, message: "notify-icon-owner-or-identity-invalid" }
snapshot-icons=23
dwData=1 cbData=1484 bytes=2334753401000000bc030000f6090900000000000e00000000000000e712451543005000550020003100390025000d000a00188ab661d49a2000320035002500
